scenario,year,DA,motor
healthy,0.0,1.0,0.054619798580026115
healthy,0.01923076923076923,0.9999031942921143,0.05461979858001167
healthy,0.03846153846153846,0.9998063979481863,0.05461979858001059
healthy,0.05769230769230769,0.9997096109746999,0.0546197985800243
healthy,0.07692307692307691,0.9996128333707461,0.0546197985800655
healthy,0.09615384615384615,0.9995160651354149,0.05461979858015507
healthy,0.11538461538461538,0.9994193062678016,0.05461979858032002
healthy,0.1346153846153846,0.9993225567670021,0.05461979858059434
healthy,0.15384615384615383,0.9992258166321075,0.05461979858101804
healthy,0.17307692307692307,0.9991290858622129,0.05461979858163746
healthy,0.1923076923076923,0.9990323644564055,0.05461979858250511
healthy,0.21153846153846154,0.998935652413787,0.054619798583679845
healthy,0.23076923076923075,0.9988389497334447,0.05461979858522671
healthy,0.25,0.9987422564144758,0.05461979858721719
healthy,0.2692307692307692,0.9986455724559742,0.05461979858972855
healthy,0.2884615384615385,0.9985488978570276,0.05461979859284457
healthy,0.30769230769230765,0.9984522326167349,0.0546197985966554
healthy,0.32692307692307687,0.9983555767341911,0.054619798601256916
healthy,0.34615384615384615,0.9982589302084911,0.05461979860675186
healthy,0.36538461538461536,0.9981622930387238,0.054619798613248394
healthy,0.3846153846153846,0.9980656652239869,0.054619798620861595
healthy,0.4038461538461538,0.9979690467633763,0.05461979862971194
healthy,0.4230769230769231,0.9978724376559864,0.0546197986399272
healthy,0.4423076923076923,0.9977758379009072,0.054619798651640177
healthy,0.4615384615384615,0.997679247497236,0.05461979866499059
healthy,0.48076923076923067,0.9975826664440682,0.054619798680123885
healthy,0.5,0.9974860947404983,0.054619798697191864
healthy,0.5192307692307692,0.9973895323856252,0.054619798716352336
healthy,0.5384615384615384,0.9972929793785373,0.054619798737769835
healthy,0.5576923076923076,0.9971964357183328,0.05461979876161377
healthy,0.576923076923077,0.9970999014041076,0.05461979878806135
healthy,0.5961538461538461,0.9970033764349574,0.05461979881729444
healthy,0.6153846153846153,0.9969068608099716,0.05461979884950177
healthy,0.6346153846153846,0.9968103545282495,0.05461979888487809
healthy,0.6538461538461537,0.996713857588887,0.05461979892362398
healthy,0.673076923076923,0.9966173699909794,0.054619798965946584
healthy,0.6923076923076923,0.9965208917336231,0.05461979901205872
healthy,0.7115384615384615,0.9964244228159181,0.05461979906217945
healthy,0.7307692307692307,0.9963279632369519,0.05461979911653409
healthy,0.75,0.996231512995824,0.054619799175353735
healthy,0.7692307692307692,0.9961350720916308,0.054619799238875756
healthy,0.7884615384615384,0.9960386405234684,0.05461979930734345
healthy,0.8076923076923076,0.9959422182904327,0.054619799381006244
healthy,0.8269230769230769,0.9958458053916215,0.054619799460119516
healthy,0.8461538461538461,0.9957494018261319,0.05461979954494549
healthy,0.8653846153846153,0.9956530075930552,0.054619799635750775
healthy,0.8846153846153846,0.9955566226914913,0.054619799732809234
healthy,0.9038461538461537,0.9954602471205368,0.05461979983640068
healthy,0.923076923076923,0.9953638808792883,0.05461979994681086
healthy,0.9423076923076923,0.9952675239668427,0.05461980006433122
healthy,0.9615384615384613,0.9951711763822969,0.05461980018925945
healthy,0.9807692307692307,0.9950748381247482,0.05461980032189943
healthy,1.0,0.9949785091932931,0.054619800462560666
healthy,1.0192307692307692,0.9948821895870292,0.05461980061155885
healthy,1.0384615384615383,0.9947858793050539,0.05461980076921572
healthy,1.0576923076923077,0.9946895783464642,0.0546198009358589
healthy,1.0769230769230769,0.9945932867103576,0.054619801111822006
healthy,1.096153846153846,0.9944970043958316,0.05461980129744457
healthy,1.1153846153846152,0.9944007314019844,0.05461980149307212
healthy,1.1346153846153846,0.9943044677279163,0.054619801699056544
healthy,1.153846153846154,0.9942082133727186,0.05461980191575489
healthy,1.173076923076923,0.9941119683354926,0.05461980214353073
healthy,1.1923076923076923,0.9940157326153364,0.05461980238275336
healthy,1.2115384615384615,0.9939195062113477,0.05461980263379815
healthy,1.2307692307692306,0.993823289122625,0.05461980289704627
healthy,1.25,0.9937270813482663,0.0546198031728849
healthy,1.2692307692307692,0.99363088288737,0.05461980346170705
healthy,1.2884615384615383,0.9935346937390347,0.05461980376391171
healthy,1.3076923076923075,0.9934385139023586,0.054619804079903696
healthy,1.3269230769230769,0.9933423433764421,0.05461980441009343
healthy,1.346153846153846,0.9932461821603824,0.054619804754898936
healthy,1.3653846153846152,0.9931500302532762,0.054619805114741384
healthy,1.3846153846153846,0.993053887654224,0.05461980549004958
healthy,1.4038461538461537,0.9929577543623265,0.054619805881257505
healthy,1.423076923076923,0.992861630376682,0.054619806288806666
healthy,1.4423076923076923,0.9927655156963862,0.05461980671314172
healthy,1.4615384615384615,0.9926694103205407,0.05461980715471511
healthy,1.4807692307692306,0.9925733142482449,0.054619807613984495
healthy,1.5,0.9924772274785979,0.05461980809141352
healthy,1.5192307692307692,0.9923811500106996,0.05461980858747166
healthy,1.5384615384615383,0.9922850818436492,0.054619809102634184
healthy,1.5576923076923075,0.9921890229765463,0.0546198096373822
healthy,1.5769230769230769,0.992092973408491,0.05461981019220262
healthy,1.596153846153846,0.9919969331385827,0.054619810767588255
healthy,1.6153846153846152,0.9919009021659215,0.05461981136403775
healthy,1.6346153846153846,0.991804880489607,0.05461981198205519
healthy,1.6538461538461537,0.9917088681087418,0.054619812622150446
healthy,1.673076923076923,0.9916128650224239,0.054619813284841084
healthy,1.6923076923076923,0.9915168712297513,0.054619813970647184
healthy,1.7115384615384615,0.9914208867298264,0.054619814680096954
healthy,1.7307692307692306,0.9913249115217497,0.054619815413723516
healthy,1.7499999999999998,0.9912289456046218,0.05461981617206606
healthy,1.7692307692307692,0.991132988977543,0.05461981695566952
healthy,1.7884615384615383,0.9910370416396164,0.054619817765083706
healthy,1.8076923076923075,0.99094110358994,0.05461981860086706
healthy,1.8269230769230769,0.9908451748276134,0.0546198194635798
healthy,1.846153846153846,0.9907492553517394,0.05461982035379022
healthy,1.8653846153846152,0.9906533451614187,0.05461982127207214
healthy,1.8846153846153846,0.9905574442557556,0.054619822219004244
healthy,1.9038461538461537,0.990461552633846,0.05461982319517321
healthy,1.9230769230769227,0.9903656702947927,0.05461982420116825
healthy,1.9423076923076923,0.9902697972376977,0.054619825237586385
healthy,1.9615384615384615,0.9901739334616627,0.05461982630502981
healthy,1.9807692307692304,0.9900780789657906,0.05461982740410567
healthy,2.0,0.9899822337491825,0.054619828535429724
healthy,2.019230769230769,0.9898863978109366,0.05461982969961917
healthy,2.0384615384615383,0.9897905711501574,0.05461983089729969
healthy,2.057692307692308,0.9896947537659463,0.05461983212910198
healthy,2.0769230769230766,0.98959894565741,0.05461983339566204
healthy,2.096153846153846,0.9895031468236418,0.05461983469762252
healthy,2.1153846153846154,0.9894073572637483,0.05461983603563051
healthy,2.1346153846153846,0.9893115769768317,0.054619837410339614
healthy,2.1538461538461537,0.989215805961997,0.054619838822407965
healthy,2.173076923076923,0.9891200442183428,0.05461984027250234
healthy,2.192307692307692,0.9890242917449712,0.05461984176129092
healthy,2.2115384615384612,0.9889285485409861,0.05461984328945028
healthy,2.2307692307692304,0.9888328146054906,0.054619844857661956
healthy,2.25,0.9887370899375869,0.054619846466613074
healthy,2.269230769230769,0.9886413745363783,0.054619848116996335
healthy,2.2884615384615383,0.9885456684009675,0.054619849809510235
healthy,2.307692307692308,0.9884499715304575,0.054619851544858725
healthy,2.3269230769230766,0.9883542839239519,0.05461985332375136
healthy,2.346153846153846,0.9882586055805532,0.05461985514690325
healthy,2.365384615384615,0.9881629364993652,0.05461985701503534
healthy,2.3846153846153846,0.9880672766794908,0.05461985892887376
healthy,2.4038461538461537,0.9879716261200336,0.05461986088915059
healthy,2.423076923076923,0.9878759848200973,0.05461986289660323
healthy,2.442307692307692,0.9877803527787856,0.05461986495197486
healthy,2.4615384615384612,0.987684729995202,0.05461986705601398
healthy,2.4807692307692304,0.9875891164684502,0.05461986920947486
healthy,2.5,0.9874935121976345,0.054619871413117214
healthy,2.519230769230769,0.9873979171818582,0.054619873667706174
healthy,2.5384615384615383,0.9873023314202262,0.05461987597401284
healthy,2.557692307692308,0.9872067549118421,0.05461987833281335
healthy,2.5769230769230766,0.9871111876558101,0.05461988074488964
healthy,2.596153846153846,0.9870156296512347,0.054619883211029015
healthy,2.615384615384615,0.9869200808972203,0.054619885732024566
healthy,2.6346153846153846,0.9868245413928716,0.05461988830867455
healthy,2.6538461538461537,0.9867290111372928,0.054619890941782996
healthy,2.673076923076923,0.9866334901295912,0.054619893632158294
healthy,2.692307692307692,0.9865379783688684,0.05461989638061838
healthy,2.7115384615384612,0.9864424758542282,0.05461989918798054
healthy,2.7307692307692304,0.9863469825847786,0.05461990205507082
healthy,2.75,0.9862514985596244,0.05461990498272355
healthy,2.769230769230769,0.9861560237778668,0.054619907971772526
healthy,2.7884615384615383,0.9860605582386139,0.054619911023061095
healthy,2.8076923076923075,0.9859651019409709,0.05461991413743697
healthy,2.8269230769230766,0.985869654884043,0.05461991731575337
healthy,2.846153846153846,0.9857742170669357,0.05461992055886907
healthy,2.865384615384615,0.9856787884887545,0.05461992386764808
healthy,2.8846153846153846,0.9855833691486053,0.05461992724295996
healthy,2.9038461538461537,0.9854879590455933,0.054619930685679656
healthy,2.923076923076923,0.9853925581788248,0.054619934196687696
healthy,2.942307692307692,0.9852971665474094,0.05461993777686956
healthy,2.9615384615384612,0.9852017841504452,0.054619941427117194
healthy,2.9807692307692304,0.985106410987042,0.05461994514832668
healthy,3.0,0.9850110470563058,0.05461994894140013
healthy,3.019230769230769,0.9849156923573436,0.05461995280724518
healthy,3.0384615384615383,0.9848203468892609,0.05461995674677456
healthy,3.0576923076923075,0.9847250106511646,0.05461996076090659
healthy,3.0769230769230766,0.984629683642161,0.05461996485056485
healthy,3.096153846153846,0.9845343658613566,0.05461996901667837
healthy,3.115384615384615,0.9844390573078582,0.054619973260181455
healthy,3.1346153846153846,0.9843437579807723,0.05461997758201391
healthy,3.1538461538461537,0.9842484678792062,0.05461998198312081
healthy,3.173076923076923,0.9841531870022663,0.054619986464452645
healthy,3.192307692307692,0.98405791534906,0.05461999102696514
healthy,3.2115384615384612,0.9839626529186943,0.05461999567161953
healthy,3.2307692307692304,0.9838673997102761,0.054620000399382196
healthy,3.2499999999999996,0.983772155722913,0.054620005211225
healthy,3.269230769230769,0.9836769209557124,0.0546200101081251
healthy,3.2884615384615383,0.9835816954077812,0.05462001509106497
healthy,3.3076923076923075,0.9834864790782274,0.05462002016103244
healthy,3.3269230769230766,0.9833912719661584,0.05462002531902056
healthy,3.346153846153846,0.9832960740706821,0.05462003056602766
healthy,3.365384615384615,0.9832008853909063,0.054620035903057536
healthy,3.3846153846153846,0.9831057059259387,0.0546200413311192
healthy,3.4038461538461537,0.9830105356748869,0.05462004685122679
healthy,3.423076923076923,0.9829153746368597,0.054620052464400055
healthy,3.442307692307692,0.9828202228109648,0.05462005817166378
healthy,3.4615384615384612,0.9827250801963104,0.054620063974048026
healthy,3.4807692307692304,0.9826299467920051,0.05462006987258827
healthy,3.4999999999999996,0.9825348225971569,0.05462007586832506
healthy,3.519230769230769,0.9824397076108745,0.05462008196230441
healthy,3.5384615384615383,0.9823446018322664,0.05462008815557742
healthy,3.5576923076923075,0.9822495052604411,0.05462009444920055
healthy,3.5769230769230766,0.9821544178945073,0.054620100844235304
healthy,3.596153846153846,0.982059339733574,0.054620107341748714
healthy,3.615384615384615,0.9819642707767502,0.05462011394281279
healthy,3.6346153846153846,0.9818692110231447,0.05462012064850493
healthy,3.6538461538461537,0.9817741604718667,0.05462012745990771
healthy,3.673076923076923,0.9816791191220253,0.0546201343781087
healthy,3.692307692307692,0.9815840869727297,0.05462014140420117
healthy,3.7115384615384612,0.9814890640230892,0.054620148539282994
healthy,3.7307692307692304,0.9813940502722135,0.05462015578445772
healthy,3.75,0.9812990457192119,0.0546201631408339
healthy,3.769230769230769,0.981204050363194,0.05462017060952531
healthy,3.7884615384615383,0.9811090642032695,0.0546201781916508
healthy,3.8076923076923075,0.9810140872385481,0.054620185888334456
healthy,3.826923076923076,0.9809191194681398,0.05462019370070559
healthy,3.8461538461538454,0.9808241608911543,0.05462020162989867
healthy,3.8653846153846154,0.9807292115067019,0.05462020967705335
healthy,3.8846153846153846,0.9806342713138926,0.05462021784331423
healthy,3.9038461538461537,0.9805393403118363,0.05462022612983133
healthy,3.923076923076923,0.9804444184996436,0.05462023453775969
healthy,3.942307692307692,0.9803495058764249,0.054620243068259404
healthy,3.961538461538461,0.9802546024412907,0.05462025172249583
healthy,3.980769230769231,0.9801597081933512,0.054620260501639414
healthy,4.0,0.9800648231317172,0.054620269406865804
healthy,4.019230769230769,0.9799699472554996,0.05462027843935554
healthy,4.038461538461538,0.979875080563809,0.054620287600294505
healthy,4.0576923076923075,0.9797802230557565,0.05462029689087348
healthy,4.076923076923077,0.9796853747304529,0.05462030631228854
healthy,4.096153846153846,0.9795905355870093,0.05462031586574087
healthy,4.115384615384616,0.9794957056245367,0.05462032555243649
healthy,4.134615384615384,0.9794008848421466,0.05462033537358673
healthy,4.153846153846153,0.97930607323895,0.0546203453304079
healthy,4.1730769230769225,0.9792112708140587,0.05462035542412153
healthy,4.192307692307692,0.9791164775665836,0.05462036565595402
healthy,4.211538461538461,0.9790216934956368,0.054620376027136916
healthy,4.230769230769231,0.9789269186003299,0.05462038653890684
healthy,4.25,0.9788321528797743,0.05462039719250546
healthy,4.269230769230769,0.9787373963330821,0.05462040798917946
healthy,4.288461538461538,0.9786426489593651,0.054620418930180555
healthy,4.3076923076923075,0.9785479107577356,0.054620430016765587
healthy,4.326923076923077,0.9784531817273053,0.05462044125019638
healthy,4.346153846153846,0.9783584618671866,0.054620452631739765
healthy,4.365384615384616,0.9782637511764918,0.05462046416266755
healthy,4.384615384615384,0.9781690496543329,0.05462047584425672
healthy,4.403846153846153,0.978074357299823,0.054620487677789015
healthy,4.4230769230769225,0.977979674112074,0.05462049966455147
healthy,4.442307692307692,0.9778850000901985,0.05462051180583589
healthy,4.461538461538461,0.9777903352333097,0.05462052410293919
healthy,4.48076923076923,0.9776956795405197,0.054620536557163285
healthy,4.5,0.9776010330109421,0.054620549169814916
healthy,4.519230769230769,0.9775063956436895,0.05462056194220604
healthy,4.538461538461538,0.977411767437875,0.05462057487565343
healthy,4.5576923076923075,0.9773171483926114,0.0546205879714788
healthy,4.576923076923077,0.9772225385070122,0.054620601231009036
healthy,4.596153846153846,0.9771279377801908,0.054620614655575626
healthy,4.615384615384616,0.9770333462112603,0.0546206282465154
healthy,4.634615384615384,0.9769387637993343,0.05462064200516986
healthy,4.653846153846153,0.9768441905435264,0.05462065593288568
healthy,4.6730769230769225,0.97674962644295,0.0546206700310142
healthy,4.692307692307692,0.9766550714967189,0.05462068430091191
healthy,4.711538461538461,0.9765605257039472,0.05462069874394003
healthy,4.73076923076923,0.9764659890637487,0.05462071336146491
healthy,4.75,0.9763714615752371,0.05462072815485766
healthy,4.769230769230769,0.9762769432375268,0.0546207431254944
healthy,4.788461538461538,0.9761824340497317,0.0546207582747561
healthy,4.8076923076923075,0.9760879340109662,0.05462077360402866
healthy,4.826923076923077,0.9759934431203444,0.05462078911470283
healthy,4.846153846153846,0.975898961376981,0.05462080480817431
healthy,4.865384615384616,0.9758044887799903,0.0546208206858436
healthy,4.884615384615384,0.9757100253284869,0.05462083674911615
healthy,4.903846153846153,0.9756155710215856,0.05462085299940229
healthy,4.9230769230769225,0.9755211258584009,0.05462086943811716
healthy,4.942307692307692,0.9754266898380477,0.05462088606668084
healthy,4.961538461538461,0.975332262959641,0.05462090288651819
healthy,4.98076923076923,0.9752378452222958,0.05462091989905893
healthy,5.0,0.9751434366251274,0.054620937105737774
healthy,5.019230769230769,0.9750490371672506,0.054620954507994
healthy,5.038461538461538,0.9749546468477809,0.05462097210727202
healthy,5.0576923076923075,0.9748602656658334,0.05462098990502084
healthy,5.076923076923077,0.9747658936205239,0.054621007902694495
healthy,5.096153846153846,0.9746715307109676,0.05462102610175167
healthy,5.115384615384616,0.9745771769362803,0.05462104450365596
healthy,5.134615384615384,0.9744828322955779,0.054621063109875724
healthy,5.153846153846153,0.9743884967879758,0.054621081921884196
healthy,5.1730769230769225,0.9742941704125899,0.054621100941159406
healthy,5.192307692307692,0.9741998531685362,0.054621120169184016
healthy,5.211538461538461,0.9741055450549307,0.05462113960744573
healthy,5.23076923076923,0.9740112460708898,0.054621159257436894
healthy,5.25,0.9739169562155295,0.054621179120654645
healthy,5.269230769230769,0.9738226754879661,0.05462119919860084
healthy,5.288461538461538,0.9737284038873159,0.05462121949278225
healthy,5.3076923076923075,0.9736341414126953,0.054621240004710296
healthy,5.326923076923077,0.9735398880632212,0.05462126073590129
healthy,5.346153846153846,0.9734456438380099,0.05462128168787606
healthy,5.365384615384616,0.9733514087361783,0.05462130286216046
healthy,5.384615384615384,0.973257182756843,0.05462132426028491
healthy,5.403846153846153,0.9731629658991212,0.054621345883784575
healthy,5.4230769230769225,0.9730687581621296,0.05462136773419952
healthy,5.442307692307692,0.9729745595449854,0.05462138981307429
healthy,5.461538461538461,0.9728803700468056,0.05462141212195838
healthy,5.48076923076923,0.9727861896667075,0.05462143466240593
healthy,5.5,0.9726920184038087,0.05462145743597565
healthy,5.519230769230769,0.972597856257226,0.0546214804442312
healthy,5.538461538461538,0.9725037032260775,0.05462150368874082
healthy,5.5576923076923075,0.9724095593094805,0.05462152717107733
healthy,5.576923076923077,0.9723154245065527,0.054621550892818484
healthy,5.596153846153846,0.9722212988164117,0.054621574855546626
healthy,5.615384615384615,0.9721271822381756,0.054621599060848625
healthy,5.634615384615384,0.9720330747709621,0.054621623510316325
healthy,5.653846153846153,0.9719389764138894,0.05462164820554602
healthy,5.6730769230769225,0.9718448871660753,0.054621673148138795
healthy,5.692307692307692,0.9717508070266383,0.05462169833970031
healthy,5.711538461538461,0.9716567359946965,0.05462172378184093
healthy,5.73076923076923,0.971562674069368,0.05462174947617563
healthy,5.75,0.9714686212497717,0.05462177542432409
healthy,5.769230769230769,0.971374577535026,0.054621801627910624
healthy,5.788461538461538,0.9712805429242491,0.054621828088564105
healthy,5.8076923076923075,0.9711865174165599,0.05462185480791822
healthy,5.826923076923077,0.9710925010110774,0.05462188178761115
healthy,5.846153846153846,0.9709984937069202,0.0546219090292856
healthy,5.865384615384615,0.9709044955032073,0.054621936534589174
healthy,5.884615384615384,0.9708105063990577,0.05462196430517377
healthy,5.903846153846153,0.9707165263935909,0.05462199234269622
healthy,5.9230769230769225,0.9706225554859254,0.054622020648817604
healthy,5.942307692307692,0.9705285936751809,0.054622049225203965
healthy,5.961538461538461,0.9704346409604766,0.05462207807352563
healthy,5.98076923076923,0.970340697340932,0.05462210719545767
healthy,6.0,0.970246762815667,0.054622136592679726
healthy,6.019230769230769,0.9701528373838006,0.054622166266876084
healthy,6.038461538461538,0.970058921044453,0.05462219621973539
healthy,6.0576923076923075,0.9699650137967438,0.05462222645295114
healthy,6.076923076923077,0.9698711156397929,0.054622256968221046
healthy,6.096153846153846,0.9697772265727203,0.05462228776724768
healthy,6.115384615384615,0.9696833465946457,0.05462231885173815
healthy,6.134615384615384,0.9695894757046898,0.05462235022340387
healthy,6.153846153846153,0.9694956139019726,0.054622381883961076
healthy,6.1730769230769225,0.969401761185614,0.05462241383513038
healthy,6.192307692307692,0.9693079175547352,0.054622446078636935
healthy,6.211538461538461,0.969214083008456,0.054622478616210446
healthy,6.23076923076923,0.9691202575458971,0.05462251144958516
healthy,6.25,0.9690264411661791,0.05462254458049984
healthy,6.269230769230769,0.968932633868423,0.05462257801069781
healthy,6.288461538461538,0.9688388356517493,0.05462261174192679
healthy,6.3076923076923075,0.9687450465152794,0.05462264577593906
healthy,6.326923076923077,0.9686512664581337,0.05462268011449137
healthy,6.346153846153846,0.9685574954794334,0.05462271475934506
healthy,6.365384615384615,0.9684637335783,0.05462274971226578
healthy,6.384615384615384,0.9683699807538544,0.05462278497502378
healthy,6.403846153846153,0.9682762370052179,0.054622820549393915
healthy,6.4230769230769225,0.9681825023315122,0.054622856437155184
healthy,6.442307692307692,0.9680887767318584,0.05462289264009142
healthy,6.461538461538461,0.9679950602053785,0.05462292915999066
healthy,6.48076923076923,0.9679013527511942,0.05462296599864545
healthy,6.499999999999999,0.9678076543684266,0.054623003157852894
healthy,6.519230769230769,0.9677139650561987,0.05462304063941394
healthy,6.538461538461538,0.9676202848136352,0.05462307844513674
healthy,6.5576923076923075,0.9675266136398505,0.05462311657682902
healthy,6.576923076923077,0.9674329515339708,0.054623155036305694
healthy,6.596153846153846,0.9673392984951182,0.054623193825386995
healthy,6.615384615384615,0.967245654522415,0.05462323294589678
healthy,6.634615384615384,0.9671520196149835,0.05462327239966269
healthy,6.653846153846153,0.9670583937719462,0.05462331218851731
healthy,6.6730769230769225,0.966964776992426,0.054623352314297505
healthy,6.692307692307692,0.966871169275545,0.05462339277884451
healthy,6.711538461538461,0.9667775706204258,0.05462343358400415
healthy,6.73076923076923,0.9666839810261915,0.05462347473162641
healthy,6.749999999999999,0.9665904004919649,0.05462351622356587
healthy,6.769230769230769,0.9664968290168692,0.05462355806168022
healthy,6.788461538461538,0.9664032666000303,0.05462360024783595
healthy,6.8076923076923075,0.966309713240564,0.05462364278389764
healthy,6.826923076923077,0.9662161689375979,0.05462368567173814
healthy,6.846153846153846,0.9661226336902549,0.05462372891323399
healthy,6.865384615384615,0.9660291074976584,0.054623772510265726
healthy,6.884615384615384,0.9659355903589318,0.05462381646471855
healthy,6.903846153846153,0.9658420822732026,0.05462386077848024
healthy,6.9230769230769225,0.9657485832395876,0.0546239054534506
healthy,6.942307692307692,0.9656550932572124,0.05462395049152055
healthy,6.961538461538461,0.965561612325202,0.05462399589459472
healthy,6.98076923076923,0.96546814044268,0.05462404166458093
healthy,6.999999999999999,0.9653746776087706,0.05462408780339026
healthy,7.019230769230769,0.9652812238225977,0.05462413431293763
healthy,7.038461538461538,0.9651877790832853,0.05462418119514297
healthy,7.0576923076923075,0.9650943433899576,0.05462422845193031
healthy,7.076923076923077,0.965000916741739,0.054624276085228116
healthy,7.096153846153846,0.9649074991377542,0.054624324096968956
healthy,7.115384615384615,0.9648140905771273,0.054624372489089766
healthy,7.134615384615384,0.9647206910589827,0.05462442126353187
healthy,7.153846153846153,0.9646273005824454,0.05462447042224074
healthy,7.1730769230769225,0.96453391914664,0.054624519967166364
healthy,7.192307692307692,0.9644405467506912,0.05462456990026275
healthy,7.211538461538461,0.964347183393724,0.054624620223488206
healthy,7.23076923076923,0.9642538290748635,0.05462467093880556
healthy,7.249999999999999,0.9641604837932344,0.05462472204818154
healthy,7.269230769230769,0.9640671475479621,0.05462477355358752
healthy,7.288461538461538,0.9639738203381719,0.054624825456998746
healthy,7.3076923076923075,0.963880502162989,0.0546248777603951
healthy,7.326923076923077,0.9637871930215387,0.05462493046576032
healthy,7.346153846153846,0.9636938929129466,0.05462498357508264
healthy,7.365384615384615,0.9636006018363428,0.05462503709035425
healthy,7.384615384615384,0.963507319790844,0.054625091013572435
healthy,7.403846153846153,0.9634140467755803,0.05462514534673744
healthy,7.4230769230769225,0.9633207827896774,0.054625200091854495
healthy,7.442307692307692,0.9632275278322613,0.05462525525093284
healthy,7.461538461538461,0.9631342819024581,0.05462531082598606
healthy,7.480769230769231,0.9630410449993939,0.05462536681903189
healthy,7.5,0.9629478171221948,0.0546254232320922
healthy,7.519230769230769,0.9628545982699871,0.05462548006719311
healthy,7.538461538461538,0.9627613884418968,0.054625537326364874
healthy,7.5576923076923075,0.962668187637051,0.054625595011642034
healthy,7.576923076923077,0.9625749958545755,0.05462565312506316
healthy,7.596153846153846,0.962481813093597,0.05462571166867133
healthy,7.615384615384615,0.9623886393532426,0.05462577064451323
healthy,7.634615384615384,0.9622954746326386,0.054625830054640355
healthy,7.653846153846152,0.9622023189309122,0.054625889901107824
healthy,7.673076923076922,0.9621091722471901,0.05462595018597535
healthy,7.692307692307691,0.9620160345806033,0.05462601091130543
healthy,7.711538461538462,0.9619229059302714,0.05462607207916906
healthy,7.730769230769231,0.9618297862953246,0.05462613369163504
healthy,7.75,0.9617366756748905,0.05462619575078047
healthy,7.769230769230769,0.9616435740680968,0.0546262582586856
healthy,7.788461538461538,0.9615504814740707,0.05462632121743488
healthy,7.8076923076923075,0.9614573978919442,0.05462638462911649
healthy,7.826923076923077,0.9613643233208361,0.0546264484958237
healthy,7.846153846153846,0.9612712577598782,0.05462651281965267
healthy,7.865384615384615,0.9611782012081986,0.05462657760270432
healthy,7.884615384615384,0.9610851536649251,0.054626642847083774
healthy,7.903846153846152,0.9609921151291855,0.05462670855489992
healthy,7.923076923076922,0.960899085600108,0.054626774728266
healthy,7.942307692307691,0.9608060650768205,0.05462684136929917
healthy,7.961538461538462,0.9607130535584514,0.05462690848012075
healthy,7.980769230769231,0.9606200510441288,0.054626976062856256
healthy,8.0,0.9605270575329811,0.05462704411963503
healthy,8.019230769230768,0.9604340730241367,0.054627112652590716
healthy,8.038461538461538,0.9603410975167246,0.05462718166386087
healthy,8.057692307692307,0.9602481310098726,0.054627251155587274
healthy,8.076923076923077,0.9601551735027098,0.054627321129915724
healthy,8.096153846153845,0.960062224994365,0.05462739158899578
healthy,8.115384615384615,0.9599692854839669,0.05462746253498157
healthy,8.134615384615383,0.9598763549706448,0.05462753397003081
healthy,8.153846153846153,0.9597834334535275,0.05462760589630559
healthy,8.173076923076922,0.9596905209317442,0.05462767831597181
healthy,8.192307692307692,0.9595976174044264,0.05462775123119686
healthy,8.211538461538462,0.9595047228707008,0.054627824644162604
healthy,8.230769230769232,0.9594118373296947,0.05462789855703931
healthy,8.25,0.9593189607805398,0.054627972972011676
healthy,8.269230769230768,0.9592260932223655,0.0546280478912658
healthy,8.288461538461538,0.9591332346543062,0.05462812331699213
healthy,8.307692307692307,0.9590403850754827,0.05462819925138476
healthy,8.326923076923077,0.9589475444850293,0.0546282756966404
healthy,8.346153846153845,0.9588547128820754,0.054628352654961534
healthy,8.365384615384615,0.958761890265751,0.05462843012855576
healthy,8.384615384615383,0.9586690766351866,0.05462850811963236
healthy,8.403846153846153,0.9585762719895122,0.05462858663040522
healthy,8.423076923076922,0.9584834763278577,0.05462866566309252
healthy,8.442307692307692,0.9583906896493577,0.054628745219914766
healthy,8.461538461538462,0.9582979119531351,0.05462882530310335
healthy,8.480769230769232,0.958205143238323,0.05462890591488159
healthy,8.5,0.9581123835040528,0.054628987057484854
healthy,8.519230769230768,0.9580196327494549,0.05462906873315332
healthy,8.538461538461538,0.9579268909736605,0.054629150944127486
healthy,8.557692307692307,0.9578341581758033,0.05462923369265135
healthy,8.576923076923077,0.9577414343550084,0.05462931698098012
healthy,8.596153846153845,0.9576487195104082,0.054629400811361764
healthy,8.615384615384615,0.9575560136411351,0.05462948518605578
healthy,8.634615384615383,0.9574633167463199,0.054629570107323604
healthy,8.653846153846153,0.9573706288250938,0.054629655577430526
healthy,8.673076923076922,0.9572779498765882,0.054629741598646
healthy,8.692307692307692,0.9571852798999345,0.054629828173243175
healthy,8.711538461538462,0.9570926188942686,0.054629915303498144
healthy,8.730769230769232,0.9569999668587135,0.054630002991694744
healthy,8.75,0.9569073237924046,0.054630091240115114
healthy,8.769230769230768,0.9568146896944743,0.05463018005104905
healthy,8.788461538461538,0.9567220645640538,0.054630269426789176
healthy,8.807692307692307,0.9566294484002755,0.05463035936963165
healthy,8.826923076923077,0.9565368412022753,0.05463044988187814
healthy,8.846153846153845,0.9564442429691772,0.05463054096583195
healthy,8.865384615384615,0.956351653700117,0.05463063262380147
healthy,8.884615384615383,0.9562590733942273,0.054630724858098764
healthy,8.903846153846153,0.9561665020506414,0.05463081767103755
healthy,8.923076923076922,0.9560739396684927,0.05463091106494445
healthy,8.942307692307692,0.9559813862469084,0.05463100504213632
healthy,8.96153846153846,0.9558888417850243,0.0546310996049429
healthy,8.980769230769232,0.955796306281973,0.05463119475569542
healthy,9.0,0.9557037797368871,0.05463129049672916
healthy,9.019230769230768,0.9556112621488997,0.05463138683038302
healthy,9.038461538461538,0.9555187535171434,0.054631483758999885
healthy,9.057692307692307,0.9554262538407516,0.054631581284926435
healthy,9.076923076923077,0.9553337631188573,0.05463167941051305
healthy,9.096153846153845,0.9552412813505933,0.05463177813811408
healthy,9.115384615384615,0.955148808535093,0.05463187747008769
healthy,9.134615384615383,0.9550563446714898,0.05463197740879572
healthy,9.153846153846153,0.954963889758917,0.05463207795660379
healthy,9.173076923076922,0.9548714437965082,0.05463217911588157
healthy,9.192307692307692,0.9547790067833968,0.054632280889002245
healthy,9.21153846153846,0.9546865787187182,0.054632383278340184
healthy,9.230769230769232,0.9545941596016062,0.05463248628628459
healthy,9.25,0.9545017494311899,0.05463258991521172
healthy,9.269230769230768,0.954409348206606,0.05463269416751287
healthy,9.288461538461538,0.9543169559269928,0.05463279904557885
healthy,9.307692307692307,0.9542245725914772,0.05463290455180953
healthy,9.326923076923077,0.9541321981991954,0.05463301068860077
healthy,9.346153846153845,0.954039832749283,0.05463311745835734
healthy,9.365384615384615,0.9539474762408745,0.0546332248634865
healthy,9.384615384615383,0.9538551286731038,0.054633332906399185
healthy,9.403846153846153,0.9537627900451059,0.0546334415895102
healthy,9.423076923076922,0.9536704603560148,0.054633550915237826
healthy,9.442307692307692,0.9535781396049651,0.05463366088600445
healthy,9.46153846153846,0.9534858277910957,0.054633771504235734
healthy,9.480769230769232,0.9533935249135367,0.054633882772359824
healthy,9.5,0.9533012309714212,0.05463399469281716
healthy,9.519230769230768,0.9532089459638862,0.05463410726803604
healthy,9.538461538461538,0.9531166698900674,0.054634220500459484
healthy,9.557692307692307,0.9530244027491,0.05463433439253445
healthy,9.576923076923077,0.9529321445401226,0.05463444894670692
healthy,9.596153846153845,0.9528398952622636,0.054634564165431825
healthy,9.615384615384615,0.9527476549146622,0.05463468005116167
healthy,9.634615384615383,0.9526554234964533,0.05463479660635689
healthy,9.653846153846153,0.9525632010067765,0.054634913833479425
healthy,9.673076923076922,0.9524709874447601,0.054635031735000124
healthy,9.692307692307692,0.9523787828095436,0.054635150313383944
healthy,9.71153846153846,0.9522865871002637,0.05463526957110321
healthy,9.730769230769232,0.9521944003160571,0.05463538951064576
healthy,9.75,0.9521022224560554,0.05463551013448419
healthy,9.769230769230768,0.9520100535193974,0.05463563144510588
healthy,9.788461538461538,0.9519178935052229,0.05463575344499794
healthy,9.807692307692307,0.9518257424126609,0.05463587613665756
healthy,9.826923076923077,0.9517336002408515,0.05463599952257573
healthy,9.846153846153845,0.9516414669889336,0.05463612360525142
healthy,9.865384615384615,0.9515493426560389,0.05463624838719486
healthy,9.884615384615383,0.9514572272413052,0.05463637387090584
healthy,9.903846153846153,0.9513651207438703,0.05463650005889725
healthy,9.923076923076922,0.9512730231628708,0.05463662695368317
healthy,9.942307692307692,0.9511809344974435,0.05463675455778128
healthy,9.96153846153846,0.9510888547467289,0.05463688287371235
healthy,9.980769230769232,0.9509967839098568,0.05463701190400335
healthy,10.0,0.9509047219859679,0.05463714165118068
healthy,10.019230769230768,0.9508126689742009,0.054637272117774256
healthy,10.038461538461538,0.9507206248736922,0.05463740330633024
healthy,10.057692307692307,0.9506285896835763,0.05463753521937623
healthy,10.076923076923077,0.9505365634029931,0.05463766785945956
healthy,10.096153846153845,0.9504445460310796,0.05463780122912533
healthy,10.115384615384615,0.9503525375669772,0.0546379353309258
healthy,10.134615384615383,0.9502605380098162,0.05463807016741504
healthy,10.153846153846153,0.9501685473587386,0.054638205741148485
healthy,10.173076923076922,0.9500765656128816,0.0546383420546877
healthy,10.192307692307692,0.9499845927713831,0.05463847911059692
healthy,10.21153846153846,0.9498926288333848,0.054638616911442096
healthy,10.230769230769232,0.9498006737980181,0.054638755459800695
healthy,10.25,0.9497087276644242,0.05463889475824175
healthy,10.269230769230768,0.9496167904317413,0.054639034809345954
healthy,10.288461538461538,0.949524862099108,0.054639175615695354
healthy,10.307692307692307,0.9494329426656629,0.0546393171798757
healthy,10.326923076923077,0.9493410321305444,0.05463945950447597
healthy,10.346153846153845,0.949249130492891,0.05463960259208906
healthy,10.365384615384615,0.9491572377518412,0.05463974644531109
healthy,10.384615384615383,0.949065353906534,0.05463989106674183
healthy,10.403846153846153,0.948973478956108,0.05464003645898457
healthy,10.423076923076922,0.9488816128997023,0.05464018262464607
healthy,10.442307692307692,0.9487897557364561,0.05464032956633663
healthy,10.46153846153846,0.9486979074655082,0.054640477286669986
healthy,10.480769230769232,0.9486060680859978,0.05464062578826348
healthy,10.5,0.9485142375970641,0.05464077507373786
healthy,10.519230769230768,0.9484224159978477,0.05464092514571523
healthy,10.538461538461538,0.9483306032874884,0.054641076006831144
healthy,10.557692307692307,0.9482387994651217,0.05464122765970767
healthy,10.576923076923077,0.9481470045298898,0.054641380106981774
healthy,10.596153846153845,0.9480552184809354,0.05464153335129207
healthy,10.615384615384615,0.9479634413173921,0.0546416873952847
healthy,10.634615384615383,0.9478716730384024,0.05464184224159924
healthy,10.653846153846153,0.9477799136431069,0.05464199789288602
healthy,10.673076923076922,0.9476881631306452,0.05464215435179708
healthy,10.692307692307692,0.9475964215001574,0.05464231162098783
healthy,10.71153846153846,0.9475046887507838,0.054642469703117195
healthy,10.730769230769232,0.9474129648816644,0.05464262860084745
healthy,10.75,0.9473212498919398,0.0546427883168445
healthy,10.769230769230768,0.9472295437807504,0.054642948853777386
healthy,10.788461538461538,0.9471378465472405,0.05464311021431732
healthy,10.807692307692307,0.9470461581905433,0.05464327240114503
healthy,10.826923076923077,0.9469544787098028,0.0546434354169352
healthy,10.846153846153845,0.9468628081041635,0.054643599264369964
healthy,10.865384615384615,0.9467711463727597,0.05464376394614437
healthy,10.884615384615383,0.946679493514735,0.054643929464937784
healthy,10.903846153846153,0.9465878495292309,0.05464409582344644
healthy,10.923076923076922,0.9464962144153916,0.05464426302436591
healthy,10.942307692307692,0.9464045881723522,0.05464443107040292
healthy,10.96153846153846,0.9463129707992599,0.0546445999642519
healthy,10.98076923076923,0.9462213622952494,0.054644769708627805
healthy,11.0,0.9461297626594657,0.05464494030623333
healthy,11.019230769230768,0.9460381718910499,0.05464511175978333
healthy,11.038461538461538,0.945946589989148,0.054645284071996446
healthy,11.057692307692307,0.9458550169528954,0.05464545724559209
healthy,11.076923076923077,0.9457634527814366,0.054645631283298544
healthy,11.096153846153845,0.9456718974739107,0.054645806187835676
healthy,11.115384615384615,0.9455803510294626,0.05464598196193441
healthy,11.134615384615383,0.9454888134472358,0.05464615860833567
healthy,11.153846153846153,0.9453972847263672,0.05464633612976792
healthy,11.173076923076922,0.9453057648660019,0.05464651452897438
healthy,11.192307692307692,0.9452142538652829,0.054646693808695294
healthy,11.21153846153846,0.945122751723354,0.054646873971687215
healthy,11.23076923076923,0.9450312584393562,0.05464705502069116
healthy,11.25,0.9449397740124273,0.05464723695846612
healthy,11.269230769230768,0.9448482984417139,0.05464741978776587
healthy,11.288461538461538,0.9447568317263622,0.054647603511349445
healthy,11.307692307692307,0.9446653738655079,0.05464778813198875
healthy,11.326923076923077,0.9445739248582968,0.05464797365244082
healthy,11.346153846153845,0.9444824847038723,0.05464816007547818
healthy,11.365384615384615,0.9443910534013774,0.05464834740387713
healthy,11.384615384615383,0.9442996309499552,0.054648535640413096
healthy,11.403846153846153,0.9442082173487516,0.054648724787863485
healthy,11.423076923076922,0.9441168125969052,0.05464891484901955
healthy,11.442307692307692,0.9440254166935637,0.05464910582665815
healthy,11.46153846153846,0.9439340296378649,0.05464929772357731
healthy,11.48076923076923,0.9438426514289548,0.05464949054256471
healthy,11.5,0.9437512820659816,0.054649684286418435
healthy,11.519230769230768,0.9436599215480841,0.0546498789579365
healthy,11.538461538461538,0.9435685698744046,0.0546500745599287
healthy,11.557692307692307,0.9434772270440884,0.05465027109519383
healthy,11.576923076923077,0.9433858930562826,0.05465046856654081
healthy,11.596153846153845,0.9432945679101279,0.05465066697679196
healthy,11.615384615384615,0.9432032516047717,0.054650866328753316
healthy,11.634615384615383,0.943111944139352,0.05465106662524834
healthy,11.653846153846153,0.9430206455130205,0.05465126786909691
healthy,11.673076923076922,0.942929355724914,0.05465147006312977
healthy,11.692307692307692,0.942838074774181,0.05465167321017121
healthy,11.71153846153846,0.9427468026599656,0.054651877313054854
healthy,11.73076923076923,0.942655539381414,0.054652082374612956
healthy,11.75,0.9425642849376699,0.054652288397693684
healthy,11.769230769230768,0.9424730393278754,0.05465249538512928
healthy,11.788461538461538,0.9423818025511775,0.05465270333976787
healthy,11.807692307692307,0.942290574606721,0.05465291226445774
healthy,11.826923076923077,0.9421993554936509,0.05465312216205024
healthy,11.846153846153845,0.9421081452111124,0.05465333303540009
healthy,11.865384615384615,0.9420169437582504,0.05465354488736497
healthy,11.884615384615383,0.9419257511342104,0.05465375772080601
healthy,11.903846153846153,0.9418345673381375,0.05465397153858732
healthy,11.923076923076922,0.9417433923691771,0.05465418634357629
healthy,11.942307692307692,0.9416522262264775,0.05465440213864039
healthy,11.96153846153846,0.9415610689091801,0.05465461892666368
healthy,11.98076923076923,0.9414699204164307,0.05465483671051116
healthy,12.0,0.9413787807473765,0.05465505549306615
healthy,12.019230769230768,0.9412876499011631,0.05465527527721395
healthy,12.038461538461538,0.9411965278769364,0.05465549606584026
healthy,12.057692307692307,0.9411054146738445,0.05465571786183105
healthy,12.076923076923077,0.9410143102910314,0.05465594066808869
healthy,12.096153846153845,0.9409232147276415,0.054656164487498375
healthy,12.115384615384615,0.9408321279828263,0.05465638932296577
healthy,12.134615384615383,0.940741050055725,0.054656615177388776
healthy,12.153846153846153,0.9406499809454874,0.05465684205367359
healthy,12.173076923076922,0.9405589206512605,0.05465706995472626
healthy,12.192307692307692,0.9404678691721936,0.05465729888346459
healthy,12.21153846153846,0.9403768265074268,0.05465752884279852
healthy,12.23076923076923,0.9402857926561103,0.05465775983564647
healthy,12.25,0.9401947676173908,0.0546579918649293
healthy,12.269230769230768,0.9401037513904167,0.05465822493356755
healthy,12.288461538461538,0.940012743974335,0.05465845904449968
healthy,12.307692307692307,0.9399217453682884,0.05465869420064289
healthy,12.326923076923077,0.9398307555714273,0.05465893040493398
healthy,12.346153846153845,0.9397397745828997,0.05465916766030715
healthy,12.365384615384615,0.9396488024018528,0.054659405969712346
healthy,12.384615384615383,0.9395578390274305,0.05465964533608095
healthy,12.403846153846153,0.9394668844587832,0.05465988576236015
healthy,12.423076923076922,0.939375938695061,0.05466012725150387
healthy,12.442307692307692,0.9392850017354085,0.05466036980645642
healthy,12.46153846153846,0.9391940735789701,0.05466061343018167
healthy,12.48076923076923,0.9391031542248968,0.054660858125628334
healthy,12.5,0.9390122436723367,0.05466110389575928
healthy,12.519230769230768,0.9389213419204375,0.05466135074354149
healthy,12.538461538461538,0.9388304489683514,0.054661598671939475
healthy,12.557692307692307,0.9387395648152186,0.05466184768392523
healthy,12.576923076923077,0.9386486894601914,0.05466209778246985
healthy,12.596153846153845,0.9385578229024195,0.05466234897054664
healthy,12.615384615384615,0.9384669651410502,0.05466260125114598
healthy,12.634615384615383,0.9383761161752293,0.05466285462723722
healthy,12.653846153846153,0.9382852760041074,0.05466310910180932
healthy,12.673076923076922,0.9381944446268351,0.05466336467784819
healthy,12.692307692307692,0.9381036220425597,0.0546636213583549
healthy,12.71153846153846,0.9380128082504272,0.05466387914631367
healthy,12.73076923076923,0.9379220032495896,0.05466413804472239
healthy,12.75,0.9378312070391974,0.05466439805658806
healthy,12.769230769230768,0.937740419618398,0.054664659184905796
healthy,12.788461538461538,0.9376496409863362,0.05466492143268928
healthy,12.807692307692307,0.9375588711421646,0.05466518480294075
healthy,12.826923076923077,0.9374681100850327,0.054665449298673584
healthy,12.846153846153845,0.9373773578140937,0.054665714922904854
healthy,12.865384615384615,0.9372866143284896,0.05466598167865463
healthy,12.884615384615383,0.9371958796273734,0.05466624956894052
healthy,12.903846153846153,0.9371051537098947,0.05466651859678757
healthy,12.923076923076922,0.9370144365752033,0.0546667887652229
healthy,12.942307692307692,0.9369237282224533,0.0546670600772767
healthy,12.96153846153846,0.9368330286507859,0.054667332535982625
healthy,12.98076923076923,0.9367423378593556,0.054667606144374124
healthy,12.999999999999998,0.9366516558473122,0.054667880905490136
healthy,13.019230769230768,0.9365609826138059,0.05466815682237512
healthy,13.038461538461538,0.9364703181579904,0.05466843389807053
healthy,13.057692307692307,0.9363796624790092,0.054668712135631445
healthy,13.076923076923077,0.9362890155760154,0.054668991538099274
healthy,13.096153846153845,0.9361983774481598,0.05466927210852985
healthy,13.115384615384615,0.9361077480945931,0.05466955384998206
healthy,13.134615384615383,0.9360171275144659,0.0546698367655144
healthy,13.153846153846153,0.9359265157069326,0.0546701208581896
healthy,13.173076923076922,0.9358359126711361,0.05467040613107242
healthy,13.192307692307692,0.9357453184062314,0.0546706925872298
healthy,13.21153846153846,0.9356547329113692,0.05467098022973207
healthy,13.23076923076923,0.9355641561857009,0.05467126906165635
healthy,13.249999999999998,0.9354735882283808,0.054671559086076245
healthy,13.269230769230768,0.9353830290385549,0.05467185030607289
healthy,13.288461538461538,0.9352924786153765,0.05467214272473464
healthy,13.307692307692307,0.9352019369579981,0.05467243634513712
healthy,13.326923076923077,0.9351114040655684,0.05467273117037132
healthy,13.346153846153845,0.9350208799372388,0.05467302720353586
healthy,13.365384615384615,0.934930364572161,0.054673324447716026
healthy,13.384615384615383,0.9348398579694877,0.05467362290601206
healthy,13.403846153846153,0.9347493601283745,0.05467392258152319
healthy,13.423076923076922,0.9346588710479661,0.054674223477354025
healthy,13.442307692307692,0.9345683907274207,0.05467452559660602
healthy,13.46153846153846,0.9344779191658852,0.05467482894239501
healthy,13.48076923076923,0.9343874563625131,0.05467513351782569
healthy,13.499999999999998,0.9342970023164573,0.054675439326014236
healthy,13.519230769230768,0.9342065570268736,0.054675746370075516
healthy,13.538461538461538,0.934116120492908,0.054676054653136
healthy,13.557692307692307,0.9340256927137153,0.0546763641783116
healthy,13.576923076923077,0.9339352736884482,0.05467667494873029
healthy,13.596153846153845,0.9338448634162632,0.05467698696751801
healthy,13.615384615384615,0.9337544618963071,0.05467730023780956
healthy,13.634615384615383,0.9336640691277366,0.05467761476274095
healthy,13.653846153846153,0.9335736851097033,0.05467793054544154
healthy,13.673076923076922,0.9334833098413559,0.054678247589057205
healthy,13.692307692307692,0.9333929433218549,0.054678565896726414
healthy,13.71153846153846,0.9333025855503454,0.05467888547159688
healthy,13.73076923076923,0.9332122365259845,0.05467920631681524
healthy,13.749999999999998,0.9331218962479295,0.05467952843553171
healthy,13.769230769230768,0.9330315647153282,0.05467985183089947
healthy,13.788461538461538,0.9329412419273352,0.054680176506082666
healthy,13.807692307692307,0.9328509278831022,0.05468050246423046
healthy,13.826923076923077,0.9327606225817863,0.05468082970850504
healthy,13.846153846153845,0.9326703260225409,0.05468115824208168
healthy,13.865384615384615,0.9325800382045158,0.054681488068117304
healthy,13.884615384615383,0.9324897591268716,0.05468181918978539
healthy,13.903846153846153,0.9323994887887542,0.05468215161025992
healthy,13.923076923076922,0.9323092271893213,0.054682485332715816
healthy,13.942307692307692,0.932218974327731,0.05468282036033092
healthy,13.96153846153846,0.9321287302031298,0.054683156696289384
healthy,13.98076923076923,0.9320384948146795,0.054683494343773065
healthy,13.999999999999998,0.9319482681615264,0.05468383330596954
healthy,14.019230769230768,0.9318580502428291,0.05468417358606669
healthy,14.038461538461538,0.931767841057742,0.05468451518725647
healthy,14.057692307692307,0.9316776406054196,0.054684858112737184
healthy,14.076923076923077,0.9315874488850199,0.05468520236570307
healthy,14.096153846153845,0.9314972658956909,0.05468554794935972
healthy,14.115384615384615,0.9314070916365907,0.054685894866905366
healthy,14.134615384615383,0.9313169261068747,0.05468624312154533
healthy,14.153846153846153,0.9312267693056998,0.054686592716494675
healthy,14.173076923076922,0.9311366212322153,0.054686943654958506
healthy,14.192307692307692,0.9310464818855796,0.05468729594015284
healthy,14.21153846153846,0.9309563512649511,0.05468764957529204
healthy,14.23076923076923,0.9308662293694798,0.05468800456360069
healthy,14.249999999999998,0.9307761161983249,0.054688360908299954
healthy,14.269230769230768,0.9306860117506368,0.05468871861261105
healthy,14.288461538461538,0.9305959160255781,0.054689077679762804
healthy,14.307692307692307,0.9305058290222966,0.05468943811298704
healthy,14.326923076923077,0.9304157507399561,0.0546897999155152
healthy,14.346153846153845,0.9303256811777074,0.0546901630905812
healthy,14.365384615384615,0.9302356203347042,0.05469052764142967
healthy,14.384615384615383,0.9301455682101047,0.054690893571294974
healthy,14.403846153846153,0.9300555248030684,0.054691260883419954
healthy,14.423076923076922,0.9299654901127472,0.05469162958106146
healthy,14.442307692307692,0.929875464138297,0.05469199966745608
healthy,14.46153846153846,0.9297854468788758,0.05469237114585896
healthy,14.48076923076923,0.9296954383336398,0.05469274401952555
healthy,14.499999999999998,0.9296054385017489,0.054693118291711036
healthy,14.519230769230768,0.9295154473823529,0.054693493965680726
healthy,14.538461538461538,0.9294254649746152,0.054693871044689014
healthy,14.557692307692307,0.929335491277685,0.05469424953200622
healthy,14.576923076923077,0.9292455262907257,0.054694629430892934
healthy,14.596153846153845,0.9291555700128894,0.054695010744632316
healthy,14.615384615384615,0.929065622443334,0.05469539347648327
healthy,14.634615384615383,0.9289756835812175,0.05469577762972437
healthy,14.653846153846153,0.9288857534257007,0.05469616320763667
healthy,14.673076923076922,0.9287958319759362,0.05469655021349688
healthy,14.692307692307692,0.92870591923108,0.054696938650594606
healthy,14.71153846153846,0.9286160151902937,0.054697328522211514
healthy,14.73076923076923,0.9285261198527301,0.054697719831630465
healthy,14.749999999999998,0.9284362332175504,0.054698112582156885
healthy,14.769230769230768,0.9283463552839081,0.05469850677706954
healthy,14.788461538461538,0.9282564860509632,0.054698902419669564
healthy,14.807692307692307,0.9281666255178753,0.05469929951325114
healthy,14.826923076923077,0.9280767736838017,0.05469969806112949
healthy,14.846153846153845,0.9279869305479003,0.05470009806659446
healthy,14.865384615384615,0.9278970961093267,0.05470049953295537
healthy,14.884615384615383,0.9278072703672391,0.05470090246352947
healthy,14.903846153846153,0.9277174533207986,0.05470130686161478
healthy,14.923076923076922,0.9276276449691588,0.05470171273054107
healthy,14.942307692307692,0.9275378453114799,0.05470212007361112
healthy,14.961538461538462,0.9274480543469213,0.05470252889414772
healthy,14.98076923076923,0.9273582720746419,0.054702939195473685
healthy,15.0,0.9272684984938022,0.05470335098091833
healthy,15.019230769230768,0.9271787336035548,0.054703764253801815
healthy,15.038461538461538,0.9270889774030618,0.054704179017455765
healthy,15.057692307692305,0.9269992298914861,0.054704595275211716
healthy,15.076923076923077,0.9269094910679818,0.05470501303040277
healthy,15.096153846153843,0.9268197609317064,0.054705432286369426
healthy,15.115384615384615,0.9267300394818229,0.05470585304645182
healthy,15.134615384615381,0.9266403267174854,0.05470627531398713
healthy,15.153846153846153,0.92655062263786,0.05470669909232155
healthy,15.173076923076923,0.9264609272420984,0.054707124384803955
healthy,15.192307692307692,0.9263712405293636,0.05470755119478209
healthy,15.211538461538462,0.9262815624988189,0.0547079795256074
healthy,15.23076923076923,0.9261918931496187,0.054708409380634745
healthy,15.25,0.9261022324809237,0.05470884076322946
healthy,15.269230769230768,0.926012580491892,0.054709273676738515
healthy,15.288461538461538,0.925922937181685,0.0547097081245275
healthy,15.307692307692305,0.9258333025494628,0.05471014410996433
healthy,15.326923076923077,0.9257436765943857,0.05471058163641314
healthy,15.346153846153843,0.9256540593156166,0.05471102070724816
healthy,15.365384615384615,0.9255644507123086,0.05471146132583581
healthy,15.384615384615381,0.9254748507836256,0.054711903495552085
healthy,15.403846153846153,0.9253852595287277,0.05471234721977245
healthy,15.423076923076923,0.9252956769467792,0.05471279250187782
healthy,15.442307692307692,0.925206103036933,0.054713239345254544
healthy,15.461538461538462,0.9251165377983551,0.05471368775327664
healthy,15.48076923076923,0.9250269812302038,0.0547141377293449
healthy,15.5,0.9249374333316415,0.054714589276833286
healthy,15.519230769230768,0.9248478941018253,0.05471504239914893
healthy,15.538461538461538,0.9247583635399175,0.054715497099672605
healthy,15.557692307692305,0.9246688416450796,0.05471595338180475
healthy,15.576923076923077,0.9245793284164731,0.0547164112489461
healthy,15.596153846153843,0.9244898238532622,0.054716870704495914
healthy,15.615384615384615,0.9244003279546011,0.0547173317518635
healthy,15.634615384615381,0.9243108407196543,0.054717794394449154
healthy,15.653846153846153,0.9242213621475865,0.05471825863566039
healthy,15.673076923076923,0.9241318922375533,0.05471872447891741
healthy,15.692307692307692,0.924042430988722,0.05471919192762277
healthy,15.711538461538462,0.9239529784002486,0.054719660985197
healthy,15.73076923076923,0.9238635344712979,0.054720131655064716
healthy,15.75,0.9237740992010283,0.05472060394063657
healthy,15.769230769230768,0.9236846725886073,0.054721077845336905
healthy,15.788461538461538,0.9235952546331907,0.05472155337259945
healthy,15.807692307692305,0.9235058453339466,0.05472203052584222
healthy,15.826923076923077,0.9234164446900297,0.054722509308503184
healthy,15.846153846153843,0.9233270527006062,0.05472298972401002
healthy,15.865384615384615,0.9232376693648423,0.054723471775799226
healthy,15.884615384615381,0.9231482946818917,0.05472395546730894
healthy,15.903846153846153,0.9230589286509253,0.05472444080197675
healthy,15.923076923076923,0.9229695712710995,0.05472492778324578
healthy,15.942307692307692,0.9228802225415789,0.054725416414567025
healthy,15.961538461538462,0.9227908824615265,0.05472590669937489
healthy,15.98076923076923,0.9227015510301032,0.05472639864113156
healthy,16.0,0.9226122282464726,0.054726892243276204
healthy,16.019230769230766,0.9225229141097999,0.05472738750927498
healthy,16.038461538461537,0.922433608619247,0.05472788444257386
healthy,16.057692307692307,0.9223443117739745,0.05472838304663447
healthy,16.076923076923077,0.9222550235731465,0.05472888332492552
healthy,16.096153846153843,0.9221657440159248,0.05472938528089999
healthy,16.115384615384613,0.9220764731014754,0.0547298889180239
healthy,16.134615384615383,0.9219872108289628,0.054730394239775736
healthy,16.153846153846153,0.9218979571975452,0.05473090124961527
healthy,16.173076923076923,0.9218087122063894,0.05473140995101855
healthy,16.19230769230769,0.9217194758546624,0.054731920347458426
healthy,16.211538461538463,0.9216302481415223,0.05473243244241486
healthy,16.23076923076923,0.9215410290661358,0.054732946239374095
healthy,16.25,0.9214518186276627,0.05473346174180523
healthy,16.269230769230766,0.9213626168252702,0.05473397895319672
healthy,16.288461538461537,0.9212734236581218,0.05473449787703665
healthy,16.307692307692307,0.9211842391253859,0.05473501851681309
healthy,16.326923076923077,0.9210950632262186,0.05473554087601944
healthy,16.346153846153843,0.9210058959597881,0.05473606495814603
healthy,16.365384615384613,0.920916737325262,0.05473659076668727
healthy,16.384615384615383,0.9208275873217996,0.054737118305143294
healthy,16.403846153846153,0.9207384459485675,0.05473764757702045
healthy,16.423076923076923,0.9206493132047273,0.0547381785858109
healthy,16.44230769230769,0.9205601890894504,0.05473871133502421
healthy,16.461538461538463,0.920471073601893,0.054739245828167006
healthy,16.48076923076923,0.9203819667412241,0.054739782068747064
healthy,16.5,0.9202928685066086,0.054740320060275106
healthy,16.519230769230766,0.920203778897215,0.05474085980626591
healthy,16.538461538461537,0.9201146979122019,0.05474140131024219
healthy,16.557692307692307,0.9200256255507405,0.054741944575711805
healthy,16.576923076923077,0.9199365618119892,0.054742489606203426
healthy,16.596153846153843,0.9198475066951166,0.0547430364052346
healthy,16.615384615384613,0.9197584601992916,0.054743584976329446
healthy,16.634615384615383,0.9196694223236737,0.0547441353230231
healthy,16.653846153846153,0.919580393067434,0.054744687448835795
healthy,16.673076923076923,0.9194913724297318,0.05474524135730779
healthy,16.69230769230769,0.9194023604097358,0.0547457970519653
healthy,16.711538461538463,0.9193133570066117,0.05474635453634584
healthy,16.73076923076923,0.9192243622195277,0.054746913813987434
healthy,16.75,0.9191353760476483,0.05474747488844026
healthy,16.769230769230766,0.9190463984901407,0.05474803776323603
healthy,16.788461538461537,0.9189574295461651,0.05474860244192485
healthy,16.807692307692307,0.918868469214892,0.05474916892805064
healthy,16.826923076923077,0.9187795174954873,0.05474973722516272
healthy,16.846153846153843,0.9186905743871213,0.05475030733681567
healthy,16.865384615384613,0.9186016398889557,0.05475087926655982
healthy,16.884615384615383,0.9185127140001562,0.054751453017958536
healthy,16.903846153846153,0.918423796719893,0.054752028594563226
healthy,16.923076923076923,0.918334888047331,0.054752605999932785
healthy,16.94230769230769,0.9182459879816331,0.05475318523763734
healthy,16.961538461538463,0.9181570965219733,0.05475376631123334
healthy,16.98076923076923,0.918068213667511,0.05475434922429375
healthy,17.0,0.9179793394174167,0.05475493398038387
healthy,17.019230769230766,0.9178904737708579,0.054755520583076124
healthy,17.038461538461537,0.9178016167270014,0.054756109035943926
healthy,17.057692307692307,0.9177127682850187,0.05475669934256222
healthy,17.076923076923077,0.9176239284440724,0.05475729150650662
healthy,17.096153846153843,0.9175350972033282,0.054757885531365735
healthy,17.115384615384613,0.9174462745619546,0.05475848142071187
healthy,17.134615384615383,0.9173574605191204,0.05475907917813254
healthy,17.153846153846153,0.9172686550739972,0.05475967880721464
healthy,17.173076923076923,0.9171798582257447,0.05476028031154626
healthy,17.19230769230769,0.9170910699735344,0.05476088369471625
healthy,17.211538461538463,0.9170022903165344,0.054761488960316546
healthy,17.23076923076923,0.9169135192539158,0.05476209611194237
healthy,17.25,0.9168247567848417,0.05476270515319627
healthy,17.269230769230766,0.9167360029084838,0.054763316087675776
healthy,17.288461538461537,0.9166472576240051,0.054763928918975746
healthy,17.307692307692307,0.9165585209305772,0.054764543650701825
healthy,17.326923076923077,0.916469792827369,0.05476516028645731
healthy,17.346153846153843,0.916381073313551,0.054765778829858544
healthy,17.365384615384613,0.9162923623882857,0.05476639928450696
healthy,17.384615384615383,0.9162036600507449,0.05476702165401632
healthy,17.403846153846153,0.9161149663001014,0.054767645942000114
healthy,17.423076923076923,0.9160262811355193,0.054768272152071466
healthy,17.44230769230769,0.9159376045561651,0.054768900287859676
healthy,17.461538461538463,0.9158489365612099,0.05476953035297093
healthy,17.48076923076923,0.9157602771498233,0.054770162351030854
healthy,17.5,0.9156716263211745,0.054770796285667174
healthy,17.519230769230766,0.9155829840744345,0.054771432160500434
healthy,17.538461538461537,0.915494350408771,0.054772069979170224
healthy,17.557692307692307,0.9154057253233531,0.05477270974529237
healthy,17.576923076923077,0.9153171088173487,0.05477335146251271
healthy,17.596153846153843,0.9152285008899309,0.054773995134453274
healthy,17.615384615384613,0.9151399015402638,0.05477464076476175
healthy,17.634615384615383,0.9150513107675237,0.05477528835706745
healthy,17.653846153846153,0.9149627285708727,0.054775937915017725
healthy,17.673076923076923,0.9148741549494877,0.05477658944224778
healthy,17.69230769230769,0.9147855899025336,0.054777242942413665
healthy,17.711538461538463,0.9146970334291845,0.05477789841914958
healthy,17.73076923076923,0.9146084855286062,0.05477855587611129
healthy,17.75,0.9145199461999722,0.054779215316953456
healthy,17.769230769230766,0.9144314154424503,0.05477987674531579
healthy,17.788461538461537,0.9143428932552117,0.05478054016486985
healthy,17.807692307692307,0.9142543796374248,0.05478120557925796
healthy,17.826923076923077,0.9141658745882656,0.05478187299214777
healthy,17.846153846153843,0.9140773781069014,0.05478254240719368
healthy,17.865384615384613,0.9139888901924986,0.054783213828066744
healthy,17.884615384615383,0.913900410844235,0.054783887258423786
healthy,17.903846153846153,0.9138119400612746,0.054784562701937496
healthy,17.92307692307692,0.9137234778427912,0.05478524016227334
healthy,17.94230769230769,0.9136350241879575,0.05478591964309907
healthy,17.961538461538463,0.9135465790959444,0.054786601148100515
healthy,17.98076923076923,0.9134581425659193,0.05478728468093956
healthy,18.0,0.9133697145970595,0.05478797024529704
healthy,18.019230769230766,0.9132812951885289,0.054788657844853
healthy,18.038461538461537,0.9131928843395033,0.05478934748328269
healthy,18.057692307692307,0.9131044820491546,0.054790039164282385
healthy,18.076923076923077,0.9130160883166528,0.05479073289151941
healthy,18.096153846153843,0.9129277031411686,0.05479142866869999
healthy,18.115384615384613,0.9128393265218726,0.05479212649949568
healthy,18.134615384615383,0.9127509584579385,0.05479282638760177
healthy,18.153846153846153,0.9126625989485381,0.05479352833671436
healthy,18.17307692307692,0.9125742479928474,0.054794232350526176
healthy,18.19230769230769,0.9124859055900304,0.05479493843273435
healthy,18.211538461538463,0.9123975717392642,0.05479564658703283
healthy,18.23076923076923,0.9123092464397202,0.05479635681713386
healthy,18.25,0.9122209296905719,0.05479706912672811
healthy,18.269230769230766,0.912132621490986,0.054797783519525994
healthy,18.288461538461537,0.9120443218401377,0.05479849999922953
healthy,18.307692307692307,0.9119560307372007,0.054799218569547115
healthy,18.326923076923077,0.911867748181351,0.054799939234191845
healthy,18.346153846153843,0.9117794741717561,0.054800661996872564
healthy,18.365384615384613,0.9116912087075885,0.054801386861313126
healthy,18.384615384615383,0.9116029517880213,0.05480211383121611
healthy,18.403846153846153,0.9115147034122285,0.054802842910303726
healthy,18.42307692307692,0.911426463579383,0.05480357410229572
healthy,18.44230769230769,0.9113382322886604,0.054804307410916735
healthy,18.461538461538463,0.9112500095392279,0.0548050428398877
healthy,18.48076923076923,0.9111617953302651,0.05480578039293266
healthy,18.5,0.9110735896609388,0.05480652007378332
healthy,18.519230769230766,0.9109853925304252,0.05480726188616472
healthy,18.538461538461537,0.9108972039378979,0.05480800583380928
healthy,18.557692307692307,0.9108090238825337,0.05480875192044861
healthy,18.576923076923077,0.9107208523635014,0.05480950014981707
healthy,18.596153846153843,0.9106326893799758,0.05481025052566062
healthy,18.615384615384613,0.910544534931133,0.054811003051705595
healthy,18.634615384615383,0.9104563890161437,0.054811757731694624
healthy,18.653846153846153,0.910368251634181,0.05481251456937741
healthy,18.67307692307692,0.9102801227844227,0.054813273568493484
healthy,18.69230769230769,0.9101920024660388,0.054814034732782894
healthy,18.711538461538463,0.9101038906782065,0.05481479806600795
healthy,18.73076923076923,0.9100157874201,0.05481556357190465
healthy,18.75,0.909927692690889,0.054816331254232076
healthy,18.769230769230766,0.9098396064897549,0.054817101116740125
healthy,18.788461538461537,0.9097515288158676,0.05481787316318226
healthy,18.807692307692307,0.9096634596684005,0.054818647397328654
healthy,18.826923076923077,0.9095753990465294,0.054819423822922465
healthy,18.846153846153843,0.9094873469494299,0.05482020244372899
healthy,18.865384615384613,0.9093993033762795,0.05482098326351083
healthy,18.884615384615383,0.9093112683262476,0.054821766286041004
healthy,18.903846153846153,0.9092232417985114,0.05482255151507579
healthy,18.92307692307692,0.9091352237922498,0.05482333895438565
healthy,18.94230769230769,0.9090472143066306,0.054824128607743335
healthy,18.961538461538463,0.9089592133408356,0.054824920478914844
healthy,18.98076923076923,0.9088712208940353,0.05482571457168125
healthy,19.0,0.9087832369654084,0.05482651088981642
healthy,19.019230769230766,0.908695261554129,0.054827309437091354
healthy,19.038461538461537,0.9086072946593705,0.054828110217288784
healthy,19.057692307692307,0.9085193362803107,0.05482891323419617
healthy,19.076923076923077,0.9084313864161261,0.05482971849158535
healthy,19.096153846153843,0.9083434450659896,0.05483052599324349
healthy,19.115384615384613,0.9082555122290775,0.05483133574296434
healthy,19.134615384615383,0.9081675879045688,0.05483214774452705
healthy,19.153846153846153,0.9080796720916345,0.054832962001721594
healthy,19.17307692307692,0.9079917647894554,0.05483377851834834
healthy,19.19230769230769,0.9079038659972062,0.05483459729819005
healthy,19.211538461538463,0.9078159757140608,0.05483541834504519
healthy,19.23076923076923,0.9077280939391971,0.05483624166271859
healthy,19.25,0.9076402206717934,0.05483706725499743
healthy,19.269230769230766,0.9075523559110231,0.054837895125684336
healthy,19.288461538461537,0.9074644996560622,0.05483872527858924
healthy,19.307692307692307,0.9073766519060913,0.0548395577175091
healthy,19.326923076923077,0.9072888126602824,0.0548403924462464
healthy,19.346153846153843,0.9072009819178161,0.05484122946862282
healthy,19.365384615384613,0.9071131596778648,0.054842068788432195
healthy,19.384615384615383,0.9070253459396085,0.05484291040949104
healthy,19.403846153846153,0.906937540702224,0.05484375433561
healthy,19.42307692307692,0.9068497439648918,0.054844600570606354
healthy,19.44230769230769,0.9067619557267842,0.054845449118293
healthy,19.461538461538463,0.906674175987079,0.054846299982500187
healthy,19.48076923076923,0.906586404744953,0.05484715316703068
healthy,19.5,0.9064986419995846,0.05484800867571107
healthy,19.519230769230766,0.9064108877501539,0.054848866512361816
healthy,19.538461538461537,0.9063231419958351,0.05484972668082117
healthy,19.557692307692307,0.9062354047358061,0.0548505891848991
healthy,19.576923076923077,0.9061476759692478,0.05485145402843482
healthy,19.596153846153843,0.9060599556953359,0.05485232121524957
healthy,19.615384615384613,0.9059722439132445,0.054853190749183496
healthy,19.634615384615383,0.9058845406221571,0.054854062634058905
healthy,19.653846153846153,0.9057968458212485,0.05485493687372591
healthy,19.67307692307692,0.9057091595096998,0.054855813472004814
healthy,19.69230769230769,0.9056214816866849,0.05485669243274585
healthy,19.711538461538463,0.9055338123513865,0.054857573759786296
healthy,19.73076923076923,0.9054461515029812,0.054858457456961995
healthy,19.75,0.9053584991406438,0.05485934352812455
healthy,19.769230769230766,0.9052708552635594,0.054860231977112185
healthy,19.788461538461537,0.9051832198708996,0.054861122807776226
healthy,19.807692307692307,0.9050955929618502,0.054862016023962214
healthy,19.826923076923077,0.9050079745355858,0.05486291162951875
healthy,19.846153846153843,0.9049203645912833,0.054863809628307954
healthy,19.865384615384613,0.9048327631281239,0.054864710024170316
healthy,19.884615384615383,0.9047451701452867,0.05486561282096438
healthy,19.903846153846153,0.9046575856419513,0.05486651802254666
healthy,19.92307692307692,0.904570009617299,0.054867425632783164
healthy,19.94230769230769,0.9044824420705049,0.054868335655521024
healthy,19.961538461538463,0.9043948830007501,0.054869248094636947
healthy,19.98076923076923,0.9043073324072154,0.05487016295398103
healthy,20.0,0.9042197902890751,0.05487108023742356
disease,0.0,1.0,0.054619798580026115
disease,0.01923076923076923,0.9990485706227995,0.09047447970104595
disease,0.03846153846153846,0.9978152009159662,0.09093781487111142
disease,0.05769230769230769,0.996582040021368,0.09093621483286307
disease,0.07692307692307691,0.9953505044767023,0.09093507322761409
disease,0.09615384615384615,0.994120522143313,0.09093474639962543
disease,0.11538461538461538,0.9928920686463363,0.09093465653752801
disease,0.1346153846153846,0.9916651357039401,0.09093463612434446
disease,0.15384615384615383,0.9904397196216841,0.09093463822697204
disease,0.17307692307692307,0.9892158180093028,0.0909346503225783
disease,0.1923076923076923,0.9879934288489198,0.09093466978787741
disease,0.21153846153846154,0.9867725502300176,0.09093469691553484
disease,0.23076923076923075,0.9855531802742001,0.09093473292866562
disease,0.25,0.9843353171138405,0.09093477941509442
disease,0.2692307692307692,0.9831189588860193,0.09093483816530827
disease,0.2884615384615385,0.9819041037307975,0.0909349111250388
disease,0.30769230769230765,0.9806907497907285,0.09093500038062607
disease,0.32692307692307687,0.9794788952107143,0.0909351081535258
disease,0.34615384615384615,0.9782685381379691,0.0909352367974357
disease,0.36538461538461536,0.9770596767219968,0.09093538879638696
disease,0.3846153846153846,0.9758523091145926,0.0909355667627423
disease,0.4038461538461538,0.9746464334698319,0.09093577343561991
disease,0.4230769230769231,0.9734420479440764,0.09093601167911684
disease,0.4423076923076923,0.9722391506959602,0.09093628448054607
disease,0.4615384615384615,0.9710377398863975,0.09093659494889007
disease,0.48076923076923067,0.9698378136785732,0.09093694631301859
disease,0.5,0.9686393702379421,0.09093734192009241
disease,0.5192307692307692,0.9674424077322262,0.09093778523391179
disease,0.5384615384615384,0.9662469243314116,0.09093827983329066
disease,0.5576923076923076,0.9650529182077457,0.0909388294104428
disease,0.576923076923077,0.9638603875357346,0.09093943776938226
disease,0.5961538461538461,0.9626693304921398,0.09094010882433566
disease,0.6153846153846153,0.9614797452559763,0.09094084659816724
disease,0.6346153846153846,0.9602916300085094,0.09094165522081672
disease,0.6538461538461537,0.9591049829332511,0.09094253892774995
disease,0.673076923076923,0.9579198022159585,0.09094350205842082
disease,0.6923076923076923,0.9567360860446311,0.09094454905474662
disease,0.7115384615384615,0.9555538326095065,0.09094568445959451
disease,0.7307692307692307,0.9543730401030593,0.09094691291528062
disease,0.75,0.9531937067199977,0.0909482391620807
disease,0.7692307692307692,0.9520158306572606,0.0909496680367523
disease,0.7884615384615384,0.9508394101140146,0.09095120447106946
disease,0.8076923076923076,0.9496644432916526,0.09095285349036793
disease,0.8269230769230769,0.9484909283937888,0.0909546202121022
disease,0.8461538461538461,0.9473188636262583,0.09095650984441406
disease,0.8653846153846153,0.9461482471971124,0.09095852768471162
disease,0.8846153846153846,0.9449790773166175,0.09096067911826061
disease,0.9038461538461537,0.9438113521972513,0.09096296961678525
disease,0.923076923076923,0.9426450700537004,0.09096540473708119
disease,0.9423076923076923,0.9414802291028572,0.09096799011963806
disease,0.9615384615384613,0.9403168275638178,0.09097073148727357
disease,0.9807692307692307,0.9391548636578793,0.0909736346437782
disease,1.0,0.9379943356085362,0.09097670547256899
disease,1.0192307692307692,0.9368352416414786,0.09097994993535521
disease,1.0384615384615383,0.9356775799845892,0.09098337407081375
disease,1.0576923076923077,0.93452134886794,0.09098698399327405
disease,1.0769230769230769,0.9333665465237909,0.09099078589141317
disease,1.096153846153846,0.932213171186586,0.09099478602696186
disease,1.1153846153846152,0.9310612210929504,0.09099899073341924
disease,1.1346153846153846,0.9299106944816892,0.09100340641477724
disease,1.153846153846154,0.928761589593783,0.0910080395442552
disease,1.173076923076923,0.9276139046723868,0.09101289666304391
disease,1.1923076923076923,0.9264676379628263,0.09101798437905836
disease,1.2115384615384615,0.9253227877125951,0.09102330936570088
disease,1.2307692307692306,0.9241793521713532,0.09102887836063231
disease,1.25,0.9230373295909224,0.09103469816455344
disease,1.2692307692307692,0.9218967182252858,0.09104077563999423
disease,1.2884615384615383,0.9207575163305838,0.09104711771011345
disease,1.3076923076923075,0.9196197221651112,0.0910537313575055
disease,1.3269230769230769,0.9184833339893157,0.0910606236230174
disease,1.346153846153846,0.9173483500657941,0.09106780160457399
disease,1.3653846153846152,0.9162147686592906,0.09107527245601066
disease,1.3846153846153846,0.9150825880366934,0.09108304338591655
disease,1.4038461538461537,0.9139518064670321,0.09109112165648407
disease,1.423076923076923,0.912822422221476,0.09109951458236881
disease,1.4423076923076923,0.9116944335733298,0.09110822952955536
disease,1.4615384615384615,0.9105678387980327,0.09111727391423355
disease,1.4807692307692306,0.9094426361731546,0.09112665520168087
disease,1.5,0.9083188239783939,0.09113638090515416
disease,1.5192307692307692,0.907196400495575,0.09114645858478837
disease,1.5384615384615383,0.9060753640086452,0.09115689584650422
disease,1.5576923076923075,0.904955712803672,0.09116770034092164
disease,1.5769230769230769,0.903837445168842,0.09117887976228328
disease,1.596153846153846,0.9027205593944557,0.09119044184738366
disease,1.6153846153846152,0.9016050537729275,0.0912023943745068
disease,1.6346153846153846,0.9004909265987813,0.09121474516237117
disease,1.6538461538461537,0.899378176168648,0.09122750206908156
disease,1.673076923076923,0.8982668007812649,0.09124067299108952
disease,1.6923076923076923,0.8971567987374698,0.0912542658621585
disease,1.7115384615384615,0.8960481683402013,0.09126828865233923
disease,1.7307692307692306,0.8949409078944948,0.09128274936694981
disease,1.7499999999999998,0.89383501570748,0.09129765604556384
disease,1.7692307692307692,0.8927304900883791,0.09131301676100588
disease,1.7884615384615383,0.8916273293485026,0.09132883961835223
disease,1.8076923076923075,0.8905255318012488,0.0913451327539405
disease,1.8269230769230769,0.8894250957620997,0.0913619043343843
disease,1.846153846153846,0.8883260195486182,0.09137916255559575
disease,1.8653846153846152,0.8872283014804478,0.09139691564181392
disease,1.8846153846153846,0.886131939879307,0.09141517184464032
disease,1.9038461538461537,0.8850369330689889,0.09143393944208025
disease,1.9230769230769227,0.8839432793753577,0.0914532267375915
disease,1.9423076923076923,0.8828509771263463,0.09147304205913881
disease,1.9615384615384615,0.8817600246519541,0.09149339375825477
disease,1.9807692307692304,0.8806704202842439,0.09151429020910677
disease,2.0,0.8795821623573393,0.09153573980757122
disease,2.019230769230769,0.8784952492074233,0.09155775097031246
disease,2.0384615384615383,0.8774096791727337,0.09158033213386903
disease,2.057692307692308,0.8763254505935631,0.09160349175374619
disease,2.0769230769230766,0.8752425618122558,0.09162723830351059
disease,2.096153846153846,0.8741610111732012,0.09165158027389755
disease,2.1153846153846154,0.8730807970228357,0.09167652617191917
disease,2.1346153846153846,0.8720019177096409,0.0917020845199864
disease,2.1538461538461537,0.8709243715841386,0.09172826385501466
disease,2.173076923076923,0.8698481569988874,0.09175507272756787
disease,2.192307692307692,0.8687732723084829,0.09178251970098304
disease,2.2115384615384612,0.8676997158695535,0.09181061335051059
disease,2.2307692307692304,0.8666274860407582,0.0918393622624589
disease,2.25,0.8655565811827846,0.09186877503334413
disease,2.269230769230769,0.864486999658346,0.09189886026904606
disease,2.2884615384615383,0.8634187398321791,0.0919296265839686
disease,2.307692307692308,0.8623518000710412,0.09196108260020709
disease,2.3269230769230766,0.8612861787437075,0.09199323694671988
disease,2.346153846153846,0.8602218742209696,0.092026098258506
disease,2.365384615384615,0.8591588848756315,0.0920596751757879
disease,2.3846153846153846,0.8580972090825084,0.09209397634320005
disease,2.4038461538461537,0.8570368452184237,0.09212901040898167
disease,2.423076923076923,0.8559777916622068,0.09216478602417656
disease,2.442307692307692,0.8549200467946899,0.09220131184183615
disease,2.4615384615384612,0.8538636089987065,0.0922385965162298
disease,2.4807692307692304,0.852808476659088,0.09227664870205839
disease,2.5,0.8517546481626623,0.09231547705367434
disease,2.519230769230769,0.8507021218982505,0.09235509022430649
disease,2.5384615384615383,0.8496508962566642,0.09239549686528967
disease,2.557692307692308,0.8486009696307043,0.09243670562529994
disease,2.5769230769230766,0.847552340415157,0.0924787251495942
disease,2.596153846153846,0.8465050070067923,0.09252156407925553
disease,2.615384615384615,0.8454589678043616,0.09256523105044301
disease,2.6346153846153846,0.8444142212085947,0.0926097346936467
disease,2.6538461538461537,0.8433707656221977,0.09265508363294768
disease,2.673076923076923,0.8423285994498506,0.09270128648528252
disease,2.692307692307692,0.841287721098205,0.09274835185971358
disease,2.7115384615384612,0.8402481289758807,0.092796288356703
disease,2.7307692307692304,0.8392098214934648,0.09284510456739267
disease,2.75,0.8381727970635077,0.09289480907288847
disease,2.769230769230769,0.837137054100522,0.09294541044354909
disease,2.7884615384615383,0.8361025910209795,0.09299691723828035
disease,2.8076923076923075,0.8350694062433083,0.09304933800383353
disease,2.8269230769230766,0.8340374981878914,0.0931026812741094
disease,2.846153846153846,0.8330068652770637,0.09315695556946581
disease,2.865384615384615,0.8319775059351092,0.09321216939603107
disease,2.8846153846153846,0.8309494185882594,0.09326833124502178
disease,2.9038461538461537,0.8299226016646906,0.09332544959206468
disease,2.923076923076923,0.8288970535945213,0.09338353289652425
disease,2.942307692307692,0.8278727728098099,0.09344258960083429
disease,2.9615384615384612,0.8268497577445522,0.09350262812983409
disease,2.9807692307692304,0.8258280068346795,0.09356365689011002
disease,3.0,0.8248075185180552,0.093625684269342
disease,3.019230769230769,0.823788291234473,0.09368871863564814
disease,3.0384615384615383,0.8227703234256568,0.09375276833695102
disease,3.0576923076923075,0.8217536135352537,0.09381784170032853
disease,3.0769230769230766,0.8207381600088342,0.09388394703137662
disease,3.096153846153846,0.8197239612938899,0.09395109261358493
disease,3.115384615384615,0.8187110158398307,0.09401928670770743
disease,3.1346153846153846,0.8176993220979845,0.0940885375511328
disease,3.1538461538461537,0.8166888785215906,0.09415885335728605
disease,3.173076923076923,0.8156796835658,0.09423024231499501
disease,3.192307692307692,0.8146717356876734,0.09430271258789227
disease,3.2115384615384612,0.8136650333461769,0.09437627231380245
disease,3.2307692307692304,0.8126595750021832,0.09445092960416708
disease,3.2499999999999996,0.8116553591184649,0.0945266925434087
disease,3.269230769230769,0.8106523841596949,0.09460356918839154
disease,3.2884615384615383,0.8096506485924434,0.09468156756778068
disease,3.3076923076923075,0.8086501508851757,0.09476069568151484
disease,3.3269230769230766,0.8076508895082488,0.09484096150018795
disease,3.346153846153846,0.8066528629339103,0.09492237296449806
disease,3.365384615384615,0.8056560696362947,0.09500493798467406
disease,3.3846153846153846,0.8046605080914248,0.09508866443990635
disease,3.4038461538461537,0.8036661767772031,0.09517356017781113
disease,3.423076923076923,0.802673074173417,0.09525963301384423
disease,3.442307692307692,0.801681198761728,0.09534689073077622
disease,3.4615384615384612,0.800690549025678,0.09543534107813698
disease,3.4807692307692304,0.7997011234506801,0.09552499177167968
disease,3.4999999999999996,0.7987129205240182,0.09561585049283355
disease,3.519230769230769,0.7977259387348495,0.09570792488819053
disease,3.5384615384615383,0.7967401765741945,0.09580122256896666
disease,3.5576923076923075,0.7957556325349397,0.09589575111048046
disease,3.5769230769230766,0.7947723051118332,0.09599151805163769
disease,3.596153846153846,0.793790192801484,0.09608853089440235
disease,3.615384615384615,0.7928092941023587,0.0961867971033325
disease,3.6346153846153846,0.7918296075147802,0.09628632410501327
disease,3.6538461538461537,0.7908511315409222,0.09638711928761647
disease,3.673076923076923,0.7898738646848128,0.0964891900003531
disease,3.692307692307692,0.7888978054523254,0.0965925435530333
disease,3.7115384615384612,0.7879229523511806,0.0966971872155238
disease,3.7307692307692304,0.7869493038909441,0.09680312821733196
disease,3.75,0.7859768585830226,0.09691037374705794
disease,3.769230769230769,0.7850056149406621,0.09701893095199202
disease,3.7884615384615383,0.7840355714789468,0.09712880693757649
disease,3.8076923076923075,0.7830667267147948,0.09724000876701315
disease,3.826923076923076,0.7820990791669571,0.0973525434607483
disease,3.8461538461538454,0.7811326273560141,0.09746641799604397
disease,3.8653846153846154,0.7801673698043766,0.09758163930651116
disease,3.8846153846153846,0.7792033050362802,0.09769821428170279
disease,3.9038461538461537,0.7782404315777826,0.09781614976662842
disease,3.923076923076923,0.7772787479567661,0.09793545256134228
disease,3.942307692307692,0.7763182527029286,0.09805612942049652
disease,3.961538461538461,0.7753589443477887,0.09817818705294468
disease,3.980769230769231,0.7744008214246764,0.09830163212128519
disease,4.0,0.7734438824687347,0.09842647124146153
disease,4.019230769230769,0.7724881260169167,0.09855271098234422
disease,4.038461538461538,0.7715335506079853,0.09868035786531071
disease,4.0576923076923075,0.7705801547825064,0.09880941836388535
disease,4.076923076923077,0.7696279370828525,0.09893989890327458
disease,4.096153846153846,0.7686768960531933,0.09907180586003829
disease,4.115384615384616,0.7677270302395023,0.09920514556163633
disease,4.134615384615384,0.7667783381895454,0.09933992428610908
disease,4.153846153846153,0.7658308184528854,0.09947614826164364
disease,4.1730769230769225,0.7648844695808762,0.09961382366621939
disease,4.192307692307692,0.7639392901266616,0.09975295662723468
disease,4.211538461538461,0.7629952786451759,0.09989355322115198
disease,4.230769230769231,0.7620524336931358,0.10003561947309897
disease,4.25,0.7611107538290443,0.10017916135657871
disease,4.269230769230769,0.7601702376131837,0.1003241847930236
disease,4.288461538461538,0.7592308836076159,0.1004706956515533
disease,4.3076923076923075,0.7582926903761807,0.100618699748529
disease,4.326923076923077,0.7573556564844907,0.10076820284730523
disease,4.346153846153846,0.7564197804999333,0.10091921065781749
disease,4.365384615384616,0.7554850609916629,0.10107172883632547
disease,4.384615384615384,0.7545514965306068,0.10122576298501959
disease,4.403846153846153,0.7536190856894524,0.10138131865176805
disease,4.4230769230769225,0.7526878270426569,0.10153840132974429
disease,4.442307692307692,0.7517577191664333,0.10169701645715225
disease,4.461538461538461,0.7508287606387594,0.10185716941691444
disease,4.48076923076923,0.7499009500393656,0.10201886553636792
disease,4.5,0.74897428594974,0.10218211008695934
disease,4.519230769230769,0.7480487669531224,0.10234690828397192
disease,4.538461538461538,0.7471243916345052,0.10251326528622055
disease,4.5576923076923075,0.7462011585806266,0.10268118619579779
disease,4.576923076923077,0.7452790663799739,0.10285067605775368
disease,4.596153846153846,0.7443581136227755,0.10302173985988124
disease,4.615384615384616,0.7434382989010055,0.10319438253237853
disease,4.634615384615384,0.7425196208083754,0.10336860894766728
disease,4.653846153846153,0.741602077940335,0.10354442392006794
disease,4.6730769230769225,0.7406856688940691,0.10372183220557563
disease,4.692307692307692,0.7397703922684984,0.10390083850159978
disease,4.711538461538461,0.7388562466642717,0.10408144744675756
disease,4.73076923076923,0.7379432306837702,0.1042636636205715
disease,4.75,0.737031342931099,0.10444749154330799
disease,4.769230769230769,0.7361205820120914,0.10463293567567995
disease,4.788461538461538,0.7352109465343001,0.10482000041867957
disease,4.8076923076923075,0.7343024351070014,0.1050086901133244
disease,4.826923076923077,0.733395046341188,0.10519900904044249
disease,4.846153846153846,0.7324887788495706,0.10539096142049989
disease,4.865384615384616,0.7315836312465736,0.10558455141335404
disease,4.884615384615384,0.7306796021483328,0.10577978311806618
disease,4.903846153846153,0.7297766901726943,0.1059766605727118
disease,4.9230769230769225,0.728874893939214,0.10617518775419836
disease,4.942307692307692,0.7279742120691511,0.10637536857804306
disease,4.961538461538461,0.7270746431854703,0.10657720689826378
disease,4.98076923076923,0.7261761859128372,0.10678070650709903
disease,5.0,0.7252788388776166,0.10698587113495923
disease,5.019230769230769,0.7243826007078715,0.10719270445013847
disease,5.038461538461538,0.7234874700333594,0.10740121005876205
disease,5.0576923076923075,0.7225934454855326,0.10761139150453496
disease,5.076923076923077,0.721700525697532,0.10782325226867609
disease,5.096153846153846,0.7208087093041902,0.10803679576968919
disease,5.115384615384616,0.719917994942024,0.1082520253633005
disease,5.134615384615384,0.7190283812492385,0.10846894434225096
disease,5.153846153846153,0.7181398668657178,0.10868755593620884
disease,5.1730769230769225,0.7172524504330307,0.10890786331162955
disease,5.192307692307692,0.7163661305944212,0.10912986957163262
disease,5.211538461538461,0.7154809059948105,0.10935357775587674
disease,5.23076923076923,0.7145967752807962,0.10957899084043689
disease,5.25,0.7137137371006465,0.1098061117377489
disease,5.269230769230769,0.7128317901043012,0.11003494329641879
disease,5.288461538461538,0.711950932943368,0.1102654883012211
disease,5.3076923076923075,0.7110711642711196,0.1104977494729269
disease,5.326923076923077,0.7101924827424947,0.11073172946824211
disease,5.346153846153846,0.7093148870140915,0.1109674308797361
disease,5.365384615384616,0.7084383757441722,0.11120485623573947
disease,5.384615384615384,0.7075629475926533,0.11144400800027866
disease,5.403846153846153,0.7066886012211104,0.11168488857301584
disease,5.4230769230769225,0.7058153352927694,0.11192750028916931
disease,5.442307692307692,0.7049431484725123,0.11217184541943656
disease,5.461538461538461,0.7040720394268666,0.11241792616999084
disease,5.48076923076923,0.7032020068240117,0.11266574468236078
disease,5.5,0.7023330493337687,0.11291530303344709
disease,5.519230769230769,0.7014651656276064,0.11316660323543473
disease,5.538461538461538,0.7005983543786318,0.1134196472357678
disease,5.5576923076923075,0.699732614261595,0.11367443691714141
disease,5.576923076923077,0.6988679439528807,0.11393097409744088
disease,5.596153846153846,0.6980043421305093,0.11418926052972814
disease,5.615384615384615,0.6971418074741377,0.11444929790221357
disease,5.634615384615384,0.696280338665051,0.11471108783828567
disease,5.653846153846153,0.6954199343861669,0.11497463189642358
disease,5.6730769230769225,0.6945605933220286,0.11523993157028327
disease,5.692307692307692,0.6937023141588051,0.11550698828862294
disease,5.711538461538461,0.6928450955842883,0.11577580341533789
disease,5.73076923076923,0.691988936287894,0.116046378249455
disease,5.75,0.6911338349606547,0.11631871402518874
disease,5.769230769230769,0.6902797902952233,0.11659281191188102
disease,5.788461538461538,0.6894268009858662,0.11686867301411645
disease,5.8076923076923075,0.6885748657284629,0.11714629837167298
disease,5.826923076923077,0.6877239832205048,0.11742568895958595
disease,5.846153846153846,0.6868741521610947,0.11770684568816729
disease,5.865384615384615,0.6860253712509403,0.11798976940309068
disease,5.884615384615384,0.6851776391923574,0.11827446088536127
disease,5.903846153846153,0.6843309546892625,0.11856092085144619
disease,5.9230769230769225,0.6834853164471772,0.11884914995325636
disease,5.942307692307692,0.6826407231732184,0.11913914877824978
disease,5.961538461538461,0.6817971735761054,0.11943091784948867
disease,5.98076923076923,0.6809546663661487,0.11972445762566236
disease,6.0,0.6801132002552558,0.1200197685012471
disease,6.019230769230769,0.6792727739569241,0.1203168508064645
disease,6.038461538461538,0.6784333861862412,0.1206157048074839
disease,6.0576923076923075,0.6775950356598833,0.1209163307063926
disease,6.076923076923077,0.6767577210961107,0.12121872864138176
disease,6.096153846153846,0.6759214412147696,0.12152289868674689
disease,6.115384615384615,0.6750861947372868,0.12182884085307918
disease,6.134615384615384,0.6742519803866692,0.12213655508728938
disease,6.153846153846153,0.6734187968875007,0.12244604127274518
disease,6.1730769230769225,0.6725866429659441,0.12275729922936733
disease,6.192307692307692,0.6717555173497332,0.12307032871378025
disease,6.211538461538461,0.6709254187681767,0.12338512941936362
disease,6.23076923076923,0.6700963459521511,0.12370170097645136
disease,6.25,0.669268297634102,0.12402004295236393
disease,6.269230769230769,0.6684412725480432,0.12434015485164861
disease,6.288461538461538,0.66761526942955,0.12466203611612015
disease,6.3076923076923075,0.6667902870157616,0.12498568612503946
disease,6.326923076923077,0.6659663240453766,0.1253111041952345
disease,6.346153846153846,0.6651433792586547,0.1256382895812953
disease,6.365384615384615,0.6643214513974101,0.12596724147563762
disease,6.384615384615384,0.6635005392050123,0.1262979590087631
disease,6.403846153846153,0.662680641426384,0.1266304412493028
disease,6.4230769230769225,0.6618617568079983,0.1269646872042847
disease,6.442307692307692,0.6610438840978782,0.12730069581920453
disease,6.461538461538461,0.660227022045592,0.12763846597827758
disease,6.48076923076923,0.6594111694022561,0.12797799650452887
disease,6.499999999999999,0.6585963249205273,0.12831928616005697
disease,6.519230769230769,0.6577824873546051,0.1286623336461419
disease,6.538461538461538,0.6569696554602282,0.12900713760345686
disease,6.5576923076923075,0.6561578279946716,0.12935369661225607
disease,6.576923076923077,0.6553470037167489,0.12970200919257377
disease,6.596153846153846,0.6545371813868048,0.13005207380438003
disease,6.615384615384615,0.6537283597667183,0.13040388884784554
disease,6.634615384615384,0.6529205376198945,0.13075745266348407
disease,6.653846153846153,0.6521137137112714,0.13111276353236345
disease,6.6730769230769225,0.6513078868073084,0.13146981967636104
disease,6.692307692307692,0.6505030556759943,0.1318286192583107
disease,6.711538461538461,0.6496992190868363,0.13218916038227838
disease,6.73076923076923,0.6488963758108631,0.13255144109373831
disease,6.749999999999999,0.6480945246206222,0.1329154593798138
disease,6.769230769230769,0.6472936642901779,0.13328121316947772
disease,6.788461538461538,0.6464937935951103,0.1336487003338504
disease,6.8076923076923075,0.6456949113125116,0.13401791868632643
disease,6.826923076923077,0.6448970162209852,0.13438886598292174
disease,6.846153846153846,0.6441001071006445,0.13476153992241022
disease,6.865384615384615,0.6433041827331096,0.1351359381466511
disease,6.884615384615384,0.6425092419015054,0.13551205824076548
disease,6.903846153846153,0.6417152833904634,0.13588989773343324
disease,6.9230769230769225,0.6409223059861128,0.13626945409712293
disease,6.942307692307692,0.6401303084760873,0.13665072474833065
disease,6.961538461538461,0.6393392896495144,0.13703370704788365
disease,6.98076923076923,0.6385492482970221,0.13741839830114025
disease,6.999999999999999,0.637760183210728,0.13780479575831178
disease,7.019230769230769,0.6369720931842479,0.13819289661468162
disease,7.038461538461538,0.6361849770126833,0.13858269801089457
disease,7.0576923076923075,0.6353988334926279,0.13897419703324507
disease,7.076923076923077,0.6346136614221609,0.13936739071389811
disease,7.096153846153846,0.6338294596008469,0.1397622760312481
disease,7.115384615384615,0.6330462268297349,0.14015884991010474
disease,7.134615384615384,0.6322639619113539,0.14055710922206746
disease,7.153846153846153,0.6314826636497145,0.14095705078572868
disease,7.1730769230769225,0.6307023308503034,0.14135867136702973
disease,7.192307692307692,0.6299229623200839,0.14176196767951002
disease,7.211538461538461,0.6291445568674947,0.14216693638459943
disease,7.23076923076923,0.6283671133024449,0.14257357409195567
disease,7.249999999999999,0.6275906304363167,0.14298187735970008
disease,7.269230769230769,0.6268151070819582,0.14339184269478833
disease,7.288461538461538,0.6260405420536872,0.14380346655322895
disease,7.3076923076923075,0.6252669341672852,0.1442167453404908
disease,7.326923076923077,0.6244942822399971,0.14463167541172348
disease,7.346153846153846,0.6237225850905297,0.14504825307210603
disease,7.365384615384615,0.622951841539049,0.14546647457716055
disease,7.384615384615384,0.6221820504071801,0.1458863361330456
disease,7.403846153846153,0.6214132105180027,0.14630783389691554
disease,7.4230769230769225,0.6206453206960525,0.14673096397717905
disease,7.442307692307692,0.6198783797673164,0.14715572243388964
disease,7.461538461538461,0.6191123865592327,0.14758210527898957
disease,7.480769230769231,0.6183473399006886,0.14801010847672205
disease,7.5,0.6175832386220175,0.14843972794389554
disease,7.519230769230769,0.6168200815549999,0.14887095955021323
disease,7.538461538461538,0.6160578675328584,0.1493037991186663
disease,7.5576923076923075,0.6152965953902587,0.14973824242578238
disease,7.576923076923077,0.614536263963305,0.15017428520203857
disease,7.596153846153846,0.6137768720895416,0.1506119231321307
disease,7.615384615384615,0.6130184186079469,0.1510511518553744
disease,7.634615384615384,0.6122609023589369,0.1514919669659867
disease,7.653846153846152,0.6115043221843581,0.15193436401348134
disease,7.673076923076922,0.6107486769274885,0.15237833850297852
disease,7.692307692307691,0.6099939654330369,0.15282388589555027
disease,7.711538461538462,0.6092401865471373,0.15327100160859938
disease,7.730769230769231,0.6084873391173534,0.15371968101616562
disease,7.75,0.6077354219926688,0.1541699194493127
disease,7.769230769230769,0.6069844340234916,0.15462171219645754
disease,7.788461538461538,0.6062343740616505,0.1550750545037263
disease,7.8076923076923075,0.6054852409603924,0.15552994157532585
disease,7.826923076923077,0.6047370335743816,0.15598636857387932
disease,7.846153846153846,0.6039897507596972,0.15644433062078908
disease,7.865384615384615,0.6032433913738319,0.15690382279660736
disease,7.884615384615384,0.6024979542756917,0.1573648401413725
disease,7.903846153846152,0.6017534383255909,0.1578273776550041
disease,7.923076923076922,0.6010098423852529,0.15829143029763412
disease,7.942307692307691,0.6002671653178072,0.15875699298998625
disease,7.961538461538462,0.599525405987789,0.15922406061373762
disease,7.980769230769231,0.598784563261136,0.15969262801188452
disease,8.0,0.5980446360051872,0.1601626899891101
disease,8.019230769230768,0.5973056230886815,0.1606342413121518
disease,8.038461538461538,0.5965675233817557,0.16110727671017036
disease,8.057692307692307,0.5958303357559426,0.16158179087512067
disease,8.076923076923077,0.5950940590841696,0.16205777846212127
disease,8.096153846153845,0.5943586922407568,0.16253523408982856
disease,8.115384615384615,0.5936242341014148,0.16301415234080432
disease,8.134615384615383,0.5928906835432455,0.1634945277618945
disease,8.153846153846153,0.5921580394447362,0.16397635486460355
disease,8.173076923076922,0.5914263006857609,0.16445962812546452
disease,8.192307692307692,0.5906954661475774,0.1649443419864186
disease,8.211538461538462,0.5899655347128263,0.16543049085519
disease,8.230769230769232,0.5892365052655282,0.1659180691056658
disease,8.25,0.5885083766910847,0.16640707107825978
disease,8.269230769230768,0.5877811478762732,0.16689749108031746
disease,8.288461538461538,0.5870548177092464,0.16738932338646853
disease,8.307692307692307,0.5863293850795317,0.1678825622390186
disease,8.326923076923077,0.5856048488780285,0.16837720184832586
disease,8.346153846153845,0.5848812079970065,0.1688732363931816
disease,8.365384615384615,0.5841584613301047,0.16937066002119003
disease,8.384615384615383,0.5834366077723291,0.1698694668491489
disease,8.403846153846153,0.582715646220051,0.170369650963431
disease,8.423076923076922,0.5819955755710055,0.17087120642036485
disease,8.442307692307692,0.5812763947242896,0.17137412724661646
disease,8.461538461538462,0.580558102580361,0.17187840743957092
disease,8.480769230769232,0.5798406980410363,0.17238404096771404
disease,8.5,0.5791241800094891,0.17289102177101442
disease,8.519230769230768,0.5784085473902474,0.17339934376130633
disease,8.538461538461538,0.5776937990891944,0.17390900082267047
disease,8.557692307692307,0.576979934013564,0.17441998681181747
disease,8.576923076923077,0.5762669510719416,0.17493229555846918
disease,8.596153846153845,0.5755548491742603,0.17544592086574137
disease,8.615384615384615,0.5748436272318005,0.1759608565105261
disease,8.634615384615383,0.5741332841571885,0.17647709624387278
disease,8.653846153846153,0.5734238188643934,0.17699463379137118
disease,8.673076923076922,0.5727152302687268,0.1775134628535324
disease,8.692307692307692,0.5720075172868411,0.17803357710617124
disease,8.711538461538462,0.5713006788367264,0.17855497020078678
disease,8.730769230769232,0.5705947138377109,0.17907763576494384
disease,8.75,0.5698896212104574,0.17960156740265387
disease,8.769230769230768,0.5691853998769626,0.18012675869475553
disease,8.788461538461538,0.5684820487605556,0.1806532031992944
disease,8.807692307692307,0.567779566785896,0.18118089445190347
disease,8.826923076923077,0.5670779528789717,0.18170982596618207
disease,8.846153846153845,0.5663772059670982,0.18223999123407508
disease,8.865384615384615,0.5656773249789165,0.18277138372625112
disease,8.884615384615383,0.5649783088443916,0.18330399689248106
disease,8.903846153846153,0.5642801564948106,0.18383782416201483
disease,8.923076923076922,0.5635828668627807,0.18437285894395933
disease,8.942307692307692,0.5628864388822291,0.18490909462765406
disease,8.96153846153846,0.5621908714883996,0.18544652458304708
disease,8.980769230769232,0.5614961636178524,0.18598514216106996
disease,9.0,0.5608023142084608,0.18652494069401246
disease,9.019230769230768,0.5601093221994119,0.1870659134958966
disease,9.038461538461538,0.5594171865312025,0.18760805386284884
disease,9.057692307692307,0.5587259061456392,0.18815135507347358
disease,9.076923076923077,0.5580354799858364,0.18869581038922334
disease,9.096153846153845,0.5573459069962137,0.18924141305477082
disease,9.115384615384615,0.5566571861224962,0.18978815629837748
disease,9.134615384615383,0.5559693163117108,0.190336033332264
disease,9.153846153846153,0.5552822965121861,0.1908850373529773
disease,9.173076923076922,0.5545961256735501,0.19143516154175827
disease,9.192307692307692,0.5539108027467292,0.19198639906490794
disease,9.21153846153846,0.5532263266839456,0.19253874307415322
disease,9.230769230769232,0.5525426964387161,0.19309218670701112
disease,9.25,0.5518599109658515,0.1936467230871519
disease,9.269230769230768,0.5511779692214533,0.19420234532476158
disease,9.288461538461538,0.5504968701629136,0.19475904651690343
disease,9.307692307692307,0.5498166127489121,0.1953168197478782
disease,9.326923076923077,0.5491371959394165,0.1958756580895826
disease,9.346153846153845,0.5484586186956781,0.19643555460186835
disease,9.365384615384615,0.5477808799802334,0.19699650233289828
disease,9.384615384615383,0.5471039787568998,0.19755849431950218
disease,9.403846153846153,0.5464279139907752,0.19812152358753168
disease,9.423076923076922,0.545752684648237,0.19868558315221282
disease,9.442307692307692,0.5450782896969394,0.19925066601849856
disease,9.46153846153846,0.5444047281058123,0.1998167651814198
disease,9.480769230769232,0.5437319988450595,0.2003838736264342
disease,9.5,0.5430601008861582,0.20095198432977465
disease,9.519230769230768,0.5423890332018556,0.20152109025879686
disease,9.538461538461538,0.5417187947661687,0.20209118437232368
disease,9.557692307692307,0.5410493845543823,0.20266225962099013
disease,9.576923076923077,0.5403808015430478,0.203234308947586
disease,9.596153846153845,0.5397130447099803,0.20380732528739706
disease,9.615384615384615,0.5390461130342589,0.20438130156854525
disease,9.634615384615383,0.5383800054962243,0.2049562307123272
disease,9.653846153846153,0.5377147210774765,0.205532105633551
disease,9.673076923076922,0.5370502587608749,0.2061089192408724
disease,9.692307692307692,0.5363866175305345,0.20668666443712802
disease,9.71153846153846,0.5357237963718273,0.20726533411966905
disease,9.730769230769232,0.5350617942713777,0.2078449211806912
disease,9.75,0.534400610217063,0.20842541850756488
disease,9.769230769230768,0.5337402431980112,0.20900681898316278
disease,9.788461538461538,0.533080692204599,0.20958911548618694
disease,9.807692307692307,0.5324219562284513,0.21017230089149258
disease,9.826923076923077,0.5317640342624388,0.21075636807041184
disease,9.846153846153845,0.5311069253006765,0.21134130989107486
disease,9.865384615384615,0.5304506283385227,0.21192711921873028
disease,9.884615384615383,0.5297951423725772,0.21251378891606265
disease,9.903846153846153,0.5291404664006791,0.21310131184350997
disease,9.923076923076922,0.5284865994219068,0.21368968085957746
disease,9.942307692307692,0.5278335404365748,0.21427888882115148
disease,9.96153846153846,0.5271812884462336,0.21486892858381024
disease,9.980769230769232,0.5265298424536667,0.21545979300213447
disease,10.0,0.5258792014628907,0.2160514749300143
disease,10.019230769230768,0.5252293644791522,0.2166439672209564
disease,10.038461538461538,0.5245803305089279,0.21723726272838764
disease,10.057692307692307,0.523932098559921,0.21783135430595796
disease,10.076923076923077,0.5232846676410621,0.21842623480784146
disease,10.096153846153845,0.5226380367625058,0.21902189708903505
disease,10.115384615384615,0.5219922049356303,0.21961833400565567
disease,10.134615384615383,0.5213471711730349,0.22021553841523597
disease,10.153846153846153,0.5207029344885395,0.22081350317701748
disease,10.173076923076922,0.5200594938971822,0.22141222115224252
disease,10.192307692307692,0.5194168484152181,0.22201168520444442
disease,10.21153846153846,0.518774997060119,0.2226118881997338
disease,10.230769230769232,0.51813393885057,0.22321282300708634
disease,10.25,0.5174936728064691,0.2238144824986257
disease,10.269230769230768,0.5168541979489256,0.22441685954990695
disease,10.288461538461538,0.5162155133002578,0.225019947040196
disease,10.307692307692307,0.5155776178839927,0.2256237378527485
disease,10.326923076923077,0.5149405107248637,0.22622822487508557
disease,10.346153846153845,0.5143041908488092,0.2268334009992695
disease,10.365384615384615,0.5136686572829715,0.22743925912217502
disease,10.384615384615383,0.5130339090556952,0.22804579214576046
disease,10.403846153846153,0.5123999451965254,0.22865299297733688
disease,10.423076923076922,0.5117667647362061,0.229260854529834
disease,10.442307692307692,0.5111343667066796,0.22986936972206526
disease,10.46153846153846,0.510502750141084,0.23047853147899053
disease,10.480769230769232,0.5098719140737527,0.2310883327319766
disease,10.5,0.5092418575402118,0.23169876641905576
disease,10.519230769230768,0.5086125795771795,0.2323098254851833
disease,10.538461538461538,0.5079840792225645,0.2329215028824913
disease,10.557692307692307,0.5073563555154639,0.23353379157054202
disease,10.576923076923077,0.5067294074961624,0.23414668451657797
disease,10.596153846153845,0.5061032342061309,0.23476017469577093
disease,10.615384615384615,0.5054778346880245,0.23537425509146806
disease,10.634615384615383,0.5048532079856815,0.23598891869543726
disease,10.653846153846153,0.5042293531441212,0.23660415850810912
disease,10.673076923076922,0.5036062692095439,0.23721996753881708
disease,10.692307692307692,0.5029839552293278,0.2378363388060364
disease,10.71153846153846,0.5023624102520285,0.23845326533762096
disease,10.730769230769232,0.5017416333273775,0.23907074017103627
disease,10.75,0.5011216235062803,0.23968875635359296
disease,10.769230769230768,0.5005023798408155,0.24030730694267607
disease,10.788461538461538,0.49988390138423255,0.24092638500597352
disease,10.807692307692307,0.4992661871909514,0.24154598362170268
disease,10.826923076923077,0.49864923631655983,0.24216609587883373
disease,10.846153846153845,0.49803304781781316,0.24278671487731165
disease,10.865384615384615,0.4974176207526321,0.24340783372827623
disease,10.884615384615383,0.49680295418010156,0.24402944555427958
disease,10.903846153846153,0.49618904716046913,0.2446515434895023
disease,10.923076923076922,0.4955758987551436,0.2452741206799665
disease,10.942307692307692,0.4949635080266936,0.24589717028374802
disease,10.96153846153846,0.49435187403884623,0.24652068547118522
disease,10.98076923076923,0.49374099585648556,0.2471446594250867
disease,11.0,0.4931308725456512,0.2477690853409365
disease,11.019230769230768,0.4925215031735369,0.24839395642709725
disease,11.038461538461538,0.491912886808489,0.2490192659050121
disease,11.057692307692307,0.49130502252000513,0.24964500700940234
disease,11.076923076923077,0.49069790937873226,0.25027117298846596
disease,11.096153846153845,0.49009154645646685,0.2508977571040712
disease,11.115384615384615,0.48948593282615166,0.2515247526319499
disease,11.134615384615383,0.4888810675618752,0.25215215286188875
disease,11.153846153846153,0.48827694973887004,0.25277995109791723
disease,11.173076923076922,0.4876735784335115,0.25340814065849476
disease,11.192307692307692,0.48707095272331646,0.25403671487669477
disease,11.21153846153846,0.48646907168694153,0.25466566710038796
disease,11.23076923076923,0.48586793440418174,0.2552949906924218
disease,11.25,0.48526753995596933,0.25592467903079935
disease,11.269230769230768,0.48466788742437245,0.2565547255088556
disease,11.288461538461538,0.4840689758925932,0.25718512353543177
disease,11.307692307692307,0.483470804444967,0.2578158665350467
disease,11.326923076923077,0.4828733721669603,0.2584469479480683
disease,11.346153846153845,0.48227667814517006,0.2590783612308805
disease,11.365384615384615,0.4816807214673215,0.25971009985605026
disease,11.384615384615383,0.4810855012222676,0.2603421573124901
disease,11.403846153846153,0.48049101649998716,0.26097452710562175
disease,11.423076923076922,0.4798972663915832,0.2616072027575352
disease,11.442307692307692,0.4793042499892822,0.2622401778071465
disease,11.46153846153846,0.4787119663864323,0.2628734458103537
disease,11.48076923076923,0.4781204146775021,0.26350700034019126
disease,11.5,0.4775295939580789,0.2641408349869813
disease,11.519230769230768,0.47693950332486795,0.2647749433584835
disease,11.538461538461538,0.4763501418756903,0.26540931908004267
disease,11.557692307692307,0.47576150870948225,0.2660439557947358
disease,11.576923076923077,0.4751736029262934,0.26667884716351403
disease,11.596153846153845,0.4745864236272853,0.2673139868653462
disease,11.615384615384615,0.47399996991473037,0.2679493685973576
disease,11.634615384615383,0.4734142408920103,0.26858498607496795
disease,11.653846153846153,0.4728292356636148,0.269220833032028
disease,11.673076923076922,0.47224495333513994,0.2698569032209527
disease,11.692307692307692,0.47166139301328747,0.27049319041285347
disease,11.71153846153846,0.4710785538058627,0.27112968839766843
disease,11.73076923076923,0.4704964348217735,0.2717663909842899
disease,11.75,0.46991503517102867,0.2724032920006911
disease,11.769230769230768,0.4693343539647372,0.2730403852940501
disease,11.788461538461538,0.46875439031510624,0.273677664730872
disease,11.807692307692307,0.46817514333543997,0.2743151241971093
disease,11.826923076923077,0.46759661214013837,0.27495275759828075
disease,11.846153846153845,0.46701879584469574,0.27559055885958694
disease,11.865384615384615,0.46644169356569937,0.27622852192602587
disease,11.884615384615383,0.4658653044208281,0.27686664076250533
disease,11.903846153846153,0.4652896275288514,0.2775049093539536
disease,11.923076923076922,0.4647146620096273,0.2781433217054281
disease,11.942307692307692,0.4641404069841015,0.2787818718422238
disease,11.96153846153846,0.4635668615743063,0.2794205538099769
disease,11.98076923076923,0.46299402490335856,0.2800593616747687
disease,12.0,0.46242189609545875,0.28069828952322806
disease,12.019230769230768,0.46185047427588977,0.28133733146262946
disease,12.038461538461538,0.4612797585710152,0.2819764816209924
disease,12.057692307692307,0.4607097481082785,0.2826157341471763
disease,12.076923076923077,0.4601404420162009,0.28325508321097553
disease,12.096153846153845,0.459571839424381,0.2838945230032114
disease,12.115384615384615,0.45900393946349266,0.2845340477358227
disease,12.134615384615383,0.45843674126528405,0.2851736516419551
disease,12.153846153846153,0.4578702439625764,0.2858133289760473
disease,12.173076923076922,0.45730444668926223,0.28645307401391745
disease,12.192307692307692,0.4567393485803046,0.28709288105284586
disease,12.21153846153846,0.4561749487717354,0.2877327444116567
disease,12.23076923076923,0.4556112464006541,0.288372658430799
disease,12.25,0.4550482406052266,0.2890126174724239
disease,12.269230769230768,0.4544859305246836,0.28965261592046154
disease,12.288461538461538,0.45392431529931965,0.2902926481806961
disease,12.307692307692307,0.4533633940704915,0.29093270868083915
disease,12.326923076923077,0.452803165980617,0.29157279187060053
disease,12.346153846153845,0.4522436301731738,0.2922128922217586
disease,12.365384615384615,0.4516847857926979,0.292853004228228
disease,12.384615384615383,0.4511266319847822,0.2934931224061264
disease,12.403846153846153,0.45056916789607576,0.2941332412938391
disease,12.423076923076922,0.45001239267428206,0.2947733554520821
disease,12.442307692307692,0.4494563054681576,0.2954134594639639
disease,12.46153846153846,0.44890090542751093,0.2960535479350448
disease,12.48076923076923,0.44834619170320117,0.29669361549339546
disease,12.5,0.44779216344713657,0.29733365678965407
disease,12.519230769230768,0.44723881981227365,0.2979736664970802
disease,12.538461538461538,0.44668615995261546,0.2986136393116094
disease,12.557692307692307,0.4461341830232105,0.299253569951904
disease,12.576923076923077,0.4455828881801515,0.2998934531594045
disease,12.596153846153845,0.44503227458057387,0.3005332836983774
disease,12.615384615384615,0.4444823413826545,0.30117305635596325
disease,12.634615384615383,0.4439330877456107,0.30181276594222106
disease,12.653846153846153,0.44338451282969876,0.3024524072901742
disease,12.673076923076922,0.44283661579621253,0.303091975255851
disease,12.692307692307692,0.4422893958074823,0.3037314647183278
disease,12.71153846153846,0.44174285202687347,0.3043708705797667
disease,12.73076923076923,0.4411969836187854,0.3050101877654554
disease,12.75,0.44065178974864966,0.30564941122384287
disease,12.769230769230768,0.4401072695829297,0.30628853592657457
disease,12.788461538461538,0.4395634222891186,0.3069275568685264
disease,12.807692307692307,0.43902024703573805,0.30756646906783697
disease,12.826923076923077,0.43847774299233755,0.30820526756593847
disease,12.846153846153845,0.43793590932949267,0.308843947427586
disease,12.865384615384615,0.43739474521880384,0.3094825037408857
disease,12.884615384615383,0.4368542498328951,0.31012093161732185
disease,12.903846153846153,0.43631442234541307,0.3107592261917806
disease,12.923076923076922,0.43577526193102545,0.31139738262257577
disease,12.942307692307692,0.4352367677654198,0.31203539609147
disease,12.96153846153846,0.43469893902530227,0.3126732618036961
disease,12.98076923076923,0.4341617748883964,0.3133109749879775
disease,12.999999999999998,0.4336252745334419,0.31394853089654573
disease,13.019230769230768,0.4330894371401929,0.3145859248051589
disease,13.038461538461538,0.43255426188941765,0.3152231520131159
disease,13.057692307692307,0.43201974796289677,0.31586020784327157
disease,13.076923076923077,0.4314858945434215,0.3164970876420506
disease,13.096153846153845,0.4309527008147934,0.3171337867794582
disease,13.115384615384615,0.4304201659618222,0.3177703006490923
disease,13.134615384615383,0.4298882891703253,0.31840662466815134
disease,13.153846153846153,0.42935706962712594,0.319042754277444
disease,13.173076923076922,0.4288265065200524,0.3196786849413942
disease,13.192307692307692,0.4282965990379366,0.3203144121480489
disease,13.21153846153846,0.4277673463706126,0.32094993140908107
disease,13.23076923076923,0.4272387477089157,0.32158523825979396
disease,13.249999999999998,0.42671080224468133,0.32222032825912184
disease,13.269230769230768,0.4261835091707431,0.3228551969896324
disease,13.288461538461538,0.4256568676809327,0.32348984005752546
disease,13.307692307692307,0.42513087697007734,0.3241242530926322
disease,13.326923076923077,0.4246055362339995,0.32475843174841185
disease,13.346153846153845,0.42408084466951557,0.32539237170194824
disease,13.365384615384615,0.42355680147443414,0.32602606865394546
disease,13.384615384615383,0.42303340584755533,0.3266595183287209
disease,13.403846153846153,0.422510656988669,0.32729271647419894
disease,13.423076923076922,0.4219885540985542,0.32792565886190234
disease,13.442307692307692,0.4214670963789774,0.328558341286943
disease,13.46153846153846,0.4209462830326914,0.3291907595680116
disease,13.48076923076923,0.42042611326343426,0.3298229095473669
disease,13.499999999999998,0.41990658627592814,0.3304547870908218
disease,13.519230769230768,0.41938770127587766,0.3310863880877308
disease,13.538461538461538,0.4188694574699691,0.3317177084509754
disease,13.557692307692307,0.41835185406586906,0.3323487441169485
disease,13.576923076923077,0.41783489027222315,0.3329794910455371
disease,13.596153846153845,0.4173185652986551,0.3336099452201056
disease,13.615384615384615,0.41680287835576496,0.3342401026474771
disease,13.634615384615383,0.41628782865512853,0.3348699593579129
disease,13.653846153846153,0.4157734154092958,0.3354995114050932
disease,13.673076923076922,0.41525963783178993,0.3361287548660947
disease,13.692307692307692,0.41474649513710565,0.336757685841369
disease,13.71153846153846,0.41423398654070853,0.3373863004547176
disease,13.73076923076923,0.41372211125903385,0.3380145948532697
disease,13.749999999999998,0.4132108685094847,0.33864256520745495
disease,13.769230769230768,0.41270025751043143,0.33927020771097927
disease,13.788461538461538,0.41219027748121034,0.3398975185807955
disease,13.807692307692307,0.4116809276421224,0.3405244940570778
disease,13.826923076923077,0.4111722072144319,0.3411511304031909
disease,13.846153846153845,0.41066411542036557,0.34177742390566174
disease,13.865384615384615,0.41015665148311126,0.342403370874148
disease,13.884615384615383,0.40964981462681666,0.34302896764140783
disease,13.903846153846153,0.4091436040765881,0.3436542105632659
disease,13.923076923076922,0.4086380190584899,0.344279096018582
disease,13.942307692307692,0.40813305879954215,0.3449036204092162
disease,13.96153846153846,0.40762872252772037,0.3455277801599947
disease,13.98076923076923,0.4071250094719544,0.34615157171867367
disease,13.999999999999998,0.4066219188621263,0.346774991555904
disease,14.019230769230768,0.40611944992907034,0.3473980361651929
disease,14.038461538461538,0.40561760190457086,0.34802070206286734
disease,14.057692307692307,0.4051163740213616,0.3486429857880348
disease,14.076923076923077,0.40461576551312456,0.349264883902544
disease,14.096153846153845,0.4041157756144887,0.3498863929909449
disease,14.115384615384615,0.40361640356102846,0.350507509660448
disease,14.134615384615383,0.40311764858926313,0.3511282305408829
disease,14.153846153846153,0.40261950993665563,0.35174855228465496
disease,14.173076923076922,0.4021219868416106,0.35236847156670464
disease,14.192307692307692,0.4016250785434743,0.3529879850844617
disease,14.21153846153846,0.40112878428253285,0.3536070895578014
disease,14.23076923076923,0.400633103300011,0.3542257817290009
disease,14.249999999999998,0.40013803483807125,0.3548440583626914
disease,14.269230769230768,0.3996435781398125,0.3554619162458135
disease,14.288461538461538,0.39914973244926905,0.35607935218757025
disease,14.307692307692307,0.39865649701140915,0.356696363019378
disease,14.326923076923077,0.39816387107213436,0.35731294559482013
disease,14.346153846153845,0.397671853878278,0.3579290967895968
disease,14.365384615384615,0.39718044467760394,0.35854481350147605
disease,14.384615384615383,0.39668964271880564,0.3591600926502441
disease,14.403846153846153,0.3961994472515051,0.35977493117765413
disease,14.423076923076922,0.3957098575262514,0.36038932604737534
disease,14.442307692307692,0.39522087279451984,0.3610032742449411
disease,14.46153846153846,0.3947324923087107,0.36161677277769694
disease,14.48076923076923,0.3942447153221482,0.3622298186747465
disease,14.499999999999998,0.39375754108907884,0.3628424089868998
disease,14.519230769230768,0.39327096886467094,0.36345454078661815
disease,14.538461538461538,0.39278499790501314,0.3640662111679596
disease,14.557692307692307,0.3922996274671135,0.3646774172465243
disease,14.576923076923077,0.39181485680889794,0.3652881561593986
disease,14.596153846153845,0.3913306851892097,0.3658984250650994
disease,14.615384615384615,0.3908471118678076,0.36650822114351705
disease,14.634615384615383,0.3903641361053652,0.36711754159585885
disease,14.653846153846153,0.3898817571634699,0.3677263836445912
disease,14.673076923076922,0.38939997430462137,0.3683347445333815
disease,14.692307692307692,0.3889187867922306,0.36894262152704005
disease,14.71153846153846,0.38843819389061884,0.36955001191146114
disease,14.73076923076923,0.3879581948650164,0.3701569129935629
disease,14.749999999999998,0.38747878898156174,0.3707633221012283
disease,14.769230769230768,0.3869999755072999,0.3713692365832451
disease,14.788461538461538,0.3865217537101819,0.3719746538092442
disease,14.807692307692307,0.38604412285906314,0.3725795711696393
disease,14.826923076923077,0.38556708222370273,0.37318398607556524
disease,14.846153846153845,0.3850906310747617,0.37378789595881645
disease,14.865384615384615,0.384614768683803,0.3743912982717839
disease,14.884615384615383,0.3841394943232892,0.3749941904873931
disease,14.903846153846153,0.38366480726658214,0.3755965700990406
disease,14.923076923076922,0.3831907067879415,0.37619843462053126
disease,14.942307692307692,0.3827171921625237,0.37679978158601357
disease,14.961538461538462,0.382244262666381,0.3774006085499162
disease,14.98076923076923,0.3817719175764603,0.3780009130868832
disease,15.0,0.38130015617060153,0.3786006927917095
disease,15.019230769230768,0.38082897772753777,0.3791999452792752
disease,15.038461538461538,0.3803583815268928,0.37979866818448044
disease,15.057692307692305,0.3798883668491807,0.3803968591621798
disease,15.076923076923077,0.37941893297580465,0.38099451588711647
disease,15.096153846153843,0.378950079189056,0.3815916360538542
disease,15.115384615384615,0.3784818047721125,0.3821882173767128
disease,15.134615384615381,0.37801410900903837,0.38278425758969925
disease,15.153846153846153,0.37754699118478197,0.38337975444644184
disease,15.173076923076923,0.37708045058517536,0.3839747057201216
disease,15.192307692307692,0.3766144864969335,0.38456910920340526
disease,15.211538461538462,0.37614909820765224,0.3851629627083766
disease,15.23076923076923,0.37568428500580814,0.38575626406646774
disease,15.25,0.37522004618075633,0.38634901112839243
disease,15.269230769230768,0.374756381022731,0.3869412017640741
disease,15.288461538461538,0.37429328882284313,0.38753283386257964
disease,15.307692307692305,0.3738307688730796,0.3881239053320481
disease,15.326923076923077,0.3733688204663019,0.3887144140996228
disease,15.346153846153843,0.3729074428962457,0.3893043581113802
disease,15.365384615384615,0.3724466354575195,0.38989373533226035
disease,15.384615384615381,0.3719863974456031,0.39048254374599733
disease,15.403846153846153,0.3715267281568471,0.39107078135504775
disease,15.423076923076923,0.3710676268884717,0.39165844618052126
disease,15.442307692307692,0.3706090929385654,0.39224553626210873
disease,15.461538461538462,0.370151125606084,0.39283204965801266
disease,15.48076923076923,0.36969372419084967,0.393417984444874
disease,15.5,0.3692368879935498,0.3940033387177035
disease,15.519230769230768,0.36878061631573605,0.3945881105898079
disease,15.538461538461538,0.36832490845982274,0.3951722981927201
disease,15.557692307692305,0.3678697637290868,0.3957558996761251
disease,15.576923076923077,0.36741518142766566,0.396338913207791
disease,15.596153846153843,0.366961160860557,0.3969213369734946
disease,15.615384615384615,0.36650770133361693,0.39750316917695044
disease,15.634615384615381,0.36605480215355973,0.39808440803973766
disease,15.653846153846153,0.365602462627956,0.39866505180122863
disease,15.673076923076923,0.3651506820652321,0.39924509871851527
disease,15.692307692307692,0.3646994597746693,0.3998245470663368
disease,15.711538461538462,0.36424879506640184,0.4004033951370073
disease,15.73076923076923,0.36379868725141695,0.40098164124034164
disease,15.75,0.36334913564155297,0.40155928370358496
disease,15.769230769230768,0.36290013954949873,0.4021363208713358
disease,15.788461538461538,0.3624516982887924,0.4027127511054763
disease,15.807692307692305,0.3620038111738204,0.40328857278509744
disease,15.826923076923077,0.36155647751981623,0.4038637843064258
disease,15.846153846153843,0.36110969664285986,0.40443838408275024
disease,15.865384615384615,0.3606634678598761,0.40501237054434874
disease,15.884615384615381,0.3602177904886341,0.4055857421384138
disease,15.903846153846153,0.35977266384774576,0.40615849732898024
disease,15.923076923076923,0.3593280872566653,0.4067306345968504
disease,15.942307692307692,0.3588840600356877,0.40730215243952117
disease,15.961538461538462,0.35844058150594776,0.40787304937110974
disease,15.98076923076923,0.3579976509894196,0.40844332392227983
disease,16.0,0.3575552678089146,0.40901297464016856
disease,16.019230769230766,0.35711343128808154,0.40958200008831097
disease,16.038461538461537,0.3566721407514044,0.41015039884656823
disease,16.057692307692307,0.3562313955242024,0.41071816951105156
disease,16.076923076923077,0.3557911949326283,0.4112853106940508
disease,16.096153846153843,0.3553515383036674,0.4118518210239576
disease,16.115384615384613,0.35491242496513675,0.4124176991451935
disease,16.134615384615383,0.3544738542456841,0.41298294371813526
disease,16.153846153846153,0.3540358254747868,0.41354755341904115
disease,16.173076923076923,0.35359833798275053,0.4141115269399764
disease,16.19230769230769,0.3531613911007089,0.4146748629887398
disease,16.211538461538463,0.35272498416062176,0.41523756028878966
disease,16.23076923076923,0.35228911649527467,0.4157996175791692
disease,16.25,0.35185378743827744,0.41636103361443433
disease,16.269230769230766,0.35141899632406365,0.4169218071645774
disease,16.288461538461537,0.35098474248788897,0.41748193701495495
disease,16.307692307692307,0.35055102526583076,0.41804142196621397
disease,16.326923076923077,0.35011784399478685,0.4186002608342166
disease,16.346153846153843,0.3496851980124743,0.419158452449968
disease,16.365384615384613,0.34925308665742855,0.41971599565954193
disease,16.384615384615383,0.3488215092690025,0.42027288932400647
disease,16.403846153846153,0.34839046518736544,0.42082913231935165
disease,16.423076923076923,0.34795995375350214,0.4213847235364145
disease,16.44230769230769,0.3475299743092115,0.42193966188080667
disease,16.461538461538463,0.34710052619710574,0.42249394627284054
disease,16.48076923076923,0.34667160876060976,0.42304757564745477
disease,16.5,0.34624322134395935,0.42360054895414334
disease,16.519230769230766,0.34581536329220103,0.4241528651568797
disease,16.538461538461537,0.3453880339511904,0.42470452323404495
disease,16.557692307692307,0.34496123266759154,0.4252555221783543
disease,16.576923076923077,0.3445349587888758,0.4258058609967847
disease,16.596153846153843,0.34410921166332104,0.4263555387105003
disease,16.615384615384613,0.34368399064001004,0.42690455435478136
disease,16.634615384615383,0.3432592950688304,0.4274529069789502
disease,16.653846153846153,0.34283512430047275,0.428000595646299
disease,16.673076923076923,0.34241147768643027,0.42854761943401704
disease,16.69230769230769,0.3419883545789974,0.42909397743311783
disease,16.711538461538463,0.34156575433126907,0.42963966874836773
disease,16.73076923076923,0.3411436762971396,0.4301846924982119
disease,16.75,0.34072211983130146,0.4307290478147041
disease,16.769230769230766,0.34030108428924494,0.43127273384343273
disease,16.788461538461537,0.33988056902725633,0.43181574974345005
disease,16.807692307692307,0.3394605734024178,0.43235809468719955
disease,16.826923076923077,0.33904109677260547,0.4328997678604448
disease,16.846153846153843,0.3386221384964896,0.4334407684621971
disease,16.865384615384613,0.33820369793353217,0.43398109570464416
disease,16.884615384615383,0.33778577444398755,0.43452074881307906
disease,16.903846153846153,0.3373683673888998,0.4350597270258288
disease,16.923076923076923,0.3369514761301031,0.43559802959418237
disease,16.94230769230769,0.33653510003022025,0.43613565578232044
disease,16.961538461538463,0.3361192384526612,0.4366726048672449
disease,16.98076923076923,0.33570389076162305,0.4372088761387067
disease,17.0,0.3352890563220883,0.43774446889913654
disease,17.019230769230766,0.3348747344998242,0.4382793824635736
disease,17.038461538461537,0.3344609246613816,0.43881361615959497
disease,17.057692307692307,0.3340476261740945,0.43934716932724666
disease,17.076923076923077,0.3336348384060783,0.43988004131897207
disease,17.096153846153843,0.3332225607262294,0.4404122314995428
disease,17.115384615384613,0.33281079250422413,0.44094373924598884
disease,17.134615384615383,0.33239953311051734,0.44147456394752926
disease,17.153846153846153,0.33198878191634235,0.4420047050055017
disease,17.173076923076923,0.3315785382937092,0.4425341618332937
disease,17.19230769230769,0.33116880161540413,0.4430629338562739
disease,17.211538461538463,0.3307595712549879,0.4435910205117224
disease,17.23076923076923,0.3303508465867958,0.44411842124876266
disease,17.25,0.3299426269859364,0.44464513552829166
disease,17.269230769230766,0.3295349118282902,0.4451711628229124
disease,17.288461538461537,0.3291277004905089,0.4456965026168655
disease,17.307692307692307,0.32872099235001473,0.44622115440596
disease,17.326923076923077,0.3283147867849989,0.4467451176975069
disease,17.346153846153843,0.32790908317442147,0.44726839201025015
disease,17.365384615384613,0.3275038808980093,0.4477909768742994
disease,17.384615384615383,0.3270991793362564,0.44831287183106255
disease,17.403846153846153,0.3266949778704218,0.4488340764331783
disease,17.423076923076923,0.32629127588252926,0.4493545902444489
disease,17.44230769230769,0.3258880727553666,0.44987441283977375
disease,17.461538461538463,0.32548536787248356,0.4503935438050823
disease,17.48076923076923,0.32508316061819226,0.4509119827372668
disease,17.5,0.3246814503775654,0.4514297292441173
disease,17.519230769230766,0.32428023653643556,0.4519467829442541
disease,17.538461538461537,0.32387951848139435,0.45246314346706273
disease,17.557692307692307,0.3234792955997914,0.4529788104526273
disease,17.576923076923077,0.32307956727973297,0.45349378355166553
disease,17.596153846153843,0.322680332910082,0.45400806242546227
disease,17.615384615384613,0.3222815918804564,0.4545216467458063
disease,17.634615384615383,0.3218833435812283,0.45503453619492235
disease,17.653846153846153,0.3214855874035233,0.45554673046540883
disease,17.673076923076923,0.32108832273921917,0.45605822926017126
disease,17.69230769230769,0.3206915489809454,0.4565690322923592
disease,17.711538461538463,0.32029526552208165,0.4570791392853014
disease,17.73076923076923,0.31989947175675765,0.4575885499724413
disease,17.75,0.3195041670798515,0.4580972640972734
disease,17.769230769230766,0.3191093508869893,0.4586052814132803
disease,17.788461538461537,0.31871502257454354,0.45911260168386797
disease,17.807692307692307,0.3183211815396333,0.45961922468230315
disease,17.826923076923077,0.3179278271801219,0.46012515019165084
disease,17.846153846153843,0.3175349588946171,0.46063037800471035
disease,17.865384615384613,0.3171425760824699,0.46113490792395323
disease,17.884615384615383,0.3167506781437734,0.46163873976146036
disease,17.903846153846153,0.3163592644793621,0.4621418733388602
disease,17.92307692307692,0.315968334490811,0.46264430848726673
disease,17.94230769230769,0.3155778875804343,0.46314604504721696
disease,17.961538461538463,0.31518792315128497,0.4636470828686105
disease,17.98076923076923,0.3147984406071535,0.46414742181064705
disease,18.0,0.31440943935256727,0.4646470617417659
disease,18.019230769230766,0.31402091879278937,0.4651460025395842
disease,18.038461538461537,0.31363287833381776,0.4656442440908374
disease,18.057692307692307,0.3132453173823847,0.46614178629131714
disease,18.076923076923077,0.31285823534595525,0.46663862904581227
disease,18.096153846153843,0.3124716316327269,0.467134772268048
disease,18.115384615384613,0.31208550565162824,0.46763021588062653
disease,18.134615384615383,0.31169985681231854,0.4681249598149662
disease,18.153846153846153,0.31131468452518607,0.46861900401124384
disease,18.17307692307692,0.3109299882013484,0.46911234841833377
disease,18.19230769230769,0.3105457672526501,0.4696049929937498
disease,18.211538461538463,0.3101620210916629,0.4700969377035863
disease,18.23076923076923,0.3097787491316845,0.47058818252245904
disease,18.25,0.3093959507867373,0.47107872743344753
disease,18.269230769230766,0.309013625471568,0.4715685724280364
disease,18.288461538461537,0.30863177260164654,0.47205771750605785
disease,18.307692307692307,0.30825039159316486,0.47254616267563343
disease,18.326923076923077,0.3078694818630367,0.473033907953117
disease,18.346153846153843,0.3074890428288961,0.47352095336303734
disease,18.365384615384613,0.3071090739090969,0.474007298938041
disease,18.384615384615383,0.3067295745227117,0.47449294471883535
disease,18.403846153846153,0.3063505440895307,0.47497789075413255
disease,18.42307692307692,0.3059719820300614,0.47546213710059265
disease,18.44230769230769,0.30559388776552693,0.47594568382276775
disease,18.461538461538463,0.30521626071786623,0.4764285309930459
disease,18.48076923076923,0.30483910030973216,0.47691067869159526
disease,18.5,0.3044624059644911,0.4773921270063091
disease,18.519230769230766,0.30408617710622204,0.47787287603275
disease,18.538461538461537,0.3037104131597154,0.4783529258740956
disease,18.557692307692307,0.303335113550473,0.47883227664108263
disease,18.576923076923077,0.3029602777047056,0.47931092845195383
disease,18.596153846153843,0.3025859050493342,0.479788881432402
disease,18.615384615384613,0.30221199501198687,0.48026613571551746
disease,18.634615384615383,0.3018385470209997,0.48074269144173265
disease,18.653846153846153,0.3014655605054146,0.4812185487587701
disease,18.67307692307692,0.30109303489497974,0.48169370782158744
disease,18.69230769230769,0.3007209696201473,0.48216816879232505
disease,18.711538461538463,0.30034936411207364,0.48264193184025306
disease,18.73076923076923,0.299978217802618,0.483114997141718
disease,18.75,0.2996075301243414,0.48358736488009174
disease,18.769230769230766,0.29923730051050645,0.48405903524571703
disease,18.788461538461537,0.29886752839507574,0.48453000843585703
disease,18.807692307692307,0.29849821321271175,0.4850002846546433
disease,18.826923076923077,0.29812935439877497,0.48546986411302345
disease,18.846153846153843,0.29776095138932424,0.4859387470287102
disease,18.865384615384613,0.29739300362111487,0.4864069336261307
disease,18.884615384615383,0.29702551053159815,0.48687442413637483
disease,18.903846153846153,0.29665847155892083,0.48734121879714476
disease,18.92307692307692,0.2962918861419237,0.4878073178527043
disease,18.94230769230769,0.29592575372014096,0.48827272155382945
disease,18.961538461538463,0.29556007373379956,0.48873743015775717
disease,18.98076923076923,0.29519484562381826,0.4892014439281361
disease,19.0,0.2948300688318063,0.4896647631349778
disease,19.019230769230766,0.2944657428000633,0.4901273880546056
disease,19.038461538461537,0.29410186697157775,0.49058931896960795
disease,19.057692307692307,0.29373844079002676,0.49105055616878673
disease,19.076923076923077,0.2933754636997746,0.4915110999471109
disease,19.096153846153843,0.2930129351458723,0.4919709506056666
disease,19.115384615384613,0.29265085457405665,0.49243010845161
disease,19.134615384615383,0.29228922143074926,0.49288857379811823
disease,19.153846153846153,0.291928035163056,0.49334634696434293
disease,19.17307692307692,0.2915672952187658,0.49380342827536106
disease,19.19230769230769,0.29120700104634983,0.4942598180621293
disease,19.211538461538463,0.2908471520949611,0.49471551666143565
disease,19.23076923076923,0.29048774781443315,0.49517052441585324
disease,19.25,0.2901287876552793,0.4956248416736936
disease,19.269230769230766,0.28977027106869196,0.4960784687889599
disease,19.288461538461537,0.2894121975065419,0.4965314061213015
disease,19.307692307692307,0.289054566421377,0.496983654035967
disease,19.326923076923077,0.28869737726642153,0.4974352129037593
disease,19.346153846153843,0.28834062949557565,0.49788608310098986
disease,19.365384615384613,0.2879843225634142,0.4983362650094332
disease,19.384615384615383,0.28762845592518627,0.49878575901628186
disease,19.403846153846153,0.28727302903681357,0.49923456551410156
disease,19.42307692307692,0.28691804135489085,0.49968268490078704
disease,19.44230769230769,0.28656349233668366,0.5001301175795172
disease,19.461538461538463,0.2862093814401285,0.5005768639587106
disease,19.48076923076923,0.285855708123832,0.5010229244519823
disease,19.5,0.28550247184706923,0.501468299478099
disease,19.519230769230766,0.2851496720697841,0.5019129894609367
disease,19.538461538461537,0.2847973082525872,0.502356994829437
disease,19.557692307692307,0.2844453798567563,0.5028003160175635
disease,19.576923076923077,0.28409388634423416,0.5032429534642596
disease,19.596153846153843,0.28374282717762905,0.5036849076134051
disease,19.615384615384613,0.28339220182021296,0.5041261789137746
disease,19.634615384615383,0.2830420097359213,0.5045667678189948
disease,19.653846153846153,0.28269225038935186,0.5050066747875025
disease,19.67307692307692,0.2823429232457641,0.505445900282503
disease,19.69230769230769,0.2819940277710778,0.5058844447719282
disease,19.711538461538463,0.28164556343187336,0.506322308728396
disease,19.73076923076923,0.28129752969539024,0.5067594926291678
disease,19.75,0.28094992602952573,0.5071959969561091
disease,19.769230769230766,0.28060275190283523,0.5076318221956475
disease,19.788461538461537,0.28025600678453033,0.5080669688387339
disease,19.807692307692307,0.27990969014447903,0.5085014373807999
disease,19.826923076923077,0.27956380145320414,0.5089352283217193
disease,19.846153846153843,0.27921834018188274,0.5093683421657682
disease,19.865384615384613,0.27887330580234543,0.5098007794215846
disease,19.884615384615383,0.2785286977870757,0.5102325406021297
disease,19.903846153846153,0.2781845156092084,0.5106636262246481
disease,19.92307692307692,0.2778407587425299,0.5110940368106298
disease,19.94230769230769,0.2774974266614766,0.5115237728857696
disease,19.961538461538463,0.2771545188411344,0.51195283497993
disease,19.98076923076923,0.276812034757238,0.5123812236271021
disease,20.0,0.2764699738861694,0.5128089393653686
A_30mg,0.0,1.0,0.054619798580026115
A_30mg,0.01923076923076923,0.9990711312904799,0.08982300497625252
A_30mg,0.03846153846153846,0.9979488108447208,0.08893632932079375
A_30mg,0.05769230769230769,0.9969047475499139,0.08783489214964789
A_30mg,0.07692307692307691,0.9959202960967086,0.0869732250015597
A_30mg,0.09615384615384615,0.9949813132864581,0.08628585606937164
A_30mg,0.11538461538461538,0.9940780552573101,0.08572513759285504
A_30mg,0.1346153846153846,0.9932035809878123,0.08525920283864107
A_30mg,0.15384615384615383,0.9923527801981947,0.08486610290103669
A_30mg,0.17307692307692307,0.9915217849303598,0.08453021657733881
A_30mg,0.1923076923076923,0.9907075990347718,0.08424011007422173
A_30mg,0.21153846153846154,0.9899078557258997,0.0839872159210524
A_30mg,0.23076923076923075,0.9891206536684801,0.08376498400105156
A_30mg,0.25,0.9883444429870912,0.0835683192222738
A_30mg,0.2692307692307692,0.9875779440536595,0.0833931973522786
A_30mg,0.2884615384615385,0.9868200883889628,0.08323639709597669
A_30mg,0.30769230769230765,0.9860699748357777,0.08309530909099687
A_30mg,0.32692307692307687,0.9853268365191755,0.08296779639367116
A_30mg,0.34615384615384615,0.9845900155573442,0.08285209263145663
A_30mg,0.36538461538461536,0.9838589434492725,0.08274672430765581
A_30mg,0.3846153846153846,0.9831331256769158,0.08265045263621447
A_30mg,0.4038461538461538,0.9824121294774615,0.08256222860971248
A_30mg,0.4230769230769231,0.9816955740400352,0.08248115786170862
A_30mg,0.4423076923076923,0.9809831225744421,0.08240647296845083
A_30mg,0.4615384615384615,0.9802744758326954,0.0823375119448629
A_30mg,0.48076923076923067,0.9795693667794376,0.08227370057328497
A_30mg,0.5,0.9788675561754093,0.08221453827926611
A_30mg,0.5192307692307692,0.9781688288933854,0.08215958680472116
A_30mg,0.5384615384615384,0.9774729908251657,0.08210846064553945
A_30mg,0.5576923076923076,0.9767798662655426,0.08206081946068551
A_30mg,0.576923076923077,0.9760892956954148,0.08201636151046103
A_30mg,0.5961538461538461,0.9754011338847446,0.08197481854149019
A_30mg,0.6153846153846153,0.974715248269007,0.08193595103522514
A_30mg,0.6346153846153846,0.9740315175463459,0.08189954471100032
A_30mg,0.6538461538461537,0.9733498304665604,0.08186540699629782
A_30mg,0.673076923076923,0.9726700847793579,0.08183336461100853
A_30mg,0.6923076923076923,0.9719921863118705,0.08180326105057636
A_30mg,0.7115384615384615,0.9713160481660229,0.08177495478375027
A_30mg,0.7307692307692307,0.9706415900109754,0.0817483172498465
A_30mg,0.75,0.969968737460383,0.08172323170080949
A_30mg,0.7692307692307692,0.9692974215201847,0.08169959167597081
A_30mg,0.7884615384615384,0.968627578100415,0.08167729999263537
A_30mg,0.8076923076923076,0.9679591475806479,0.08165626774693231
A_30mg,0.8269230769230769,0.967292074422002,0.08163641346040042
A_30mg,0.8461538461538461,0.9666263068203855,0.08161766232955409
A_30mg,0.8653846153846153,0.965961796395661,0.08159994556544461
A_30mg,0.8846153846153846,0.9652984979123352,0.08158319981034882
A_30mg,0.9038461538461537,0.9646363690280099,0.0815673666216161
A_30mg,0.923076923076923,0.9639753700663148,0.08155239201357953
A_30mg,0.9423076923076923,0.963315463811447,0.08153822605757251
A_30mg,0.9615384615384613,0.9626566153223545,0.08152482248934587
A_30mg,0.9807692307692307,0.9619987917623567,0.08151213844320111
A_30mg,1.0,0.9613419622482997,0.0815001340551343
A_30mg,1.0192307692307692,0.9606860977072438,0.08148877235214999
A_30mg,1.0384615384615383,0.9600311707495995,0.08147801890939321
A_30mg,1.0576923076923077,0.959377155552545,0.08146784163234466
A_30mg,1.0769230769230769,0.9587240277514949,0.08145821063722804
A_30mg,1.096153846153846,0.9580717643426904,0.08144909804109077
A_30mg,1.1153846153846152,0.957420343593509,0.08144047779063489
A_30mg,1.1346153846153846,0.9567697449569496,0.08143232551709027
A_30mg,1.153846153846154,0.9561199489969997,0.08142461847697269
A_30mg,1.173076923076923,0.9554709373172992,0.08141733532134802
A_30mg,1.1923076923076923,0.9548226924953743,0.0814104561018808
A_30mg,1.2115384615384615,0.9541751980224654,0.0814039621246578
A_30mg,1.2307692307692306,0.9535284382481728,0.08139783579045633
A_30mg,1.25,0.9528823983272489,0.08139206067812033
A_30mg,1.2692307692307692,0.9522370641712362,0.08138662132808215
A_30mg,1.2884615384615383,0.951592422405625,0.08138150321307078
A_30mg,1.3076923076923075,0.950948460327018,0.08137669266053549
A_30mg,1.3269230769230769,0.9503051658628896,0.0813721769030636
A_30mg,1.346153846153846,0.949662527538102,0.08136794383905879
A_30mg,1.3653846153846152,0.949020534438953,0.08136398213517436
A_30mg,1.3846153846153846,0.9483791761826473,0.08136028114467718
A_30mg,1.4038461538461537,0.9477384428882413,0.0813568307949387
A_30mg,1.423076923076923,0.9470983251469469,0.08135362166603717
A_30mg,1.4423076923076923,0.9464588139986351,0.08135064485125558
A_30mg,1.4615384615384615,0.9458199009059813,0.0813478919959224
A_30mg,1.4807692307692306,0.9451815777332998,0.08134535516859227
A_30mg,1.5,0.9445438367245039,0.08134302697800312
A_30mg,1.5192307692307692,0.9439066704816154,0.08134090046205968
A_30mg,1.5384615384615383,0.9432700719488432,0.08133896901047044
A_30mg,1.5576923076923075,0.9426340343926187,0.08133722642489105
A_30mg,1.5769230769230769,0.9419985513852377,0.08133566692706196
A_30mg,1.596153846153846,0.9413636167902601,0.08133428500420117
A_30mg,1.6153846153846152,0.9407292247465334,0.08133307550431056
A_30mg,1.6346153846153846,0.9400953696545361,0.08133203363507326
A_30mg,1.6538461538461537,0.9394620461640302,0.08133115479095523
A_30mg,1.673076923076923,0.9388292491602829,0.08133043471983631
A_30mg,1.6923076923076923,0.9381969737540613,0.08132986939277606
A_30mg,1.7115384615384615,0.9375652152689725,0.08132945504637946
A_30mg,1.7307692307692306,0.9369339692312022,0.08132918819016853
A_30mg,1.7499999999999998,0.9363032313607158,0.0813290654991938
A_30mg,1.7692307692307692,0.9356729975605298,0.08132908389611886
A_30mg,1.7884615384615383,0.9350432639090052,0.08132924045476062
A_30mg,1.8076923076923075,0.9344140266508525,0.08132953250351892
A_30mg,1.8269230769230769,0.9337852821883648,0.0813299575305485
A_30mg,1.846153846153846,0.9331570270754996,0.0813305131779235
A_30mg,1.8653846153846152,0.932529258009065,0.08133119730226776
A_30mg,1.8846153846153846,0.9319019718236915,0.08133200781337449
A_30mg,1.9038461538461537,0.9312751654840309,0.08133294285562664
A_30mg,1.9230769230769227,0.9306488360786119,0.08133400070490535
A_30mg,1.9423076923076923,0.9300229808150046,0.08133517975000219
A_30mg,1.9615384615384615,0.9293975970131777,0.08133647851876477
A_30mg,1.9807692307692304,0.928772682099988,0.08133789566553899
A_30mg,2.0,0.9281482336065796,0.08133942991281487
A_30mg,2.019230769230769,0.9275242491611447,0.08134108014175517
A_30mg,2.0384615384615383,0.9269007264850909,0.08134284534068147
A_30mg,2.057692307692308,0.9262776633895276,0.08134472457648911
A_30mg,2.0769230769230766,0.9256550577699547,0.08134671699028362
A_30mg,2.096153846153846,0.9250329076031785,0.08134882186240369
A_30mg,2.1153846153846154,0.9244112109438457,0.08135103851810428
A_30mg,2.1346153846153846,0.92378996591989,0.08135336641928785
A_30mg,2.1538461538461537,0.9231691707307772,0.08135580499729787
A_30mg,2.173076923076923,0.9225488236418457,0.08135835392059547
A_30mg,2.192307692307692,0.9219289229843455,0.08136101277906707
A_30mg,2.2115384615384612,0.9213094671499639,0.08136378132137946
A_30mg,2.2307692307692304,0.92069045458942,0.08136665932820088
A_30mg,2.25,0.9200718838093453,0.08136964665497044
A_30mg,2.269230769230769,0.9194537533701146,0.0813727432162073
A_30mg,2.2884615384615383,0.9188360618831691,0.08137594897177663
A_30mg,2.307692307692308,0.9182188080087914,0.08137926395715571
A_30mg,2.3269230769230766,0.9176019904539783,0.0813826882579565
A_30mg,2.346153846153846,0.9169856079703568,0.08138622200823359
A_30mg,2.365384615384615,0.916369659352148,0.08138986539772247
A_30mg,2.3846153846153846,0.9157541434344635,0.08139361865019863
A_30mg,2.4038461538461537,0.9151390590913602,0.08139748204048516
A_30mg,2.423076923076923,0.9145244052340205,0.08140145589755725
A_30mg,2.442307692307692,0.9139101808093115,0.08140554059143872
A_30mg,2.4615384615384612,0.9132963847980878,0.081409736527051
A_30mg,2.4807692307692304,0.9126830162137717,0.08141404415913765
A_30mg,2.5,0.9120700741010109,0.08141846395935667
A_30mg,2.519230769230769,0.9114575575342632,0.0814229964495662
A_30mg,2.5384615384615383,0.9108454656163586,0.08142764219177161
A_30mg,2.557692307692308,0.9102337974774842,0.0814324017801544
A_30mg,2.5769230769230766,0.9096225522739657,0.0814372758349157
A_30mg,2.596153846153846,0.9090117291868701,0.08144226501154664
A_30mg,2.615384615384615,0.9084013274211853,0.08144736999150412
A_30mg,2.6346153846153846,0.9077913462047451,0.08145259148888302
A_30mg,2.6538461538461537,0.9071817847871473,0.08145793024077722
A_30mg,2.673076923076923,0.906572642438882,0.08146338701342644
A_30mg,2.692307692307692,0.9059639184503379,0.08146896259434952
A_30mg,2.7115384615384612,0.9053556121310112,0.08147465779700566
A_30mg,2.7307692307692304,0.904747722808603,0.08148047345451673
A_30mg,2.75,0.9041402498282888,0.08148641042305133
A_30mg,2.769230769230769,0.9035331925519045,0.0814924695770971
A_30mg,2.7884615384615383,0.9029265503572687,0.08149865181143177
A_30mg,2.8076923076923075,0.9023203226374545,0.08150495803815781
A_30mg,2.8269230769230766,0.901714508800153,0.08151138918708047
A_30mg,2.846153846153846,0.9011091082670293,0.08151794620464216
A_30mg,2.865384615384615,0.9005041204731288,0.0815246300529615
A_30mg,2.8846153846153846,0.899899544866291,0.08153144170978022
A_30mg,2.9038461538461537,0.8992953809066174,0.08153838216732016
A_30mg,2.923076923076923,0.8986916280659124,0.08154545243215569
A_30mg,2.942307692307692,0.8980882858272332,0.08155265352461652
A_30mg,2.9615384615384612,0.8974853536843483,0.08155998647818144
A_30mg,2.9807692307692304,0.8968828311413378,0.08156745233956494
A_30mg,3.0,0.8962807177120999,0.08157505216747633
A_30mg,3.019230769230769,0.8956790129199901,0.0815827870337126
A_30mg,3.0384615384615383,0.8950777162973537,0.08159065802080558
A_30mg,3.0576923076923075,0.8944768273852175,0.08159866622440275
A_30mg,3.0769230769230766,0.8938763457328416,0.0816068127498755
A_30mg,3.096153846153846,0.8932762708974523,0.0816150987154317
A_30mg,3.115384615384615,0.8926766024438322,0.08162352524857784
A_30mg,3.1346153846153846,0.8920773399440604,0.08163209348880585
A_30mg,3.1538461538461537,0.8914784829771611,0.0816408045851451
A_30mg,3.173076923076923,0.8908800311288367,0.08164965969722421
A_30mg,3.192307692307692,0.8902819839911833,0.08165865999494647
A_30mg,3.2115384615384612,0.8896843411624054,0.08166780665705181
A_30mg,3.2307692307692304,0.8890871022465948,0.0816771008737612
A_30mg,3.2499999999999996,0.8884902668534377,0.0816865438418987
A_30mg,3.269230769230769,0.8878938345980538,0.08169613677101187
A_30mg,3.2884615384615383,0.8872978051007161,0.08170588087553585
A_30mg,3.3076923076923075,0.8867021779867206,0.08171577738316758
A_30mg,3.3269230769230766,0.8861069528861147,0.08172582752525864
A_30mg,3.346153846153846,0.885512129433588,0.08173603254655215
A_30mg,3.365384615384615,0.884917707268197,0.08174639369436137
A_30mg,3.3846153846153846,0.8843236860332715,0.0817569122287885
A_30mg,3.4038461538461537,0.8837300653761528,0.0817675894118944
A_30mg,3.423076923076923,0.8831368449481048,0.0817784265175232
A_30mg,3.442307692307692,0.8825440244040659,0.08178942482089106
A_30mg,3.4615384615384612,0.8819516034025692,0.08180058560773118
A_30mg,3.4807692307692304,0.88135958160552,0.08181191016466702
A_30mg,3.4999999999999996,0.8807679586780167,0.08182339977854011
A_30mg,3.519230769230769,0.8801767342886165,0.08183505577532514
A_30mg,3.5384615384615383,0.8795859081080629,0.08184687942453396
A_30mg,3.5576923076923075,0.8789954798112605,0.08185887204564458
A_30mg,3.5769230769230766,0.8784054490745837,0.08187103495514803
A_30mg,3.596153846153846,0.877815815577803,0.08188336943954275
A_30mg,3.615384615384615,0.8772265790027116,0.08189587686032011
A_30mg,3.6346153846153846,0.87663773903365,0.08190855849371338
A_30mg,3.6538461538461537,0.8760492953576283,0.08192141567570647
A_30mg,3.673076923076923,0.8754612476631984,0.08193444974979305
A_30mg,3.692307692307692,0.8748735956420811,0.08194766198940306
A_30mg,3.7115384615384612,0.8742863389872443,0.0819610537663864
A_30mg,3.7307692307692304,0.8736994773935346,0.08197462640990984
A_30mg,3.75,0.8731130105581957,0.08198838122972028
A_30mg,3.769230769230769,0.8725269381801489,0.08200231957801914
A_30mg,3.7884615384615383,0.8719412599593277,0.08201644277954688
A_30mg,3.8076923076923075,0.8713559755987119,0.0820307521807479
A_30mg,3.826923076923076,0.8707710848015396,0.08204524911265083
A_30mg,3.8461538461538454,0.870186587273455,0.0820599349319285
A_30mg,3.8653846153846154,0.8696024827211315,0.08207481099068764
A_30mg,3.8846153846153846,0.869018770853243,0.0820898785971382
A_30mg,3.9038461538461537,0.8684354513788689,0.08210513915230606
A_30mg,3.923076923076923,0.8678525240094561,0.08212059396942242
A_30mg,3.942307692307692,0.8672699884571735,0.08213624442369437
A_30mg,3.961538461538461,0.8666878444353114,0.08215209187638423
A_30mg,3.980769230769231,0.8661060916588691,0.08216813767774027
A_30mg,4.0,0.8655247298433868,0.0821843832001276
A_30mg,4.019230769230769,0.8649437587064419,0.08220082978824189
A_30mg,4.038461538461538,0.8643631779657087,0.08221747884471825
A_30mg,4.0576923076923075,0.8637829873400399,0.0822343317277177
A_30mg,4.076923076923077,0.863203186549473,0.08225138981158332
A_30mg,4.096153846153846,0.862623775315019,0.08226865447437469
A_30mg,4.115384615384616,0.8620447533586608,0.08228612709652994
A_30mg,4.134615384615384,0.8614661204033136,0.0823038090617742
A_30mg,4.153846153846153,0.8608878761728154,0.08232170175571316
A_30mg,4.1730769230769225,0.8603100203918761,0.08233980656704162
A_30mg,4.192307692307692,0.8597325527860676,0.08235812488577895
A_30mg,4.211538461538461,0.8591554730817718,0.08237665810482975
A_30mg,4.230769230769231,0.858578781006165,0.08239540761767265
A_30mg,4.25,0.8580024762871742,0.08241437482026145
A_30mg,4.269230769230769,0.8574265586534546,0.08243356110836411
A_30mg,4.288461538461538,0.8568510278343504,0.08245296787970748
A_30mg,4.3076923076923075,0.8562758835598725,0.08247259653106012
A_30mg,4.326923076923077,0.8557011255606686,0.08249244846070128
A_30mg,4.346153846153846,0.8551267535679995,0.08251252506534604
A_30mg,4.365384615384616,0.8545527673137135,0.08253282774278972
A_30mg,4.384615384615384,0.8539791665302267,0.08255335788872971
A_30mg,4.403846153846153,0.8534059509504992,0.08257411689961167
A_30mg,4.4230769230769225,0.8528331203080138,0.08259510616943845
A_30mg,4.442307692307692,0.8522606743367654,0.082616327092697
A_30mg,4.461538461538461,0.8516886127712389,0.08263778106139012
A_30mg,4.48076923076923,0.8511169353463958,0.08265946946772927
A_30mg,4.5,0.8505456417976567,0.0826813937015873
A_30mg,4.519230769230769,0.8499747318608909,0.08270355515291664
A_30mg,4.538461538461538,0.8494042052724057,0.08272595520949219
A_30mg,4.5576923076923075,0.8488340617689274,0.08274859525925318
A_30mg,4.576923076923077,0.8482643010875969,0.0827714766880685
A_30mg,4.596153846153846,0.8476949229659585,0.082794600882133
A_30mg,4.615384615384616,0.8471259271419398,0.08281796922581071
A_30mg,4.634615384615384,0.8465573133538632,0.0828415831039665
A_30mg,4.653846153846153,0.8459890813404128,0.08286544389994661
A_30mg,4.6730769230769225,0.8454212308406486,0.0828895529977398
A_30mg,4.692307692307692,0.8448537615939742,0.08291391178018348
A_30mg,4.711538461538461,0.8442866733401561,0.08293852163084076
A_30mg,4.73076923076923,0.8437199658192894,0.08296338393251539
A_30mg,4.75,0.8431536387718169,0.0829885000687643
A_30mg,4.769230769230769,0.8425876919384984,0.0830138714227874
A_30mg,4.788461538461538,0.8420221250604256,0.08303949937848466
A_30mg,4.8076923076923075,0.8414569378789937,0.0830653853198274
A_30mg,4.826923076923077,0.8408921301359195,0.08309153063148639
A_30mg,4.846153846153846,0.8403277015732181,0.08311793669843162
A_30mg,4.865384615384616,0.8397636519332234,0.08314460490618115
A_30mg,4.884615384615384,0.8391999809585757,0.08317153664094243
A_30mg,4.903846153846153,0.8386366883922517,0.08319873328919558
A_30mg,4.9230769230769225,0.8380737739775469,0.08322619623842469
A_30mg,4.942307692307692,0.8375112374581004,0.08325392687610875
A_30mg,4.961538461538461,0.8369490785778688,0.08328192659071486
A_30mg,4.98076923076923,0.8363872970811396,0.0833101967701236
A_30mg,5.0,0.8358258927125067,0.08333873880314381
A_30mg,5.019230769230769,0.8352648652168762,0.08336755407737298
A_30mg,5.038461538461538,0.8347042143394423,0.08339664398101854
A_30mg,5.0576923076923075,0.8341439398256854,0.08342600990035756
A_30mg,5.076923076923077,0.8335840414213551,0.08345565322185645
A_30mg,5.096153846153846,0.8330245188724624,0.08348557532931147
A_30mg,5.115384615384616,0.8324653719252652,0.08351577760626429
A_30mg,5.134615384615384,0.8319066003262705,0.08354626143300245
A_30mg,5.153846153846153,0.8313482038222123,0.08357702818916886
A_30mg,5.1730769230769225,0.8307901821600542,0.08360807925064546
A_30mg,5.192307692307692,0.8302325350869758,0.08363941599230848
A_30mg,5.211538461538461,0.8296752623503698,0.08367103978493862
A_30mg,5.23076923076923,0.82911836369784,0.08370295199810257
A_30mg,5.25,0.8285618388771941,0.083735153997067
A_30mg,5.269230769230769,0.8280056876364411,0.08376764714578312
A_30mg,5.288461538461538,0.8274499097237837,0.08380043280395633
A_30mg,5.3076923076923075,0.8268945048876234,0.08383351232983689
A_30mg,5.326923076923077,0.826339472876555,0.0838668870777173
A_30mg,5.346153846153846,0.8257848134393612,0.08390055840032574
A_30mg,5.365384615384616,0.82523052632502,0.08393452764677442
A_30mg,5.384615384615384,0.8246766112826941,0.08396879616462992
A_30mg,5.403846153846153,0.8241230680617327,0.08400336529817203
A_30mg,5.4230769230769225,0.8235698964116769,0.08403823639029176
A_30mg,5.442307692307692,0.8230170960822482,0.08407341078091493
A_30mg,5.461538461538461,0.8224646668233567,0.08410888980881487
A_30mg,5.48076923076923,0.821912608385092,0.08414467481008397
A_30mg,5.5,0.8213609205177377,0.08418076711990898
A_30mg,5.519230769230769,0.8208096029717507,0.08421716807108841
A_30mg,5.538461538461538,0.8202586554977807,0.08425387899568616
A_30mg,5.5576923076923075,0.8197080778466501,0.08429090122372478
A_30mg,5.576923076923077,0.8191578697693771,0.08432823608454905
A_30mg,5.596153846153846,0.8186080310171476,0.08436588490584516
A_30mg,5.615384615384615,0.8180585613413421,0.08440384901464072
A_30mg,5.634615384615384,0.81750946049351,0.08444212973673779
A_30mg,5.653846153846153,0.8169607282254014,0.08448072839702037
A_30mg,5.6730769230769225,0.8164123642889499,0.08451964631956693
A_30mg,5.692307692307692,0.8158643684363115,0.08455888482739143
A_30mg,5.711538461538461,0.8153167404198465,0.08459844524296385
A_30mg,5.73076923076923,0.8147694799921589,0.08463832888748672
A_30mg,5.75,0.8142225869060719,0.08467853708181866
A_30mg,5.769230769230769,0.8136760609146492,0.08471907114496297
A_30mg,5.788461538461538,0.8131299017711734,0.08475993239552865
A_30mg,5.8076923076923075,0.81258410922916,0.08480112214975442
A_30mg,5.826923076923077,0.8120386830423307,0.08484264172323573
A_30mg,5.846153846153846,0.8114936229646251,0.08488449242849017
A_30mg,5.865384615384615,0.8109489287501795,0.08492667557704164
A_30mg,5.884615384615384,0.810404600153324,0.08496919247661235
A_30mg,5.903846153846153,0.8098606369285725,0.08501204443345757
A_30mg,5.9230769230769225,0.8093170388306228,0.08505523274943405
A_30mg,5.942307692307692,0.8087738056143418,0.0850987587245622
A_30mg,5.961538461538461,0.8082309370347688,0.08514262365393768
A_30mg,5.98076923076923,0.8076884328471029,0.08518682883044319
A_30mg,6.0,0.807146292806704,0.08523137554171009
A_30mg,6.019230769230769,0.8066045166690904,0.08527626507281899
A_30mg,6.038461538461538,0.8060631041899333,0.08532149870347593
A_30mg,6.0576923076923075,0.8055220551250565,0.08536707771066691
A_30mg,6.076923076923077,0.8049813692304351,0.08541300336596988
A_30mg,6.096153846153846,0.8044410462621964,0.08545927693825632
A_30mg,6.115384615384615,0.8039010859766156,0.08550589969103846
A_30mg,6.134615384615384,0.8033614881301189,0.08555287288515562
A_30mg,6.153846153846153,0.8028222524792806,0.08560019777640433
A_30mg,6.1730769230769225,0.8022833787808277,0.08564787561788902
A_30mg,6.192307692307692,0.801744866791633,0.08569590765799577
A_30mg,6.211538461538461,0.8012067162687254,0.08574429514259273
A_30mg,6.23076923076923,0.8006689269692794,0.08579303931313281
A_30mg,6.25,0.8001314986506257,0.08584214140880006
A_30mg,6.269230769230769,0.7995944310702423,0.08589160266468289
A_30mg,6.288461538461538,0.7990577239857694,0.08594142431381786
A_30mg,6.3076923076923075,0.798521377154988,0.08599160758551279
A_30mg,6.326923076923077,0.7979853903358476,0.08604215370715791
A_30mg,6.346153846153846,0.7974497632864405,0.08609306390282429
A_30mg,6.365384615384615,0.7969144957650257,0.08614433939471883
A_30mg,6.384615384615384,0.796379587530007,0.08619598140214514
A_30mg,6.403846153846153,0.7958450383399567,0.08624799114253455
A_30mg,6.4230769230769225,0.7953108479535925,0.0863003698309231
A_30mg,6.442307692307692,0.7947770161298047,0.08635311868031366
A_30mg,6.461538461538461,0.7942435426276382,0.0864062389016329
A_30mg,6.48076923076923,0.7937104272063285,0.08645973170369906
A_30mg,6.499999999999999,0.7931776696252897,0.08651359829359259
A_30mg,6.519230769230769,0.7926452696441509,0.08656783987601518
A_30mg,6.538461538461538,0.7921132270227392,0.08662245765429485
A_30mg,6.5576923076923075,0.7915815415211032,0.08667745282893323
A_30mg,6.576923076923077,0.7910502128994911,0.08673282659894709
A_30mg,6.596153846153846,0.7905192409183662,0.08678858016008276
A_30mg,6.615384615384615,0.7899886253383905,0.08684471470643937
A_30mg,6.634615384615384,0.789458365920421,0.08690123142817958
A_30mg,6.653846153846153,0.788928462425503,0.08695813151349747
A_30mg,6.6730769230769225,0.788398914614869,0.08701541614595239
A_30mg,6.692307692307692,0.7878697222499155,0.08707308650669168
A_30mg,6.711538461538461,0.7873408850922187,0.0871311437715688
A_30mg,6.73076923076923,0.7868124029035082,0.08718958911365671
A_30mg,6.749999999999999,0.7862842754456774,0.08724842370020457
A_30mg,6.769230769230769,0.7857565024807679,0.08730764869533099
A_30mg,6.788461538461538,0.785229083770976,0.08736726525688893
A_30mg,6.8076923076923075,0.7847020190786397,0.08742727453932966
A_30mg,6.826923076923077,0.7841753081662387,0.08748767769062381
A_30mg,6.846153846153846,0.7836489507964002,0.08754847585510638
A_30mg,6.865384615384615,0.7831229467318904,0.08760967017069743
A_30mg,6.884615384615384,0.7825972957356147,0.08767126177148707
A_30mg,6.903846153846153,0.7820719975706183,0.08773325178531965
A_30mg,6.9230769230769225,0.7815470520000852,0.08779564133622182
A_30mg,6.942307692307692,0.7810224587873396,0.08785843154214609
A_30mg,6.961538461538461,0.7804982176958473,0.08792162351740036
A_30mg,6.98076923076923,0.779974328489211,0.08798521837036458
A_30mg,6.999999999999999,0.7794507909311796,0.08804921720602114
A_30mg,7.019230769230769,0.7789276047856379,0.08811362112370456
A_30mg,7.038461538461538,0.778404769816618,0.08817843121958716
A_30mg,7.0576923076923075,0.7778822857882908,0.08824364858456354
A_30mg,7.076923076923077,0.7773601524649765,0.08830927430653378
A_30mg,7.096153846153846,0.7768383696111343,0.0883753094685681
A_30mg,7.115384615384615,0.7763169369913748,0.08844175515083236
A_30mg,7.134615384615384,0.77579585437045,0.08850861242913392
A_30mg,7.153846153846153,0.7752751215132675,0.08857588237641653
A_30mg,7.1730769230769225,0.7747547381848741,0.08864356606172842
A_30mg,7.192307692307692,0.7742347041504756,0.08871166455123149
A_30mg,7.211538461538461,0.773715019175413,0.08878017890767925
A_30mg,7.23076923076923,0.7731956830251925,0.08884911019095422
A_30mg,7.249999999999999,0.7726766954654619,0.0889184594577828
A_30mg,7.269230769230769,0.7721580562620441,0.08898822776193213
A_30mg,7.288461538461538,0.7716397651809299,0.08905841615443885
A_30mg,7.3076923076923075,0.7711218219883049,0.0891290256831195
A_30mg,7.326923076923077,0.7706042264505459,0.08920005739342846
A_30mg,7.346153846153846,0.7700869783342376,0.08927151232733001
A_30mg,7.365384615384615,0.7695700774061622,0.08934339152439322
A_30mg,7.384615384615384,0.7690535234333081,0.08941569602019014
A_30mg,7.403846153846153,0.7685373161828557,0.08948842684785405
A_30mg,7.4230769230769225,0.7680214554221824,0.08956158503591564
A_30mg,7.442307692307692,0.7675059409188485,0.08963517161016835
A_30mg,7.461538461538461,0.7669907724405971,0.08970918759113561
A_30mg,7.480769230769231,0.7664759497553371,0.08978363399620554
A_30mg,7.5,0.765961472631149,0.08985851183679991
A_30mg,7.519230769230769,0.7654473408362684,0.08993382212082222
A_30mg,7.538461538461538,0.7649335541390871,0.09000956584967476
A_30mg,7.5576923076923075,0.7644201123081479,0.09008574402088639
A_30mg,7.576923076923077,0.7639070151121371,0.090162357625024
A_30mg,7.596153846153846,0.7633942623198854,0.0902394076484899
A_30mg,7.615384615384615,0.7628818537003643,0.0903168950704197
A_30mg,7.634615384615384,0.7623697890226794,0.09039482086563427
A_30mg,7.653846153846152,0.761858068056074,0.09047318600156183
A_30mg,7.673076923076922,0.7613466905699274,0.09055199144120925
A_30mg,7.692307692307691,0.7608356563337585,0.09063123814035726
A_30mg,7.711538461538462,0.7603249651172155,0.09071092705022353
A_30mg,7.730769230769231,0.7598146166900809,0.09079105911511982
A_30mg,7.75,0.7593046108222731,0.09087163527479215
A_30mg,7.769230769230769,0.7587949472838471,0.09095265646238904
A_30mg,7.788461538461538,0.7582856258449956,0.09103412360659358
A_30mg,7.8076923076923075,0.7577766462760412,0.09111603762984107
A_30mg,7.826923076923077,0.7572680083474496,0.0911983994503026
A_30mg,7.846153846153846,0.7567597118298218,0.09128120998025856
A_30mg,7.865384615384615,0.7562517564939015,0.09136447012797755
A_30mg,7.884615384615384,0.7557441421105663,0.0914481807961762
A_30mg,7.903846153846152,0.7552368684508418,0.09153234288380682
A_30mg,7.923076923076922,0.7547299352858885,0.09161695728461683
A_30mg,7.942307692307691,0.7542233423870162,0.09170202488876579
A_30mg,7.961538461538462,0.7537170895256693,0.09178754658160039
A_30mg,7.980769230769231,0.7532111764734437,0.09187352324494664
A_30mg,8.0,0.7527056030020741,0.09195995575624352
A_30mg,8.019230769230768,0.7522003688834441,0.09204684498946372
A_30mg,8.038461538461538,0.7516954738895809,0.09213419181460135
A_30mg,8.057692307692307,0.7511909177926697,0.09222199709798284
A_30mg,8.076923076923077,0.7506867003650509,0.09231026170241982
A_30mg,8.096153846153845,0.7501828213792529,0.09239898648689475
A_30mg,8.115384615384615,0.7496792806079785,0.09248817230717321
A_30mg,8.134615384615383,0.7491760778241331,0.09257782001503777
A_30mg,8.153846153846153,0.7486732128008101,0.09266793045920879
A_30mg,8.173076923076922,0.7481706853113101,0.09275850448385717
A_30mg,8.192307692307692,0.7476684951291185,0.09284954293009198
A_30mg,8.211538461538462,0.7471666420279177,0.09294104663396265
A_30mg,8.230769230769232,0.7466651257815671,0.09303301642821139
A_30mg,8.25,0.746163946164112,0.09312545313985508
A_30mg,8.269230769230768,0.7456631029497616,0.09321835759227921
A_30mg,8.288461538461538,0.7451625959128962,0.09331173060245021
A_30mg,8.307692307692307,0.7446624248280468,0.09340557298327228
A_30mg,8.326923076923077,0.7441625894699015,0.09349988554067944
A_30mg,8.346153846153845,0.7436630896132966,0.09359466907621282
A_30mg,8.365384615384615,0.7431639250332124,0.09368992438396977
A_30mg,8.384615384615383,0.7426650955047687,0.09378565225330955
A_30mg,8.403846153846153,0.7421666008032242,0.0938818534658685
A_30mg,8.423076923076922,0.7416684407039674,0.09397852879827574
A_30mg,8.442307692307692,0.7411706149825259,0.09407567901933073
A_30mg,8.461538461538462,0.740673123414555,0.0941733048927464
A_30mg,8.480769230769232,0.740175965775846,0.0942714071743831
A_30mg,8.5,0.7396791418423175,0.09436998661504283
A_30mg,8.519230769230768,0.7391826513900186,0.0944690439578452
A_30mg,8.538461538461538,0.738686494195133,0.09456857994085059
A_30mg,8.557692307692307,0.7381906700339738,0.09466859529484228
A_30mg,8.576923076923077,0.7376951786829818,0.09476909074550424
A_30mg,8.596153846153845,0.737200019918736,0.09487006701165393
A_30mg,8.615384615384615,0.736705193517947,0.09497152480718643
A_30mg,8.634615384615383,0.7362106992574544,0.09507346483948008
A_30mg,8.653846153846153,0.7357165369142389,0.09517588781127433
A_30mg,8.673076923076922,0.7352227062654102,0.09527879441910835
A_30mg,8.692307692307692,0.734729207088222,0.09538218535517673
A_30mg,8.711538461538462,0.7342360391600556,0.09548606130580688
A_30mg,8.730769230769232,0.7337432022584396,0.09559042295319871
A_30mg,8.75,0.7332506961610332,0.09569527097407167
A_30mg,8.769230769230768,0.732758520645645,0.09580060604113014
A_30mg,8.788461538461538,0.7322666754902102,0.09590642882201049
A_30mg,8.807692307692307,0.73177516047282,0.09601273998037817
A_30mg,8.826923076923077,0.7312839753716902,0.09611954017536606
A_30mg,8.846153846153845,0.7307931199651971,0.09622683006193049
A_30mg,8.865384615384615,0.7303025940318547,0.09633461029091174
A_30mg,8.884615384615383,0.7298123973503539,0.09644288150890169
A_30mg,8.903846153846153,0.7293225296995505,0.09655164435869788
A_30mg,8.923076923076922,0.7288329908584942,0.09666089947867079
A_30mg,8.942307692307692,0.7283437806064154,0.09677064750372703
A_30mg,8.96153846153846,0.7278548987227466,0.09688088906387769
A_30mg,8.980769230769232,0.7273663449871011,0.09699162478561761
A_30mg,9.0,0.7268781191792845,0.09710285529011416
A_30mg,9.019230769230768,0.726390221079282,0.09721458119487257
A_30mg,9.038461538461538,0.7259026504672583,0.09732680311142593
A_30mg,9.057692307692307,0.7254154071235455,0.09743952164734403
A_30mg,9.076923076923077,0.7249284908286442,0.09755273740356417
A_30mg,9.096153846153845,0.7244419013632056,0.09766645097664206
A_30mg,9.115384615384615,0.723955638508038,0.09778066295590664
A_30mg,9.134615384615383,0.7234697020440932,0.09789537392597539
A_30mg,9.153846153846153,0.7229840917524669,0.09801058446374851
A_30mg,9.173076923076922,0.7224988074143935,0.09812629514109665
A_30mg,9.192307692307692,0.7220138488112428,0.0982425065218008
A_30mg,9.21153846153846,0.7215292157245164,0.09835921916435601
A_30mg,9.230769230769232,0.7210449079358467,0.09847643361905885
A_30mg,9.25,0.7205609252269911,0.0985941504306854
A_30mg,9.269230769230768,0.7200772673798401,0.09871237013590267
A_30mg,9.288461538461538,0.71959393417641,0.09883109326579013
A_30mg,9.307692307692307,0.7191109253988438,0.09895032034345018
A_30mg,9.326923076923077,0.7186282408294121,0.09907005188649631
A_30mg,9.346153846153845,0.7181458802505147,0.09919028840475705
A_30mg,9.365384615384615,0.7176638434446766,0.09931103040274526
A_30mg,9.384615384615383,0.7171821301945511,0.09943227837743393
A_30mg,9.403846153846153,0.7167007402829222,0.09955403282072306
A_30mg,9.423076923076922,0.7162196734927031,0.09967629421729181
A_30mg,9.442307692307692,0.7157389296069374,0.09979906304701752
A_30mg,9.46153846153846,0.7152585084087966,0.09992233978294668
A_30mg,9.480769230769232,0.7147784096815886,0.10004612489352735
A_30mg,9.5,0.7142986332087496,0.10017041884083973
A_30mg,9.519230769230768,0.7138191787738568,0.10029522208248758
A_30mg,9.538461538461538,0.7133400461606123,0.10042053507019891
A_30mg,9.557692307692307,0.7128612351528614,0.10054635825129372
A_30mg,9.576923076923077,0.7123827455345775,0.1006726920676967
A_30mg,9.596153846153845,0.7119045770898785,0.10079953695693453
A_30mg,9.615384615384615,0.711426729603011,0.10092689335166083
A_30mg,9.634615384615383,0.7109492028583693,0.10105476168013044
A_30mg,9.653846153846153,0.7104719966404817,0.10118314236601206
A_30mg,9.673076923076922,0.7099951107340382,0.10131203582853653
A_30mg,9.692307692307692,0.7095185449238804,0.10144144248277145
A_30mg,9.71153846153846,0.7090422989950375,0.1015713627391182
A_30mg,9.730769230769232,0.7085663727327111,0.1017017970042105
A_30mg,9.75,0.7080907659222954,0.10183274567972948
A_30mg,9.769230769230768,0.7076154783493647,0.10196420916355513
A_30mg,9.788461538461538,0.7071405097996818,0.10209618784816249
A_30mg,9.807692307692307,0.7066658600591852,0.10222868212219284
A_30mg,9.826923076923077,0.706191528913997,0.10236169236828847
A_30mg,9.846153846153845,0.7057175161503985,0.10249521896497923
A_30mg,9.865384615384615,0.7052438215548409,0.10262926228417926
A_30mg,9.884615384615383,0.7047704449139294,0.10276382269331112
A_30mg,9.903846153846153,0.7042973860144219,0.10289890055252533
A_30mg,9.923076923076922,0.7038246446432181,0.10303449621715628
A_30mg,9.942307692307692,0.7033522205873627,0.10317061003477539
A_30mg,9.96153846153846,0.7028801136340349,0.1033072423478193
A_30mg,9.980769230769232,0.7024083235705478,0.10344439349054199
A_30mg,10.0,0.7019368501843434,0.10358206379184426
A_30mg,10.019230769230768,0.7014656932629948,0.1037202535721681
A_30mg,10.038461538461538,0.7009948525941985,0.10385896314647668
A_30mg,10.057692307692307,0.7005243279657755,0.10399819282127105
A_30mg,10.076923076923077,0.7000541191656743,0.1041379428974359
A_30mg,10.096153846153845,0.699584225981964,0.10427821366764703
A_30mg,10.115384615384615,0.6991146482028395,0.10441900541885277
A_30mg,10.134615384615383,0.6986453856166189,0.10456031843010812
A_30mg,10.153846153846153,0.6981764380117451,0.10470215297486248
A_30mg,10.173076923076922,0.6977078051767818,0.10484450931892715
A_30mg,10.192307692307692,0.6972394869004228,0.10498738772269658
A_30mg,10.21153846153846,0.6967714829714827,0.10513078843928296
A_30mg,10.230769230769232,0.6963037931789056,0.1052747117166259
A_30mg,10.25,0.6958364173117602,0.10541915779577171
A_30mg,10.269230769230768,0.6953693551592468,0.1055641269128514
A_30mg,10.288461538461538,0.6949026065106889,0.10570961929750092
A_30mg,10.307692307692307,0.694436171155548,0.10585563517467124
A_30mg,10.326923076923077,0.6939700488834042,0.1060021747632308
A_30mg,10.346153846153845,0.6935042394839805,0.10614923827752745
A_30mg,10.365384615384615,0.6930387427471214,0.10629682592626713
A_30mg,10.384615384615383,0.6925735584628111,0.10644493791370487
A_30mg,10.403846153846153,0.6921086864211607,0.10659357443892353
A_30mg,10.423076923076922,0.6916441264124213,0.10674273569663915
A_30mg,10.442307692307692,0.6911798782269709,0.10689242187677012
A_30mg,10.46153846153846,0.6907159416553411,0.10704263316473493
A_30mg,10.480769230769232,0.6902523164882046,0.10719336974163211
A_30mg,10.5,0.6897890025164093,0.10734463178392185
A_30mg,10.519230769230768,0.6893259995309651,0.10749641946406673
A_30mg,10.538461538461538,0.6888633073230696,0.10764873294974733
A_30mg,10.557692307692307,0.6884009256840948,0.10780157240477922
A_30mg,10.576923076923077,0.6879388544055995,0.10795493798766417
A_30mg,10.596153846153845,0.6874770932793159,0.10810882985308075
A_30mg,10.615384615384615,0.6870156420971498,0.108263248149881
A_30mg,10.634615384615383,0.6865545006511766,0.10841819302287456
A_30mg,10.653846153846153,0.6860936687336328,0.10857366461042305
A_30mg,10.673076923076922,0.6856331461369136,0.10872966304652751
A_30mg,10.692307692307692,0.6851729326535587,0.10888618845809588
A_30mg,10.71153846153846,0.6847130280762558,0.10904324096729874
A_30mg,10.730769230769232,0.6842534321978364,0.109200820688712
A_30mg,10.75,0.683794144811261,0.10935892773187694
A_30mg,10.769230769230768,0.6833351657096249,0.10951756219831679
A_30mg,10.788461538461538,0.6828764946861489,0.10967672418422264
A_30mg,10.807692307692307,0.6824181315341835,0.10983641377752586
A_30mg,10.826923076923077,0.6819600760471991,0.10999663106063864
A_30mg,10.846153846153845,0.6815023280187893,0.1101573761076169
A_30mg,10.865384615384615,0.6810448872426704,0.11031864898698922
A_30mg,10.884615384615383,0.6805877535126781,0.11048044975895195
A_30mg,10.903846153846153,0.6801309266227678,0.1106427784781909
A_30mg,10.923076923076922,0.679674406367017,0.11080563519135167
A_30mg,10.942307692307692,0.6792181925396226,0.11096901993954782
A_30mg,10.96153846153846,0.6787622849349048,0.11113293275629421
A_30mg,10.98076923076923,0.6783066833473005,0.11129737366958431
A_30mg,11.0,0.6778513875713709,0.11146234270024973
A_30mg,11.019230769230768,0.6773963974017969,0.11162783986380713
A_30mg,11.038461538461538,0.6769417126333854,0.11179386516899065
A_30mg,11.057692307692307,0.6764873330610673,0.11196041861952817
A_30mg,11.076923076923077,0.6760332584798967,0.11212750021270068
A_30mg,11.096153846153845,0.6755794886850551,0.1122951099411111
A_30mg,11.115384615384615,0.6751260234718457,0.11246324779125771
A_30mg,11.134615384615383,0.674672862635707,0.11263191374521059
A_30mg,11.153846153846153,0.6742200059721929,0.1128011077793358
A_30mg,11.173076923076922,0.673767453276999,0.11297082986570987
A_30mg,11.192307692307692,0.6733152043459387,0.11314107997113426
A_30mg,11.21153846153846,0.6728632589749641,0.11331185805820536
A_30mg,11.23076923076923,0.6724116169601457,0.11348316408477309
A_30mg,11.25,0.6719602780977035,0.1136549980042934
A_30mg,11.269230769230768,0.6715092421839842,0.11382735976592952
A_30mg,11.288461538461538,0.6710585090154995,0.11400024931440926
A_30mg,11.307692307692307,0.6706080783889155,0.11417366659048818
A_30mg,11.326923076923077,0.6701579501010756,0.11434761153034134
A_30mg,11.346153846153845,0.6697081239489945,0.11452208406649635
A_30mg,11.365384615384615,0.6692585997298652,0.11469708412642333
A_30mg,11.384615384615383,0.6688093772410528,0.11487261163394093
A_30mg,11.403846153846153,0.6683604562800962,0.11504866650740046
A_30mg,11.423076923076922,0.6679118366446999,0.11522524866135728
A_30mg,11.442307692307692,0.6674635181327326,0.1154023580042851
A_30mg,11.46153846153846,0.6670155005422146,0.11557999444059551
A_30mg,11.48076923076923,0.6665677836713186,0.1157581578679923
A_30mg,11.5,0.6661203673183569,0.11593684817972966
A_30mg,11.519230769230768,0.6656732512817836,0.11611606526182659
A_30mg,11.538461538461538,0.6652264353601848,0.11629580899556115
A_30mg,11.557692307692307,0.66477991935228,0.1164760792545282
A_30mg,11.576923076923077,0.6643337030569103,0.11665687590729677
A_30mg,11.596153846153845,0.6638877862730469,0.11683819881445799
A_30mg,11.615384615384615,0.6634421687997752,0.11702004783133876
A_30mg,11.634615384615383,0.6629968504363064,0.11720242280523833
A_30mg,11.653846153846153,0.6625518309819652,0.11738532357802248
A_30mg,11.673076923076922,0.6621071102361963,0.1175687499836214
A_30mg,11.692307692307692,0.6616626879985634,0.11775270185055621
A_30mg,11.71153846153846,0.6612185640687422,0.11793717899954201
A_30mg,11.73076923076923,0.6607747382465291,0.11812218124601848
A_30mg,11.75,0.6603312103318395,0.11830770839788791
A_30mg,11.769230769230768,0.6598879801247033,0.11849376025791865
A_30mg,11.788461538461538,0.6594450474252673,0.1186803366216679
A_30mg,11.807692307692307,0.6590024120338015,0.11886743727980734
A_30mg,11.826923076923077,0.6585600737506888,0.11905506201614849
A_30mg,11.846153846153845,0.6581180323764405,0.11924321060991765
A_30mg,11.865384615384615,0.6576762877116792,0.11943188283387904
A_30mg,11.884615384615383,0.6572348395571574,0.11962107845645696
A_30mg,11.903846153846153,0.6567936877137426,0.11981079724007204
A_30mg,11.923076923076922,0.6563528319824328,0.12000103894296943
A_30mg,11.942307692307692,0.655912272164342,0.12019180331788198
A_30mg,11.96153846153846,0.6554720080607161,0.12038309011346802
A_30mg,11.98076923076923,0.6550320394729184,0.1205748990733601
A_30mg,12.0,0.6545923662024454,0.12076722993716
A_30mg,12.019230769230768,0.6541529880509116,0.12096008243999143
A_30mg,12.038461538461538,0.6537139048200655,0.12115345631291885
A_30mg,12.057692307692307,0.6532751163117834,0.12134735128286207
A_30mg,12.076923076923077,0.6528366223280906,0.12154176707268279
A_30mg,12.096153846153845,0.6523984226711593,0.12173670340149916
A_30mg,12.115384615384615,0.6519605171433285,0.12193215998417029
A_30mg,12.134615384615383,0.6515229055470995,0.12212813653225077
A_30mg,12.153846153846153,0.6510855876851508,0.12232463275271498
A_30mg,12.173076923076922,0.6506485633603278,0.12252164834919496
A_30mg,12.192307692307692,0.6502118323756501,0.12271918302036225
A_30mg,12.21153846153846,0.6497753945342927,0.12291723646150218
A_30mg,12.23076923076923,0.6493392496396003,0.12311580836236587
A_30mg,12.25,0.648903397495067,0.12331489840907
A_30mg,12.269230769230768,0.6484678379043379,0.12351450628161567
A_30mg,12.288461538461538,0.6480325706711973,0.12371463165601662
A_30mg,12.307692307692307,0.6475975955995734,0.12391527420157178
A_30mg,12.326923076923077,0.6471629124935202,0.12411643358330324
A_30mg,12.346153846153845,0.646728521157225,0.12431810945907804
A_30mg,12.365384615384615,0.6462944213949987,0.12452030148220893
A_30mg,12.384615384615383,0.6458606130112772,0.12472300929847802
A_30mg,12.403846153846153,0.645427095810611,0.12492623254892955
A_30mg,12.423076923076922,0.6449938695976696,0.12512997086688132
A_30mg,12.442307692307692,0.6445609341772391,0.1253342238807882
A_30mg,12.46153846153846,0.6441282893542213,0.1255389912114689
A_30mg,12.48076923076923,0.6436959349336309,0.12574427247474312
A_30mg,12.5,0.6432638707205961,0.12595006727906102
A_30mg,12.519230769230768,0.6428320965203588,0.12615637522787385
A_30mg,12.538461538461538,0.6424006121382747,0.12636319591753886
A_30mg,12.557692307692307,0.6419694173798156,0.12657052893961696
A_30mg,12.576923076923077,0.6415385120505642,0.12677837387879806
A_30mg,12.596153846153845,0.6411078959562222,0.126986730315247
A_30mg,12.615384615384615,0.640677568902603,0.12719559782260326
A_30mg,12.634615384615383,0.6402475306956409,0.1274049759702633
A_30mg,12.653846153846153,0.63981778114138,0.12761486432151156
A_30mg,12.673076923076922,0.6393883200459907,0.1278252624356353
A_30mg,12.692307692307692,0.6389591472157551,0.12803616986627095
A_30mg,12.71153846153846,0.6385302624570801,0.12824758616324813
A_30mg,12.73076923076923,0.6381016655764863,0.12845951087122812
A_30mg,12.75,0.6376733563806218,0.12867194353119796
A_30mg,12.769230769230768,0.6372453346762474,0.12888488367946832
A_30mg,12.788461538461538,0.6368176002702547,0.12909833084872846
A_30mg,12.807692307692307,0.6363901529696501,0.12931228456750327
A_30mg,12.826923076923077,0.6359629925815692,0.12952674436080125
A_30mg,12.846153846153845,0.6355361189132673,0.1297417097497841
A_30mg,12.865384615384615,0.6351095317721368,0.1299571802520569
A_30mg,12.884615384615383,0.634683230965711,0.13017315538184646
A_30mg,12.903846153846153,0.6342572163016761,0.13038963464966316
A_30mg,12.923076923076922,0.6338314875878744,0.13060661756303885
A_30mg,12.942307692307692,0.633406044632323,0.1308241036256183
A_30mg,12.96153846153846,0.6329808872431958,0.13104209233815306
A_30mg,12.98076923076923,0.6325560152288409,0.1312605831970523
A_30mg,12.999999999999998,0.6321314283977595,0.1314795756958736
A_30mg,13.019230769230768,0.6317071265586207,0.13169906932333586
A_30mg,13.038461538461538,0.6312831095202397,0.13191906356509978
A_30mg,13.057692307692307,0.6308593770915872,0.13213955790140394
A_30mg,13.076923076923077,0.6304359290817703,0.13236055180912681
A_30mg,13.096153846153845,0.6300127653000349,0.13258204475912325
A_30mg,13.115384615384615,0.6295898855557588,0.13280403621856224
A_30mg,13.134615384615383,0.6291672896584487,0.13302652564813572
A_30mg,13.153846153846153,0.6287449774177316,0.13324951250457795
A_30mg,13.173076923076922,0.6283229486433592,0.13347299623776473
A_30mg,13.192307692307692,0.6279012031451975,0.1336969762933693
A_30mg,13.21153846153846,0.6274797407332293,0.13392145210998863
A_30mg,13.23076923076923,0.6270585612175492,0.13414642312191893
A_30mg,13.249999999999998,0.6266376644083662,0.13437188875628273
A_30mg,13.269230769230768,0.6262170501159989,0.13459784843590383
A_30mg,13.288461538461538,0.6257967181508781,0.13482430157658207
A_30mg,13.307692307692307,0.6253766683235406,0.1350512475897825
A_30mg,13.326923076923077,0.6249569004446424,0.1352786858803137
A_30mg,13.346153846153845,0.6245374143249435,0.13550661584864132
A_30mg,13.365384615384615,0.6241182097753183,0.13573503688899513
A_30mg,13.384615384615383,0.6236992866067517,0.1359639483913724
A_30mg,13.403846153846153,0.6232806446303387,0.13619334973994052
A_30mg,13.423076923076922,0.62286228365729,0.13642324031487546
A_30mg,13.442307692307692,0.6224442034989275,0.13665361949091864
A_30mg,13.46153846153846,0.6220264039666874,0.1368844866391363
A_30mg,13.48076923076923,0.6216088848721228,0.13711584112551797
A_30mg,13.499999999999998,0.6211916460269016,0.13734768231270283
A_30mg,13.519230769230768,0.6207746872428026,0.13758000955862124
A_30mg,13.538461538461538,0.620358008331732,0.1378128222180997
A_30mg,13.557692307692307,0.6199416091057017,0.13804611964167562
A_30mg,13.576923076923077,0.6195254893768515,0.13827990117692332
A_30mg,13.596153846153845,0.6191096489574334,0.138514166167574
A_30mg,13.615384615384615,0.6186940876598239,0.1387489139545041
A_30mg,13.634615384615383,0.6182788052965111,0.13898414387524266
A_30mg,13.653846153846153,0.6178638016801196,0.13921985526430206
A_30mg,13.673076923076922,0.6174490766233925,0.13945604745333084
A_30mg,13.692307692307692,0.6170346299392303,0.13969271977090825
A_30mg,13.71153846153846,0.6166204614406717,0.13992987154307884
A_30mg,13.73076923076923,0.6162065709409236,0.14016750209271306
A_30mg,13.749999999999998,0.615792958253348,0.14040561074041738
A_30mg,13.769230769230768,0.6153796231914751,0.1406441968031543
A_30mg,13.788461538461538,0.6149665655689894,0.1408832595956589
A_30mg,13.807692307692307,0.6145537851997351,0.14112279842862469
A_30mg,13.826923076923077,0.614141281897708,0.14136281261036548
A_30mg,13.846153846153845,0.613729055477051,0.14160330144457448
A_30mg,13.865384615384615,0.6133171057520496,0.14184426423232124
A_30mg,13.884615384615383,0.612905432537125,0.14208570026946013
A_30mg,13.903846153846153,0.6124940356468294,0.14232760884886375
A_30mg,13.923076923076922,0.6120829148958405,0.1425699892577167
A_30mg,13.942307692307692,0.6116720700989614,0.1428128407799618
A_30mg,13.96153846153846,0.6112615010711104,0.14305616269344842
A_30mg,13.98076923076923,0.6108512076273265,0.1432999542725171
A_30mg,13.999999999999998,0.6104411895827553,0.14354421478519871
A_30mg,14.019230769230768,0.61003144675266,0.14378894349578444
A_30mg,14.038461538461538,0.6096219789524107,0.14403413966222756
A_30mg,14.057692307692307,0.609212785997487,0.14427980253867315
A_30mg,14.076923076923077,0.6088038677034758,0.1445259313729845
A_30mg,14.096153846153845,0.6083952238860713,0.14477252540931718
A_30mg,14.115384615384615,0.6079868543610757,0.14501958388567718
A_30mg,14.134615384615383,0.6075787589444008,0.14526710603647916
A_30mg,14.153846153846153,0.6071709374520651,0.14551509109037172
A_30mg,14.173076923076922,0.606763389700195,0.14576353827248173
A_30mg,14.192307692307692,0.6063561155050232,0.14601244680255912
A_30mg,14.21153846153846,0.6059491146828943,0.14626181589707815
A_30mg,14.23076923076923,0.6055423870502606,0.1465116447675044
A_30mg,14.249999999999998,0.6051359324236883,0.14676193262234358
A_30mg,14.269230769230768,0.6047297506198526,0.14701267866547377
A_30mg,14.288461538461538,0.6043238414555424,0.1472638820981011
A_30mg,14.307692307692307,0.6039182047476562,0.14751554211722795
A_30mg,14.326923076923077,0.6035128403132066,0.14776765791739221
A_30mg,14.346153846153845,0.6031077479693209,0.14802022868938988
A_30mg,14.365384615384615,0.6027029275332415,0.14827325362168137
A_30mg,14.384615384615383,0.6022983788223235,0.14852673189945623
A_30mg,14.403846153846153,0.6018941016540438,0.1487806627056368
A_30mg,14.423076923076922,0.6014900958459832,0.14903504522043204
A_30mg,14.442307692307692,0.6010863612158548,0.14928987862170898
A_30mg,14.46153846153846,0.600682897581482,0.14954516208499613
A_30mg,14.48076923076923,0.6002797047608341,0.1498008947834889
A_30mg,14.499999999999998,0.5998767825720106,0.1500570758884352
A_30mg,14.519230769230768,0.5994741308332702,0.15031370456857557
A_30mg,14.538461538461538,0.599071749363022,0.15057077999111737
A_30mg,14.557692307692307,0.5986696379798383,0.15082830132041875
A_30mg,14.576923076923077,0.5982677965024417,0.1510862677192769
A_30mg,14.596153846153845,0.5978662247497157,0.15134467834730395
A_30mg,14.615384615384615,0.597464922540689,0.15160353236247587
A_30mg,14.634615384615383,0.5970638896945405,0.1518628289190394
A_30mg,14.653846153846153,0.596663126030589,0.15212256716938202
A_30mg,14.673076923076922,0.5962626313682884,0.152382746261595
A_30mg,14.692307692307692,0.5958624055272214,0.1526433653415727
A_30mg,14.71153846153846,0.5954624483271,0.15290442355037878
A_30mg,14.73076923076923,0.5950627595877568,0.153165920026617
A_30mg,14.749999999999998,0.5946633391291423,0.15342785390364844
A_30mg,14.769230769230768,0.5942641867713164,0.15369022431213114
A_30mg,14.788461538461538,0.5938653023344572,0.1539530303771482
A_30mg,14.807692307692307,0.5934666856388482,0.15421627122090656
A_30mg,14.826923076923077,0.5930683365048842,0.15447994595991965
A_30mg,14.846153846153845,0.5926702547530616,0.15474405370768948
A_30mg,14.865384615384615,0.5922724402039847,0.15500859357216693
A_30mg,14.884615384615383,0.5918748926783621,0.15527356465818776
A_30mg,14.903846153846153,0.5914776119970092,0.1555389660652738
A_30mg,14.923076923076922,0.5910805979808401,0.15580479688992474
A_30mg,14.942307692307692,0.5906838504508807,0.15607105622356196
A_30mg,14.961538461538462,0.5902873692282606,0.15633774315482107
A_30mg,14.98076923076923,0.5898911541342112,0.15660485676747693
A_30mg,15.0,0.5894952049900725,0.15687239614282456
A_30mg,15.019230769230768,0.5890995216172876,0.15714036035763354
A_30mg,15.038461538461538,0.5887041038374105,0.15740874848648628
A_30mg,15.057692307692305,0.5883089514721015,0.15767755959985635
A_30mg,15.076923076923077,0.5879140643431311,0.15794679276626283
A_30mg,15.096153846153843,0.5875194422723757,0.15821644705060456
A_30mg,15.115384615384615,0.5871250850818233,0.15848652151598275
A_30mg,15.134615384615381,0.5867309925935728,0.1587570152223855
A_30mg,15.153846153846153,0.5863371646298315,0.15902792722811596
A_30mg,15.173076923076923,0.5859436010129183,0.15929925658886426
A_30mg,15.192307692307692,0.5855503015652701,0.15957100235868077
A_30mg,15.211538461538462,0.5851572661094279,0.15984316358952824
A_30mg,15.23076923076923,0.5847644944680543,0.1601157393318126
A_30mg,15.25,0.5843719864639192,0.1603887286341573
A_30mg,15.269230769230768,0.583979741919927,0.16066213054361392
A_30mg,15.288461538461538,0.5835877606591029,0.16093594410591527
A_30mg,15.307692307692305,0.583196042504624,0.16121016836505017
A_30mg,15.326923076923077,0.5828045872798108,0.16148480236409116
A_30mg,15.346153846153843,0.5824133948081401,0.16175984514419078
A_30mg,15.365384615384615,0.5820224649132365,0.16203529574562137
A_30mg,15.384615384615381,0.5816317974188815,0.16231115320633352
A_30mg,15.403846153846153,0.581241392149004,0.162587416563423
A_30mg,15.423076923076923,0.5808512489276758,0.16286408485118023
A_30mg,15.442307692307692,0.5804613675791105,0.16314115710283042
A_30mg,15.461538461538462,0.5800717479276625,0.16341863234824233
A_30mg,15.48076923076923,0.5796823897978062,0.1636965096159311
A_30mg,15.5,0.5792932930141462,0.16397478793048367
A_30mg,15.519230769230768,0.5789044574014067,0.16425346631484547
A_30mg,15.538461538461538,0.5785158827844274,0.16453254378761775
A_30mg,15.557692307692305,0.5781275689881626,0.1648120193655024
A_30mg,15.576923076923077,0.5777395158376782,0.16509189206050262
A_30mg,15.596153846153843,0.5773517231581441,0.1653721608825302
A_30mg,15.615384615384615,0.5769641907748385,0.16565282483658844
A_30mg,15.634615384615381,0.5765769185131417,0.16593388292552078
A_30mg,15.653846153846153,0.5761899061985366,0.16621533414722175
A_30mg,15.673076923076923,0.5758031536566117,0.16649717749739362
A_30mg,15.692307692307692,0.5754166607130564,0.16677941196701646
A_30mg,15.711538461538462,0.5750304271936617,0.16706203654481933
A_30mg,15.73076923076923,0.5746444529243163,0.16734505021517404
A_30mg,15.75,0.5742587377310153,0.16762845196026582
A_30mg,15.769230769230768,0.5738732814398526,0.1679122407582745
A_30mg,15.788461538461538,0.5734880838770285,0.16819641558535497
A_30mg,15.807692307692305,0.573103144868846,0.1684809754140407
A_30mg,15.826923076923077,0.5727184642417075,0.1687659192150987
A_30mg,15.846153846153843,0.5723340418221289,0.16905124595606144
A_30mg,15.865384615384615,0.5719498774367208,0.16933695460299603
A_30mg,15.884615384615381,0.5715659709122032,0.16962304411911477
A_30mg,15.903846153846153,0.5711823220754059,0.16990951346644534
A_30mg,15.923076923076923,0.5707989307532602,0.17019636160454815
A_30mg,15.942307692307692,0.5704157967728094,0.1704835874920245
A_30mg,15.961538461538462,0.5700329199612034,0.1707711900854252
A_30mg,15.98076923076923,0.5696503001456998,0.17105916834047027
A_30mg,16.0,0.5692679371536644,0.171347521211279
A_30mg,16.019230769230766,0.5688858308125757,0.17163624765124844
A_30mg,16.038461538461537,0.5685039809500207,0.17192534661260997
A_30mg,16.057692307692307,0.5681223873937078,0.1722148170467459
A_30mg,16.076923076923077,0.567741049971459,0.17250465790436167
A_30mg,16.096153846153843,0.5673599685112375,0.17279486813522335
A_30mg,16.115384615384613,0.5669791428411428,0.17308544668874606
A_30mg,16.134615384615383,0.5665985727894238,0.17337639251332643
A_30mg,16.153846153846153,0.5662182581844792,0.1736677045572041
A_30mg,16.173076923076923,0.5658381988548523,0.17395938176714765
A_30mg,16.19230769230769,0.5654583946292338,0.17425142308982502
A_30mg,16.211538461538463,0.565078845336464,0.17454382747001818
A_30mg,16.23076923076923,0.5646995508055134,0.17483659385225006
A_30mg,16.25,0.5643205108654932,0.1751297211786097
A_30mg,16.269230769230766,0.5639417253456385,0.17542320839068812
A_30mg,16.288461538461537,0.5635631940753184,0.17571705442706695
A_30mg,16.307692307692307,0.5631849168840093,0.17601125822550207
A_30mg,16.326923076923077,0.5628068936013125,0.1763058187202979
A_30mg,16.346153846153843,0.5624291240569379,0.1766007348446884
A_30mg,16.365384615384613,0.5620516080807056,0.17689600552809107
A_30mg,16.384615384615383,0.5616743455025405,0.17719162969859736
A_30mg,16.403846153846153,0.5612973361524689,0.17748760628029364
A_30mg,16.423076923076923,0.5609205798606234,0.1777839341957501
A_30mg,16.44230769230769,0.5605440764572334,0.1780806123634983
A_30mg,16.461538461538463,0.5601678257726316,0.17837763970054413
A_30mg,16.48076923076923,0.5597918276372468,0.1786750151198925
A_30mg,16.5,0.5594160818816096,0.17897273753310955
A_30mg,16.519230769230766,0.5590405883363492,0.17927080584797137
A_30mg,16.538461538461537,0.5586653468321926,0.17956921897087696
A_30mg,16.557692307692307,0.5582903571999668,0.1798679758048625
A_30mg,16.576923076923077,0.5579156192705993,0.18016707525160422
A_30mg,16.596153846153843,0.5575411328751158,0.18046651620984847
A_30mg,16.615384615384613,0.5571668978446409,0.18076629757720242
A_30mg,16.634615384615383,0.5567929140104011,0.18106641824871172
A_30mg,16.653846153846153,0.5564191812037297,0.18136687711859265
A_30mg,16.673076923076923,0.556045699256057,0.1816676730788448
A_30mg,16.69230769230769,0.5556724679989193,0.1819688050209604
A_30mg,16.711538461538463,0.5552994872639537,0.1822702718345687
A_30mg,16.73076923076923,0.5549267568829077,0.18257207240903894
A_30mg,16.75,0.5545542766876232,0.18287420563228304
A_30mg,16.769230769230766,0.5541820465100573,0.18317667039210594
A_30mg,16.788461538461537,0.5538100661822659,0.18347946557527497
A_30mg,16.807692307692307,0.5534383355364186,0.18378259006854294
A_30mg,16.826923076923077,0.5530668544047807,0.18408604275816295
A_30mg,16.846153846153843,0.5526956226197415,0.18438982253022904
A_30mg,16.865384615384613,0.5523246400137911,0.1846939282707649
A_30mg,16.884615384615383,0.5519539064195582,0.18499835886561725
A_30mg,16.903846153846153,0.5515834216697909,0.1853031132009006
A_30mg,16.923076923076923,0.551213185597383,0.18560819016244307
A_30mg,16.94230769230769,0.5508431980353685,0.18591358863667906
A_30mg,16.961538461538463,0.5504734588169339,0.186219307509378
A_30mg,16.98076923076923,0.5501039677754029,0.18652534566691548
A_30mg,17.0,0.5497347247442411,0.186831701994665
A_30mg,17.019230769230766,0.5493657295570562,0.18713837537851363
A_30mg,17.038461538461537,0.5489969820475836,0.18744536470281525
A_30mg,17.057692307692307,0.5486284820496936,0.18775266885221215
A_30mg,17.076923076923077,0.5482602293973786,0.1880602867092619
A_30mg,17.096153846153843,0.5478922239247466,0.18836821715648866
A_30mg,17.115384615384613,0.5475244654660243,0.1886764590738409
A_30mg,17.134615384615383,0.547156953855545,0.18898501134098616
A_30mg,17.153846153846153,0.5467896889277543,0.18929387283462334
A_30mg,17.173076923076923,0.5464226705171976,0.18960304243093434
A_30mg,17.19230769230769,0.546055898458527,0.1899125190028453
A_30mg,17.211538461538463,0.5456893725864929,0.19022230142258176
A_30mg,17.23076923076923,0.5453230927359479,0.19053238855906623
A_30mg,17.25,0.5449570587418333,0.19084277928036233
A_30mg,17.269230769230766,0.5445912704391945,0.19115347245135994
A_30mg,17.288461538461537,0.5442257276631713,0.19146446693607155
A_30mg,17.307692307692307,0.5438604302490011,0.19177576159550713
A_30mg,17.326923076923077,0.5434953780320174,0.19208735528993384
A_30mg,17.346153846153843,0.5431305708476464,0.19239924687683974
A_30mg,17.365384615384613,0.5427660085314147,0.1927114352131697
A_30mg,17.384615384615383,0.5424016909189435,0.19302391915335262
A_30mg,17.403846153846153,0.5420376178459543,0.19333669755153968
A_30mg,17.423076923076923,0.5416737891482627,0.1936497692596977
A_30mg,17.44230769230769,0.5413102046617889,0.19396313312979918
A_30mg,17.461538461538463,0.5409468642225449,0.19427678801202877
A_30mg,17.48076923076923,0.5405837676666476,0.19459073275680178
A_30mg,17.5,0.5402209148303105,0.19490496621319986
A_30mg,17.519230769230766,0.5398583055498537,0.19521948723068724
A_30mg,17.538461538461537,0.539495939661694,0.19553429465787261
A_30mg,17.557692307692307,0.5391338170023535,0.19584938734385185
A_30mg,17.576923076923077,0.5387719374084533,0.19616476413733502
A_30mg,17.596153846153843,0.5384103007167207,0.1964804238875649
A_30mg,17.615384615384613,0.5380489067639846,0.19679636544390372
A_30mg,17.634615384615383,0.5376877553871828,0.1971125876562824
A_30mg,17.653846153846153,0.5373268464233532,0.1974290893750475
A_30mg,17.673076923076923,0.5369661797096584,0.19774586945111308
A_30mg,17.69230769230769,0.5366057550833773,0.1980629267362229
A_30mg,17.711538461538463,0.5362455723819254,0.19838026008252022
A_30mg,17.73076923076923,0.5358856314428551,0.198697868343363
A_30mg,17.75,0.5355259321038608,0.19901575037228783
A_30mg,17.769230769230766,0.535166474202769,0.19933390502405668
A_30mg,17.788461538461537,0.5348072575775558,0.19965233115323253
A_30mg,17.807692307692307,0.5344482820663287,0.1999710276156059
A_30mg,17.826923076923077,0.5340895475073312,0.20028999326627878
A_30mg,17.846153846153843,0.5337310537389287,0.20060922696136635
A_30mg,17.865384615384613,0.5333728005996167,0.20092872755577695
A_30mg,17.884615384615383,0.5330147879280053,0.2012484939051296
A_30mg,17.903846153846153,0.5326570155628187,0.20156852486329138
A_30mg,17.92307692307692,0.5322994833428929,0.20188881928458155
A_30mg,17.94230769230769,0.5319421911071675,0.2022093760211701
A_30mg,17.961538461538463,0.5315851386946877,0.20253019392543098
A_30mg,17.98076923076923,0.5312283259446006,0.20285127184724944
A_30mg,18.0,0.5308717526961512,0.2031726086365575
A_30mg,18.019230769230766,0.530515418788677,0.2034942031405958
A_30mg,18.038461538461537,0.5301593240616188,0.20381605420656848
A_30mg,18.057692307692307,0.5298034683545063,0.20413816067902185
A_30mg,18.076923076923077,0.5294478515069622,0.20446052140238924
A_30mg,18.096153846153843,0.529092473358707,0.2047831352186986
A_30mg,18.115384615384613,0.5287373337495532,0.20510600096979992
A_30mg,18.134615384615383,0.5283824325194049,0.20542911749545997
A_30mg,18.153846153846153,0.5280277695082624,0.20575248363540635
A_30mg,18.17307692307692,0.5276733445562223,0.20607609822753858
A_30mg,18.19230769230769,0.5273191575034689,0.20639996010992767
A_30mg,18.211538461538463,0.5269652081902854,0.20672406811916247
A_30mg,18.23076923076923,0.5266114964570515,0.20704842109224436
A_30mg,18.25,0.5262580221442412,0.20737301786507553
A_30mg,18.269230769230766,0.5259047850924263,0.20769785727422818
A_30mg,18.288461538461537,0.5255517851422756,0.20802293815555634
A_30mg,18.307692307692307,0.5251990221345577,0.20834825934581813
A_30mg,18.326923076923077,0.5248464959101347,0.2086738196814489
A_30mg,18.346153846153843,0.5244942063099737,0.20899961799996014
A_30mg,18.365384615384613,0.5241421531751351,0.2093256531389583
A_30mg,18.384615384615383,0.5237903363467862,0.2096519239372129
A_30mg,18.403846153846153,0.5234387556661837,0.20997842923403473
A_30mg,18.42307692307692,0.5230874109747002,0.2103051678699914
A_30mg,18.44230769230769,0.5227363021137994,0.21063213868654657
A_30mg,18.461538461538463,0.5223854289250598,0.21095934052633428
A_30mg,18.48076923076923,0.522034791250167,0.21128677223332878
A_30mg,18.5,0.5216843889309428,0.21161443265257096
A_30mg,18.519230769230766,0.5213342218093265,0.2119423206307518
A_30mg,18.538461538461537,0.5209842897274042,0.2122704350155243
A_30mg,18.557692307692307,0.5206345925273905,0.21259877465632973
A_30mg,18.576923076923077,0.5202851300516446,0.21292733840312092
A_30mg,18.596153846153843,0.5199359021426491,0.2132561251077011
A_30mg,18.615384615384613,0.5195869086430266,0.21358513362195441
A_30mg,18.634615384615383,0.5192381493955238,0.21391436279943588
A_30mg,18.653846153846153,0.5188896242430109,0.214243811493262
A_30mg,18.67307692307692,0.5185413330284774,0.2145734785579581
A_30mg,18.69230769230769,0.5181932755950245,0.2149033628470655
A_30mg,18.711538461538463,0.517845451785862,0.21523346321522782
A_30mg,18.73076923076923,0.517497861444306,0.21556377851568626
A_30mg,18.75,0.5171505044137743,0.21589430760254416
A_30mg,18.769230769230766,0.5168033805377873,0.21622504932814995
A_30mg,18.788461538461537,0.5164564896599563,0.2165560025454824
A_30mg,18.807692307692307,0.5161098316239938,0.21688716610557343
A_30mg,18.826923076923077,0.5157634062737037,0.21721853885994052
A_30mg,18.846153846153843,0.5154172134529809,0.2175501196580998
A_30mg,18.865384615384613,0.5150712530058147,0.2178819073500665
A_30mg,18.884615384615383,0.5147255247762818,0.21821390078390113
A_30mg,18.903846153846153,0.5143800286085541,0.21854609880819714
A_30mg,18.92307692307692,0.5140347643468924,0.2188785002698743
A_30mg,18.94230769230769,0.5136897318356494,0.2192111040163894
A_30mg,18.961538461538463,0.5133449309192679,0.2195439088939343
A_30mg,18.98076923076923,0.5130003614422832,0.2198769137492696
A_30mg,19.0,0.5126560232493235,0.22021011742829136
A_30mg,19.019230769230766,0.5123119161851075,0.22054351877766742
A_30mg,19.038461538461537,0.51196804009445,0.22087711664355286
A_30mg,19.057692307692307,0.5116243948222553,0.22121090987316708
A_30mg,19.076923076923077,0.5112809802135229,0.2215448973135287
A_30mg,19.096153846153843,0.5109377961133529,0.22187907781301822
A_30mg,19.115384615384613,0.5105948423669328,0.22221345022013694
A_30mg,19.134615384615383,0.5102521188195521,0.22254801338498667
A_30mg,19.153846153846153,0.5099096253165891,0.22288276615815392
A_30mg,19.17307692307692,0.5095673617035286,0.22321770739195826
A_30mg,19.19230769230769,0.5092253278259478,0.2235528359395928
A_30mg,19.211538461538463,0.5088835235295245,0.2238881506560762
A_30mg,19.23076923076923,0.5085419486600279,0.22422365039777856
A_30mg,19.25,0.5082006030633394,0.22455933402273595
A_30mg,19.269230769230766,0.5078594865854367,0.22489520039074765
A_30mg,19.288461538461537,0.5075185990724249,0.22523124836325287
A_30mg,19.307692307692307,0.5071779403705203,0.22556747680374628
A_30mg,19.326923076923077,0.506837510326079,0.22590388457724514
A_30mg,19.346153846153843,0.5064973087855831,0.22624047055111438
A_30mg,19.365384615384613,0.5061573355956511,0.22657723359383652
A_30mg,19.384615384615383,0.5058175906030314,0.22691417257624472
A_30mg,19.403846153846153,0.5054780736546032,0.2272512863699422
A_30mg,19.42307692307692,0.5051387845973718,0.22758857384876463
A_30mg,19.44230769230769,0.5047997232784646,0.2279260338867932
A_30mg,19.461538461538463,0.504460889545126,0.22826366536011747
A_30mg,19.48076923076923,0.5041222832447135,0.2286014671445352
A_30mg,19.5,0.5037839042246935,0.22893943811752515
A_30mg,19.519230769230766,0.5034457523326384,0.22927757715582497
A_30mg,19.538461538461537,0.5031078274162158,0.22961588313761583
A_30mg,19.557692307692307,0.5027701293232022,0.2299543549399503
A_30mg,19.576923076923077,0.5024326579014619,0.23029299144108942
A_30mg,19.596153846153843,0.5020954129989557,0.2306317915179265
A_30mg,19.615384615384613,0.5017583944637336,0.23097075404836268
A_30mg,19.634615384615383,0.5014216021439397,0.23130987790889998
A_30mg,19.653846153846153,0.5010850358878042,0.231649161976912
A_30mg,19.67307692307692,0.5007486955436493,0.2319886051284658
A_30mg,19.69230769230769,0.5004125809598834,0.23232820624053302
A_30mg,19.711538461538463,0.5000766919850042,0.2326679641889015
A_30mg,19.73076923076923,0.4997410284675993,0.2330078778503882
A_30mg,19.75,0.4994055902563437,0.23334794610087284
A_30mg,19.769230769230766,0.4990703772000018,0.2336881678173955
A_30mg,19.788461538461537,0.4987353891474256,0.23402854187635214
A_30mg,19.807692307692307,0.49840062594755946,0.23436906715552258
A_30mg,19.826923076923077,0.49806608744943426,0.2347097425323553
A_30mg,19.846153846153843,0.4977317735021752,0.23505056688595202
A_30mg,19.865384615384613,0.49739768395499645,0.23539153909543256
A_30mg,19.884615384615383,0.49706381865720833,0.23573265804178795
A_30mg,19.903846153846153,0.4967301774582059,0.23607392260643698
A_30mg,19.92307692307692,0.4963967602074864,0.23641533167281123
A_30mg,19.94230769230769,0.4960635667546336,0.23675688412520066
A_30mg,19.961538461538463,0.49573059694932864,0.23709857885000415
A_30mg,19.98076923076923,0.4953978506413455,0.2374404147348979
A_30mg,20.0,0.49506532768055717,0.23778239066976534
B_30mg,0.0,1.0,0.054619798580026115
B_30mg,0.01923076923076923,0.9990577266927112,0.09021044043011445
B_30mg,0.03846153846153846,0.9978724535419081,0.09007127768470667
B_30mg,0.05769230769230769,0.9967274830982359,0.0895080250215169
B_30mg,0.07692307692307691,0.9956186931835661,0.0890140238663189
B_30mg,0.09615384615384615,0.9945410104885688,0.08858125216389011
B_30mg,0.11538461538461538,0.9934903031600837,0.08819931395854147
B_30mg,0.1346153846153846,0.9924631956081635,0.08785995526027449
B_30mg,0.15384615384615383,0.9914568967143195,0.08755664950563086
B_30mg,0.17307692307692307,0.9904690730415132,0.0872841553663796
B_30mg,0.1923076923076923,0.9894977547787572,0.08703820681758159
B_30mg,0.21153846153846154,0.988541264654732,0.08681529341109909
B_30mg,0.23076923076923075,0.9875981633766785,0.08661249744618377
B_30mg,0.25,0.986667207125186,0.08642737442824013
B_30mg,0.2692307692307692,0.9857473140883368,0.08625785963140198
B_30mg,0.2884615384615385,0.984837537819574,0.08610219714652978
B_30mg,0.30769230769230765,0.9839370458243794,0.08595888396897806
B_30mg,0.32692307692307687,0.9830451021986475,0.0858266258695477
B_30mg,0.34615384615384615,0.9821610534309841,0.08570430238189763
B_30mg,0.36538461538461536,0.9812843167172483,0.08559093835369724
B_30mg,0.3846153846153846,0.9804143702555324,0.08548568113450318
B_30mg,0.4038461538461538,0.9795507451570511,0.08538778185919524
B_30mg,0.4230769230769231,0.9786930186372038,0.08529658010761572
B_30mg,0.4423076923076923,0.9778408082693671,0.085211491365713
B_30mg,0.4615384615384615,0.9769937671034125,0.08513199602281495
B_30mg,0.48076923076923067,0.9761515795017629,0.08505763094365848
B_30mg,0.5,0.9753139575593094,0.08498798186308403
B_30mg,0.5192307692307692,0.9744806380243444,0.08492267711200377
B_30mg,0.5384615384615384,0.9736513796328502,0.08486138228967935
B_30mg,0.5576923076923076,0.9728259607928402,0.08480379569322345
B_30mg,0.576923076923077,0.9720041775650934,0.08474964448523531
B_30mg,0.5961538461538461,0.9711858418912654,0.08469868123241839
B_30mg,0.6153846153846153,0.9703707800483905,0.08465068107575092
B_30mg,0.6346153846153846,0.9695588312743351,0.0846054393642418
B_30mg,0.6538461538461537,0.9687498465631958,0.08456276908629257
B_30mg,0.673076923076923,0.9679436875901014,0.08452249942043973
B_30mg,0.6923076923076923,0.96714022575878,0.08448447383423995
B_30mg,0.7115384615384615,0.966339341353917,0.08444854861045535
B_30mg,0.7307692307692307,0.9655409227794544,0.08441459169584839
B_30mg,0.75,0.9647448658785158,0.08438248152775166
B_30mg,0.7692307692307692,0.9639510733278326,0.08435210576762558
B_30mg,0.7884615384615384,0.9631594540805438,0.08432336098086897
B_30mg,0.8076923076923076,0.9623699228716539,0.08429615129953807
B_30mg,0.8269230769230769,0.9615823997716176,0.08427038810304144
B_30mg,0.8461538461538461,0.9607968097750537,0.08424598909975811
B_30mg,0.8653846153846153,0.9600130824419305,0.0842228779113054
B_30mg,0.8846153846153846,0.9592311515540628,0.0842009835502165
B_30mg,0.9038461538461537,0.9584509548113608,0.08418024002415565
B_30mg,0.923076923076923,0.9576724335531931,0.08416058590458503
B_30mg,0.9423076923076923,0.9568955325036816,0.08414196383354373
B_30mg,0.9615384615384613,0.9561201995389624,0.08412432034391183
B_30mg,0.9807692307692307,0.9553463854726072,0.08410760552622713
B_30mg,1.0,0.9545740438582038,0.08409177272263425
B_30mg,1.0192307692307692,0.953803130810411,0.0840767782253094
B_30mg,1.0384615384615383,0.953033604838689,0.08406258120273608
B_30mg,1.0576923076923077,0.9522654266917467,0.08404914338720905
B_30mg,1.0769230769230769,0.9514985592171009,0.08403642890787266
B_30mg,1.096153846153846,0.9507329672296285,0.08402440412176757
B_30mg,1.1153846153846152,0.9499686173905114,0.0840130374251398
B_30mg,1.1346153846153846,0.9492054780931116,0.08400229930570245
B_30mg,1.153846153846154,0.9484435193622802,0.0839921617666961
B_30mg,1.173076923076923,0.9476827127531445,0.08398259870920458
B_30mg,1.1923076923076923,0.9469230312646556,0.08397358551070168
B_30mg,1.2115384615384615,0.9461644492511739,0.0839650991457429
B_30mg,1.2307692307692306,0.945406942348723,0.08395711771958829
B_30mg,1.25,0.9446504874003211,0.0839496207892263
B_30mg,1.2692307692307692,0.9438950623872874,0.08394258907441365
B_30mg,1.2884615384615383,0.9431406463660783,0.08393600441680354
B_30mg,1.3076923076923075,0.9423872194087006,0.08392984971698617
B_30mg,1.3269230769230769,0.9416347625472885,0.0839241088503251
B_30mg,1.346153846153846,0.9408832577207986,0.08391876670621727
B_30mg,1.3653846153846152,0.9401326877270002,0.08391380892011081
B_30mg,1.3846153846153846,0.9393830361773599,0.08390922205140623
B_30mg,1.4038461538461537,0.938634287452341,0.08390499342031174
B_30mg,1.423076923076923,0.9378864266612673,0.08390111107123624
B_30mg,1.4423076923076923,0.9371394396046764,0.08389756375080337
B_30mg,1.4615384615384615,0.9363933127381825,0.08389434085379915
B_30mg,1.4807692307692306,0.9356480331388362,0.08389143240232541
B_30mg,1.5,0.9349035884732169,0.08388882899597326
B_30mg,1.5192307692307692,0.9341599669675832,0.08388652179608004
B_30mg,1.5384615384615383,0.9334171573794677,0.08388450248082453
B_30mg,1.5576923076923075,0.9326751489708425,0.08388276323655477
B_30mg,1.5769230769230769,0.9319339314838739,0.08388129669744798
B_30mg,1.596153846153846,0.9311934951158258,0.08388009596989239
B_30mg,1.6153846153846152,0.9304538304972463,0.08387915456851172
B_30mg,1.6346153846153846,0.9297149286706685,0.08387846641703858
B_30mg,1.6538461538461537,0.9289767810704005,0.08387802581549084
B_30mg,1.673076923076923,0.928239379503559,0.0838778274265402
B_30mg,1.6923076923076923,0.9275027161319978,0.08387786625948769
B_30mg,1.7115384615384615,0.9267667834552976,0.08387813765194703
B_30mg,1.7307692307692306,0.9260315742945091,0.08387863724996757
B_30mg,1.7499999999999998,0.925297081776857,0.08387936099609894
B_30mg,1.7692307692307692,0.9245632993211498,0.08388030512414033
B_30mg,1.7884615384615383,0.923830220624303,0.08388146611120006
B_30mg,1.8076923076923075,0.923097839647634,0.08388284072203833
B_30mg,1.8269230769230769,0.9223661506049707,0.08388442594258473
B_30mg,1.846153846153846,0.9216351479503943,0.0838862189980647
B_30mg,1.8653846153846152,0.9209048263672259,0.083888217330613
B_30mg,1.8846153846153846,0.9201751807574794,0.08389041860445004
B_30mg,1.9038461538461537,0.9194462062316532,0.08389282065435336
B_30mg,1.9230769230769227,0.9187178980988133,0.08389542154415963
B_30mg,1.9423076923076923,0.9179902518578091,0.08389821948812227
B_30mg,1.9615384615384615,0.9172632631882875,0.0839012128913995
B_30mg,1.9807692307692304,0.9165369279425517,0.08390440031888366
B_30mg,2.0,0.9158112421376059,0.08390778048592631
B_30mg,2.019230769230769,0.9150862019475811,0.08391135227061425
B_30mg,2.0384615384615383,0.914361803696708,0.08391511468769233
B_30mg,2.057692307692308,0.9136380438524201,0.08391906688258395
B_30mg,2.0769230769230766,0.9129149190188394,0.08392320814469983
B_30mg,2.096153846153846,0.9121924259307008,0.08392753787991367
B_30mg,2.1153846153846154,0.9114705614473795,0.08393205560868017
B_30mg,2.1346153846153846,0.9107493225472587,0.08393676097857314
B_30mg,2.1538461538461537,0.9100287063225138,0.08394165373732163
B_30mg,2.173076923076923,0.9093087099738624,0.08394673373318008
B_30mg,2.192307692307692,0.9085893308057575,0.08395200092751284
B_30mg,2.2115384615384612,0.9078705662218508,0.08395745536649003
B_30mg,2.2307692307692304,0.9071524137204051,0.08396309718803148
B_30mg,2.25,0.9064348708901715,0.08396892662763254
B_30mg,2.269230769230769,0.9057179354064365,0.08397494399509982
B_30mg,2.2884615384615383,0.9050016050270122,0.08398114968244816
B_30mg,2.307692307692308,0.9042858775887003,0.08398754416782162
B_30mg,2.3269230769230766,0.9035707510038403,0.0839941279929743
B_30mg,2.346153846153846,0.9028562232568094,0.08400090177514137
B_30mg,2.365384615384615,0.9021422924009749,0.0840078662068753
B_30mg,2.3846153846153846,0.9014289565556857,0.08401502203531101
B_30mg,2.4038461538461537,0.9007162139032032,0.08402237007776321
B_30mg,2.423076923076923,0.9000040626860806,0.08402991121667375
B_30mg,2.442307692307692,0.8992925012045458,0.08403764638212943
B_30mg,2.4615384615384612,0.8985815278138007,0.08404557656893186
B_30mg,2.4807692307692304,0.8978711409217949,0.08405370282827873
B_30mg,2.5,0.8971613389869386,0.08406202625264125
B_30mg,2.519230769230769,0.896452120515738,0.08407054799498197
B_30mg,2.5384615384615383,0.8957434840608822,0.08407926925627064
B_30mg,2.557692307692308,0.8950354282192422,0.08408819127373197
B_30mg,2.5769230769230766,0.8943279516297717,0.08409731534074437
B_30mg,2.596153846153846,0.8936210529718686,0.08410664279105215
B_30mg,2.615384615384615,0.8929147309635863,0.08411617498955147
B_30mg,2.6346153846153846,0.8922089843598112,0.0841259133533707
B_30mg,2.6538461538461537,0.8915038119508389,0.08413585933275072
B_30mg,2.673076923076923,0.8907992125607905,0.08414601440472683
B_30mg,2.692307692307692,0.8900951850460194,0.08415638009447343
B_30mg,2.7115384615384612,0.8893917282938908,0.08416695795358115
B_30mg,2.7307692307692304,0.8886888412213632,0.08417774955668186
B_30mg,2.75,0.887986522773617,0.08418875652255174
B_30mg,2.769230769230769,0.8872847719229954,0.08419998049036331
B_30mg,2.7884615384615383,0.8865835876677358,0.08421142311943924
B_30mg,2.8076923076923075,0.8858829690308113,0.08422308610949276
B_30mg,2.8269230769230766,0.8851829150589883,0.08423497117549167
B_30mg,2.846153846153846,0.8844834248217073,0.08424708005045851
B_30mg,2.865384615384615,0.883784497410082,0.08425941450411639
B_30mg,2.8846153846153846,0.8830861319360972,0.08427197631722547
B_30mg,2.9038461538461537,0.8823883275315859,0.08428476728721201
B_30mg,2.923076923076923,0.8816910833473958,0.08429778924480004
B_30mg,2.942307692307692,0.8809943985526847,0.08431104402845871
B_30mg,2.9615384615384612,0.880298272333994,0.08432453349260464
B_30mg,2.9807692307692304,0.8796027038945586,0.08433825952161678
B_30mg,3.0,0.8789076924536906,0.08435222400526417
B_30mg,3.019230769230769,0.8782132372459308,0.08436642884893178
B_30mg,3.0384615384615383,0.877519337520483,0.08438087598490497
B_30mg,3.0576923076923075,0.8768259925406767,0.08439556734884295
B_30mg,3.0769230769230766,0.8761332015831865,0.0844105048924285
B_30mg,3.096153846153846,0.875440963937584,0.08442569059102321
B_30mg,3.115384615384615,0.8747492789058479,0.08444112642165154
B_30mg,3.1346153846153846,0.8740581458016623,0.08445681437844198
B_30mg,3.1538461538461537,0.8733675639500613,0.08447275647599094
B_30mg,3.173076923076923,0.8726775326869857,0.08448895472899373
B_30mg,3.192307692307692,0.8719880513586501,0.08450541117084744
B_30mg,3.2115384615384612,0.8712991193212618,0.0845221278517627
B_30mg,3.2307692307692304,0.87061073594063,0.08453910682151543
B_30mg,3.2499999999999996,0.8699229005915832,0.08455635014956843
B_30mg,3.269230769230769,0.8692356126577695,0.08457385991889713
B_30mg,3.2884615384615383,0.868548871531315,0.08459163821117983
B_30mg,3.3076923076923075,0.8678626766123055,0.08460968712903665
B_30mg,3.3269230769230766,0.8671770273086423,0.08462800878506628
B_30mg,3.346153846153846,0.8664919230357276,0.08464660529042861
B_30mg,3.365384615384615,0.865807363215992,0.08466547877771775
B_30mg,3.3846153846153846,0.865123347278789,0.08468463138613691
B_30mg,3.4038461538461537,0.8644398746600864,0.08470406525279357
B_30mg,3.423076923076923,0.8637569448020389,0.08472378253623095
B_30mg,3.442307692307692,0.8630745571529206,0.08474378539813628
B_30mg,3.4615384615384612,0.8623927111668225,0.08476407599757217
B_30mg,3.4807692307692304,0.8617114063032824,0.08478465651445857
B_30mg,3.4999999999999996,0.8610306420272366,0.08480552912839033
B_30mg,3.519230769230769,0.8603504178087291,0.08482669601590086
B_30mg,3.5384615384615383,0.8596707331226046,0.08484815937341211
B_30mg,3.5576923076923075,0.8589915874484674,0.08486992139381386
B_30mg,3.5769230769230766,0.8583129802704065,0.08489198426677896
B_30mg,3.596153846153846,0.857634911076749,0.08491435020077749
B_30mg,3.615384615384615,0.8569573793600295,0.08493702139807457
B_30mg,3.6346153846153846,0.8562803846167196,0.08496000005808385
B_30mg,3.6538461538461537,0.8556039263470423,0.08498328839753178
B_30mg,3.673076923076923,0.8549280040549464,0.0850068886249876
B_30mg,3.692307692307692,0.8542526172478336,0.08503080294667888
B_30mg,3.7115384615384612,0.8535777654364403,0.08505503358503338
B_30mg,3.7307692307692304,0.8529034481348085,0.08507958275247961
B_30mg,3.75,0.8522296648600197,0.08510445266071415
B_30mg,3.769230769230769,0.8515564151321167,0.08512964553556647
B_30mg,3.7884615384615383,0.8508836984740957,0.08515516359263572
B_30mg,3.8076923076923075,0.8502115144116191,0.08518100904764002
B_30mg,3.826923076923076,0.849539862473002,0.08520718412930292
B_30mg,3.8461538461538454,0.8488687421891853,0.08523369105520877
B_30mg,3.8653846153846154,0.8481981530934692,0.08526053204529391
B_30mg,3.8846153846153846,0.8475280947215248,0.08528770933029248
B_30mg,3.9038461538461537,0.8468585666113728,0.08531522512966266
B_30mg,3.923076923076923,0.846189568303115,0.08534308166737029
B_30mg,3.942307692307692,0.8455210993389903,0.08537128117616063
B_30mg,3.961538461538461,0.8448531592633364,0.08539982587731686
B_30mg,3.980769230769231,0.8441857476223387,0.08542871799908007
B_30mg,4.0,0.843518863964106,0.0854579597761485
B_30mg,4.019230769230769,0.8428525078386341,0.08548755343189794
B_30mg,4.038461538461538,0.8421866787975604,0.08551750119904404
B_30mg,4.0576923076923075,0.8415213763942724,0.08554780531422922
B_30mg,4.076923076923077,0.8408566001838667,0.08557846800295978
B_30mg,4.096153846153846,0.8401923497229308,0.08560949150205102
B_30mg,4.115384615384616,0.8395286245696773,0.08564087804972705
B_30mg,4.134615384615384,0.8388654242838894,0.08567262987354557
B_30mg,4.153846153846153,0.8382027484267196,0.08570474921391444
B_30mg,4.1730769230769225,0.8375405965608201,0.08573723830999612
B_30mg,4.192307692307692,0.8368789682502773,0.08577009939056586
B_30mg,4.211538461538461,0.8362178630604042,0.08580333469787549
B_30mg,4.230769230769231,0.835557280557888,0.0858369464701471
B_30mg,4.25,0.8348972203106954,0.0858709369353461
B_30mg,4.269230769230769,0.8342376818879037,0.08590530833509984
B_30mg,4.288461538461538,0.8335786648598249,0.08594006290404399
B_30mg,4.3076923076923075,0.8329201687979136,0.08597520286670135
B_30mg,4.326923076923077,0.832262193274619,0.08601073046085368
B_30mg,4.346153846153846,0.8316047378635107,0.08604664791457861
B_30mg,4.365384615384616,0.8309478021391614,0.086082957446062
B_30mg,4.384615384615384,0.8302913856770506,0.08611966128616043
B_30mg,4.403846153846153,0.8296354880536734,0.08615676165370816
B_30mg,4.4230769230769225,0.8289801088464199,0.08619426075839137
B_30mg,4.442307692307692,0.8283252476334997,0.08623216082163074
B_30mg,4.461538461538461,0.8276709039940606,0.08627046405094366
B_30mg,4.48076923076923,0.8270170775080352,0.08630917264587402
B_30mg,4.5,0.8263637677561195,0.0863482888164533
B_30mg,4.519230769230769,0.8257109743198735,0.08638781475786789
B_30mg,4.538461538461538,0.8250586967815513,0.08642775265843597
B_30mg,4.5576923076923075,0.8244069347241294,0.08646810471613106
B_30mg,4.576923076923077,0.8237556877313827,0.08650887311317491
B_30mg,4.596153846153846,0.8231049553877035,0.0865500600268776
B_30mg,4.615384615384616,0.8224547372781673,0.086591667642605
B_30mg,4.634615384615384,0.821805032988597,0.08663369813000762
B_30mg,4.653846153846153,0.8211558421053708,0.08667615365563612
B_30mg,4.6730769230769225,0.8205071642155181,0.0867190363928242
B_30mg,4.692307692307692,0.8198589989067565,0.08676234849865858
B_30mg,4.711538461538461,0.8192113457673206,0.0868060921300468
B_30mg,4.73076923076923,0.8185642043860606,0.08685026944846094
B_30mg,4.75,0.8179175743524826,0.08689488259941024
B_30mg,4.769230769230769,0.8172714552565549,0.08693993373077594
B_30mg,4.788461538461538,0.816625846688844,0.0869854249930079
B_30mg,4.8076923076923075,0.8159807482405301,0.0870313585207795
B_30mg,4.826923076923077,0.8153361595032284,0.08707773645383114
B_30mg,4.846153846153846,0.8146920800691292,0.08712456093216205
B_30mg,4.865384615384616,0.8140485095310146,0.0871718340805202
B_30mg,4.884615384615384,0.8134054474820893,0.08721955803066081
B_30mg,4.903846153846153,0.8127628935161465,0.08726773491236996
B_30mg,4.9230769230769225,0.8121208472275765,0.08731636684081177
B_30mg,4.942307692307692,0.8114793082111916,0.08736545593989709
B_30mg,4.961538461538461,0.8108382760624129,0.08741500432919604
B_30mg,4.98076923076923,0.8101977503772317,0.0874650141141831
B_30mg,5.0,0.8095577307520524,0.0875154874100024
B_30mg,5.019230769230769,0.808918216783865,0.0875664263247472
B_30mg,5.038461538461538,0.8082792080701922,0.08761783295271229
B_30mg,5.0576923076923075,0.807640704208947,0.08766970939834508
B_30mg,5.076923076923077,0.8070027047985977,0.08772205775621048
B_30mg,5.096153846153846,0.8063652094380924,0.08777488010729946
B_30mg,5.115384615384616,0.8057282177267457,0.08782817854262286
B_30mg,5.134615384615384,0.8050917292643933,0.08788195514062341
B_30mg,5.153846153846153,0.8044557436513005,0.08793621196646552
B_30mg,5.1730769230769225,0.8038202604880829,0.08799095109485502
B_30mg,5.192307692307692,0.8031852793758484,0.08804617458566005
B_30mg,5.211538461538461,0.8025507999160884,0.0881018844862354
B_30mg,5.23076923076923,0.8019168217106363,0.0881580828527098
B_30mg,5.25,0.8012833443617904,0.08821477172449207
B_30mg,5.269230769230769,0.8006503674721998,0.08827195312967694
B_30mg,5.288461538461538,0.8000178906448455,0.0883296291040027
B_30mg,5.3076923076923075,0.7993859134831579,0.08838780166546831
B_30mg,5.326923076923077,0.7987544355908821,0.08844647282196813
B_30mg,5.346153846153846,0.7981234565721022,0.08850564458821127
B_30mg,5.365384615384616,0.79749297603134,0.08856531896036766
B_30mg,5.384615384615384,0.7968629935734013,0.08862549792639289
B_30mg,5.403846153846153,0.7962335088034368,0.08868618347964809
B_30mg,5.4230769230769225,0.7956045213270246,0.08874737759498268
B_30mg,5.442307692307692,0.794976030750004,0.08880908224079144
B_30mg,5.461538461538461,0.794348036678569,0.0888712993898166
B_30mg,5.48076923076923,0.7937205387193291,0.08893403099584564
B_30mg,5.5,0.793093536479138,0.08899727900890587
B_30mg,5.519230769230769,0.7924670295652145,0.08906104538165144
B_30mg,5.538461538461538,0.7918410175851787,0.08912533204763787
B_30mg,5.5576923076923075,0.7912155001468869,0.08919014093977512
B_30mg,5.576923076923077,0.7905904768585643,0.08925547399124334
B_30mg,5.596153846153846,0.7899659473288329,0.0893213331166592
B_30mg,5.615384615384615,0.7893419111665416,0.0893877202325275
B_30mg,5.634615384615384,0.7887183679809181,0.08945463725360434
B_30mg,5.653846153846153,0.7880953173815818,0.08952208607665378
B_30mg,5.6730769230769225,0.787472758978383,0.08959006860240672
B_30mg,5.692307692307692,0.7868506923815805,0.08965858672756072
B_30mg,5.711538461538461,0.7862291172018521,0.08972764233156572
B_30mg,5.73076923076923,0.7856080330501317,0.08979723729969696
B_30mg,5.75,0.7849874395377959,0.08986737351090768
B_30mg,5.769230769230769,0.7843673362766512,0.08993805282762621
B_30mg,5.788461538461538,0.7837477228787705,0.09000927711923529
B_30mg,5.8076923076923075,0.7831285989566733,0.09008104824617287
B_30mg,5.826923076923077,0.7825099641232803,0.0901533680526242
B_30mg,5.846153846153846,0.7818918179917808,0.09022623839046827
B_30mg,5.865384615384615,0.7812741601757973,0.09029966109988131
B_30mg,5.884615384615384,0.7806569902893232,0.0903736380050549
B_30mg,5.903846153846153,0.7800403079466082,0.09044817093786452
B_30mg,5.9230769230769225,0.779424112762316,0.09052326171584586
B_30mg,5.942307692307692,0.7788084043514452,0.0905989121408716
B_30mg,5.961538461538461,0.7781931823292454,0.09067512402208146
B_30mg,5.98076923076923,0.7775784463113625,0.09075189915195442
B_30mg,6.0,0.7769641959137399,0.09082923930804002
B_30mg,6.019230769230769,0.7763504307525784,0.09090714627452459
B_30mg,6.038461538461538,0.7757371504444588,0.09098562181705833
B_30mg,6.0576923076923075,0.7751243546062346,0.09106466768737377
B_30mg,6.076923076923077,0.7745120428550151,0.09114428564305926
B_30mg,6.096153846153846,0.7739002148082829,0.09122447742166316
B_30mg,6.115384615384615,0.7732888700837682,0.09130524474854629
B_30mg,6.134615384615384,0.7726780082994675,0.09138658935351954
B_30mg,6.153846153846153,0.7720676290737475,0.0914685129461995
B_30mg,6.1730769230769225,0.7714577320252002,0.09155101722516101
B_30mg,6.192307692307692,0.7708483167726962,0.09163410389283694
B_30mg,6.211538461538461,0.7702393829354771,0.0917177746307937
B_30mg,6.23076923076923,0.7696309301329873,0.09180203111191271
B_30mg,6.25,0.7690229579849679,0.09188687501133727
B_30mg,6.269230769230769,0.768415466111523,0.09197230798359123
B_30mg,6.288461538461538,0.7678084541329512,0.0920583316766073
B_30mg,6.3076923076923075,0.7672019216698645,0.09214494773931559
B_30mg,6.326923076923077,0.7665958683432297,0.0922321577997332
B_30mg,6.346153846153846,0.7659902937742031,0.09231996348232781
B_30mg,6.365384615384615,0.7653851975842668,0.0924083664106295
B_30mg,6.384615384615384,0.7647805793952456,0.09249736818740498
B_30mg,6.403846153846153,0.7641764388291592,0.09258697041477462
B_30mg,6.4230769230769225,0.7635727755083612,0.09267717469167733
B_30mg,6.442307692307692,0.7629695890555529,0.09276798259716561
B_30mg,6.461538461538461,0.762366879093629,0.09285939571174842
B_30mg,6.48076923076923,0.761764645245841,0.0929514156105558
B_30mg,6.499999999999999,0.7611628871358176,0.09304404384944004
B_30mg,6.519230769230769,0.7605616043874066,0.09313728198788718
B_30mg,6.538461538461538,0.7599607966248507,0.09323113157756563
B_30mg,6.5576923076923075,0.7593604634727918,0.09332559415186381
B_30mg,6.576923076923077,0.7587606045561097,0.09342067124904983
B_30mg,6.596153846153846,0.7581612195000899,0.09351636439715184
B_30mg,6.615384615384615,0.7575623079303979,0.09361267510612394
B_30mg,6.634615384615384,0.7569638694729408,0.0937096048917154
B_30mg,6.653846153846153,0.7563659037540275,0.09380715525680286
B_30mg,6.6730769230769225,0.7557684104003147,0.09390532768647925
B_30mg,6.692307692307692,0.755171389038697,0.09400412367176839
B_30mg,6.711538461538461,0.7545748392964542,0.0941035446882124
B_30mg,6.73076923076923,0.7539787608011832,0.0942035921938972
B_30mg,6.749999999999999,0.7533831531807108,0.09430426765254077
B_30mg,6.769230769230769,0.7527880160632303,0.09440557250997957
B_30mg,6.788461538461538,0.7521933490772248,0.09450750819529168
B_30mg,6.8076923076923075,0.7515991518514059,0.09461007614266426
B_30mg,6.826923076923077,0.7510054240148473,0.09471327776647528
B_30mg,6.846153846153846,0.750412165196879,0.09481711446539645
B_30mg,6.865384615384615,0.7498193750270666,0.09492158764236015
B_30mg,6.884615384615384,0.7492270531353262,0.09502669867912221
B_30mg,6.903846153846153,0.7486351991518094,0.09513244894311483
B_30mg,6.9230769230769225,0.7480438127069144,0.0952388398051221
B_30mg,6.942307692307692,0.7474528934313839,0.09534587261399788
B_30mg,6.961538461538461,0.7468624409561766,0.09545354870598079
B_30mg,6.98076923076923,0.7462724549125124,0.09556186941953912
B_30mg,6.999999999999999,0.7456829349319583,0.09567083607110044
B_30mg,7.019230769230769,0.7450938806462729,0.09578044996628893
B_30mg,7.038461538461538,0.7445052916874955,0.0958907124118536
B_30mg,7.0576923076923075,0.7439171676880072,0.09600162469249107
B_30mg,7.076923076923077,0.7433295082803766,0.09611318808437729
B_30mg,7.096153846153846,0.7427423130974585,0.09622540386334379
B_30mg,7.115384615384615,0.7421555817724508,0.09633827328323889
B_30mg,7.134615384615384,0.7415693139387287,0.09645179759212585
B_30mg,7.153846153846153,0.7409835092299739,0.0965659780360736
B_30mg,7.1730769230769225,0.7403981672802001,0.09668081583919769
B_30mg,7.192307692307692,0.7398132877235998,0.09679631222287781
B_30mg,7.211538461538461,0.7392288701946779,0.09691246840425674
B_30mg,7.23076923076923,0.7386449143282767,0.09702928557939919
B_30mg,7.249999999999999,0.7380614197594164,0.09714676494391379
B_30mg,7.269230769230769,0.737478386123449,0.09726490768713718
B_30mg,7.288461538461538,0.7368958130560801,0.09738371497772884
B_30mg,7.3076923076923075,0.7363137001932225,0.09750318798630145
B_30mg,7.326923076923077,0.7357320471711594,0.09762332787480225
B_30mg,7.346153846153846,0.7351508536265511,0.09774413578548254
B_30mg,7.365384615384615,0.7345701191962863,0.09786561286407724
B_30mg,7.384615384615384,0.733989843517643,0.09798776024531863
B_30mg,7.403846153846153,0.7334100262282703,0.09811057904460416
B_30mg,7.4230769230769225,0.7328306669660453,0.09823407038174783
B_30mg,7.442307692307692,0.732251765369232,0.09835823536304038
B_30mg,7.461538461538461,0.7316733210764365,0.09848307507582571
B_30mg,7.480769230769231,0.7310953337264934,0.09860859061213015
B_30mg,7.5,0.73051780295861,0.09873478304785151
B_30mg,7.519230769230769,0.7299407284123061,0.0988616534403324
B_30mg,7.538461538461538,0.7293641097273172,0.09898920285139878
B_30mg,7.5576923076923075,0.7287879465437441,0.0991174323243297
B_30mg,7.576923076923077,0.7282122385019602,0.09924634288444499
B_30mg,7.596153846153846,0.7276369852425653,0.0993759355611522
B_30mg,7.615384615384615,0.7270621864065043,0.09950621136336343
B_30mg,7.634615384615384,0.7264878416349757,0.0996371712830691
B_30mg,7.653846153846152,0.7259139505694026,0.09976881631550541
B_30mg,7.673076923076922,0.7253405128515487,0.09990114743411785
B_30mg,7.692307692307691,0.7247675281234038,0.10003416559655205
B_30mg,7.711538461538462,0.7241949960271974,0.10016787176316833
B_30mg,7.730769230769231,0.7236229162054868,0.10030226687130277
B_30mg,7.75,0.7230512883010425,0.1004373518446418
B_30mg,7.769230769230769,0.722480111956883,0.10057312760806958
B_30mg,7.788461538461538,0.7219093868163619,0.10070959506375327
B_30mg,7.8076923076923075,0.7213391125230224,0.1008467551015655
B_30mg,7.826923076923077,0.7207692887206708,0.1009846086119463
B_30mg,7.846153846153846,0.720199915053446,0.10112315646221963
B_30mg,7.865384615384615,0.7196309911656666,0.10126239951008634
B_30mg,7.884615384615384,0.7190625167019291,0.10140233861208672
B_30mg,7.903846153846152,0.7184944913071567,0.1015429746019706
B_30mg,7.923076923076922,0.7179269146264471,0.1016843083064217
B_30mg,7.942307692307691,0.7173597863051886,0.10182634054939302
B_30mg,7.961538461538462,0.716793105989094,0.1019690721322896
B_30mg,7.980769230769231,0.7162268733240483,0.10211250385226532
B_30mg,8.0,0.7156610879562328,0.10225663650184778
B_30mg,8.019230769230768,0.7150957495321558,0.10240147085155236
B_30mg,8.038461538461538,0.714530857698496,0.1025470076703596
B_30mg,8.057692307692307,0.7139664121022462,0.10269324772050108
B_30mg,8.076923076923077,0.7134024123907332,0.10284019174275304
B_30mg,8.096153846153845,0.7128388582114786,0.10298784047864314
B_30mg,8.115384615384615,0.7122757492123579,0.103136194660819
B_30mg,8.134615384615383,0.7117130850416021,0.10328525500128488
B_30mg,8.153846153846153,0.7111508653476659,0.10343502221463942
B_30mg,8.173076923076922,0.7105890897793763,0.10358549700432129
B_30mg,8.192307692307692,0.7100277579859215,0.10373668005372971
B_30mg,8.211538461538462,0.7094668696167081,0.10388857204978603
B_30mg,8.230769230769232,0.708906424321525,0.10404117366582798
B_30mg,8.25,0.7083464217504968,0.10419448555559796
B_30mg,8.269230769230768,0.7077868615539645,0.10434850837683815
B_30mg,8.288461538461538,0.7072277433826342,0.10450324277110155
B_30mg,8.307692307692307,0.7066690668875198,0.10465868936078909
B_30mg,8.326923076923077,0.7061108317198489,0.10481484877218837
B_30mg,8.346153846153845,0.7055530375311975,0.1049717216130284
B_30mg,8.365384615384615,0.7049956839734173,0.10512930847239295
B_30mg,8.384615384615383,0.7044387706985729,0.10528760994294897
B_30mg,8.403846153846153,0.7038822973590703,0.10544662659681273
B_30mg,8.423076923076922,0.7033262636075578,0.10560635898846528
B_30mg,8.442307692307692,0.7027706690969099,0.10576680767531435
B_30mg,8.461538461538462,0.7022155134803215,0.10592797319264993
B_30mg,8.480769230769232,0.7016607964112167,0.10608985605954527
B_30mg,8.5,0.701106517543244,0.106252456797036
B_30mg,8.519230769230768,0.700552676530378,0.10641577590338054
B_30mg,8.538461538461538,0.6999992730267942,0.10657981386196615
B_30mg,8.557692307692307,0.6994463066869105,0.1067445711575737
B_30mg,8.576923076923077,0.6988937771654636,0.10691004825157906
B_30mg,8.596153846153845,0.698341684117381,0.10707624559265154
B_30mg,8.615384615384615,0.6977900271978406,0.10724316362953107
B_30mg,8.634615384615383,0.6972388060623411,0.10741080278783892
B_30mg,8.653846153846153,0.6966880203665569,0.1075791634825071
B_30mg,8.673076923076922,0.6961376697664334,0.10774824612752584
B_30mg,8.692307692307692,0.6955877539182242,0.10791805111349266
B_30mg,8.711538461538462,0.6950382724783613,0.1080885788234076
B_30mg,8.730769230769232,0.6944892251035486,0.1082598296373907
B_30mg,8.75,0.6939406114508054,0.10843180391268416
B_30mg,8.769230769230768,0.6933924311773253,0.10860450200165439
B_30mg,8.788461538461538,0.6928446839405764,0.10877792425206467
B_30mg,8.807692307692307,0.6922973693983473,0.10895207098921345
B_30mg,8.826923076923077,0.6917504872085919,0.10912694253638065
B_30mg,8.846153846153845,0.6912040370295616,0.10930253921020489
B_30mg,8.865384615384615,0.6906580185198301,0.10947886130560126
B_30mg,8.884615384615383,0.6901124313381483,0.10965590911757951
B_30mg,8.903846153846153,0.689567275143601,0.1098336829325489
B_30mg,8.923076923076922,0.6890225495956231,0.11001218301603226
B_30mg,8.942307692307692,0.6884782543538494,0.1101914096355571
B_30mg,8.96153846153846,0.687934389078281,0.11037136304794895
B_30mg,8.980769230769232,0.6873909534292705,0.11055204348988047
B_30mg,9.0,0.6868479470673796,0.11073345120113662
B_30mg,9.019230769230768,0.6863053696535429,0.11091558640836753
B_30mg,9.038461538461538,0.6857632208490213,0.11109844931857947
B_30mg,9.057692307692307,0.6852215003152883,0.11128204014256445
B_30mg,9.076923076923077,0.6846802077141747,0.11146635907543459
B_30mg,9.096153846153845,0.6841393427078142,0.11165140629308848
B_30mg,9.115384615384615,0.683598904958547,0.11183718197528772
B_30mg,9.134615384615383,0.6830588941290567,0.11202368628370665
B_30mg,9.153846153846153,0.6825193098822936,0.1122109193613121
B_30mg,9.173076923076922,0.681980151881417,0.11239888135466981
B_30mg,9.192307692307692,0.6814414197899203,0.11258757239025907
B_30mg,9.21153846153846,0.6809031132715341,0.11277699257681231
B_30mg,9.230769230769232,0.6803652319902037,0.11296714202611413
B_30mg,9.25,0.6798277756101917,0.11315802082824668
B_30mg,9.269230769230768,0.6792907437959832,0.11334962905692202
B_30mg,9.288461538461538,0.6787541362122801,0.11354196678800706
B_30mg,9.307692307692307,0.6782179525240987,0.11373503407488703
B_30mg,9.326923076923077,0.6776821923966544,0.11392883095596462
B_30mg,9.346153846153845,0.6771468554953931,0.11412335747119194
B_30mg,9.365384615384615,0.6766119414860722,0.11431861363747321
B_30mg,9.384615384615383,0.6760774500346345,0.11451459945877629
B_30mg,9.403846153846153,0.6755433808072628,0.11471131493944768
B_30mg,9.423076923076922,0.6750097334704523,0.11490876006102325
B_30mg,9.442307692307692,0.6744765076908679,0.115106934794018
B_30mg,9.46153846153846,0.6739437031354326,0.11530583910849593
B_30mg,9.480769230769232,0.673411319471377,0.11550547295148608
B_30mg,9.5,0.6728793563660925,0.11570583626182027
B_30mg,9.519230769230768,0.672347813487241,0.11590692897640258
B_30mg,9.538461538461538,0.6718166905027823,0.11610875100917149
B_30mg,9.557692307692307,0.6712859870808504,0.11631130226908701
B_30mg,9.576923076923077,0.6707557028898453,0.1165145826610922
B_30mg,9.596153846153845,0.6702258375984748,0.11671859206788578
B_30mg,9.615384615384615,0.669696390875605,0.11692333036984678
B_30mg,9.634615384615383,0.6691673623903868,0.1171287974415704
B_30mg,9.653846153846153,0.668638751812283,0.11733499313616295
B_30mg,9.673076923076922,0.6681105588109173,0.11754191730662267
B_30mg,9.692307692307692,0.667582783056235,0.11774956979813896
B_30mg,9.71153846153846,0.6670554242185075,0.1179579504353373
B_30mg,9.730769230769232,0.6665284819682012,0.11816705904472527
B_30mg,9.75,0.6660019559761364,0.11837689544297368
B_30mg,9.769230769230768,0.6654758459134681,0.11858745942709034
B_30mg,9.788461538461538,0.664950151451561,0.11879875079724449
B_30mg,9.807692307692307,0.664424872262134,0.11901076934142243
B_30mg,9.826923076923077,0.6639000080172283,0.11922351482840615
B_30mg,9.846153846153845,0.6633755583890935,0.11943698703104334
B_30mg,9.865384615384615,0.6628515230503257,0.11965118570752074
B_30mg,9.884615384615383,0.6623279016738233,0.119866110597276
B_30mg,9.903846153846153,0.6618046939326809,0.12008176144399219
B_30mg,9.923076923076922,0.6612818995003318,0.12029813797433228
B_30mg,9.942307692307692,0.6607595180504718,0.12051523989672301
B_30mg,9.96153846153846,0.6602375492570002,0.12073306692361803
B_30mg,9.980769230769232,0.6597159927941358,0.120951618748404
B_30mg,10.0,0.6591948483363387,0.12117089504713864
B_30mg,10.019230769230768,0.6586741155582719,0.12139089549948673
B_30mg,10.038461538461538,0.6581537941349098,0.12161161976443041
B_30mg,10.057692307692307,0.6576338837414417,0.12183306748480169
B_30mg,10.076923076923077,0.6571143840532722,0.12205523830646968
B_30mg,10.096153846153845,0.6565952947461028,0.12227813185336893
B_30mg,10.115384615384615,0.6560766154958381,0.12250174773515383
B_30mg,10.134615384615383,0.6555583459785986,0.12272608556334674
B_30mg,10.153846153846153,0.655040485870812,0.12295114492758313
B_30mg,10.173076923076922,0.6545230348490819,0.12317692540452323
B_30mg,10.192307692307692,0.6540059925902458,0.12340342657231018
B_30mg,10.21153846153846,0.6534893587714404,0.12363064798675229
B_30mg,10.230769230769232,0.6529731330699733,0.12385858919314865
B_30mg,10.25,0.6524573151633944,0.12408724973692835
B_30mg,10.269230769230768,0.6519419047295533,0.12431662914161963
B_30mg,10.288461538461538,0.6514269014464591,0.12454672692245589
B_30mg,10.307692307692307,0.6509123049923774,0.12477754259376415
B_30mg,10.326923076923077,0.6503981150458676,0.12500907564788372
B_30mg,10.346153846153845,0.649884331285646,0.12524132557198148
B_30mg,10.365384615384615,0.6493709533907002,0.12547429185063388
B_30mg,10.384615384615383,0.6488579810403043,0.1257079739467672
B_30mg,10.403846153846153,0.6483454139138892,0.12594237132112107
B_30mg,10.423076923076922,0.6478332516911641,0.12617748342986368
B_30mg,10.442307692307692,0.6473214940521286,0.1264133097085507
B_30mg,10.46153846153846,0.646810140676944,0.12664984959275616
B_30mg,10.480769230769232,0.6462991912460654,0.12688710251155097
B_30mg,10.5,0.6457886454402663,0.12712506787416727
B_30mg,10.519230769230768,0.6452785029405019,0.12736374509213227
B_30mg,10.538461538461538,0.6447687634280617,0.12760313356829958
B_30mg,10.557692307692307,0.6442594265845643,0.1278432326868337
B_30mg,10.576923076923077,0.6437504920918268,0.1280840418355698
B_30mg,10.596153846153845,0.6432419596320149,0.1283255603915172
B_30mg,10.615384615384615,0.6427338288876041,0.12856778771338018
B_30mg,10.634615384615383,0.6422260995412757,0.12881072316458977
B_30mg,10.653846153846153,0.641718771276048,0.12905436609540072
B_30mg,10.673076923076922,0.6412118437752333,0.1292987158382259
B_30mg,10.692307692307692,0.6407053167223428,0.12954377173050968
B_30mg,10.71153846153846,0.6401991898012092,0.12978953309419647
B_30mg,10.730769230769232,0.6396934626959332,0.1300359992338897
B_30mg,10.75,0.6391881350908063,0.13028316945911272
B_30mg,10.769230769230768,0.6386832066704334,0.1305310430617666
B_30mg,10.788461538461538,0.6381786771196587,0.13077961931726848
B_30mg,10.807692307692307,0.637674546123521,0.1310288975056291
B_30mg,10.826923076923077,0.6371708133673617,0.13127887688757214
B_30mg,10.846153846153845,0.6366674785367371,0.13152955670853522
B_30mg,10.865384615384615,0.6361645413174065,0.13178093621790693
B_30mg,10.884615384615383,0.6356620013954207,0.1320330146446661
B_30mg,10.903846153846153,0.6351598584570276,0.13228579120401648
B_30mg,10.923076923076922,0.6346581121886871,0.1325392651144166
B_30mg,10.942307692307692,0.6341567622771451,0.13279343557337872
B_30mg,10.96153846153846,0.6336558084093317,0.13304830176646218
B_30mg,10.98076923076923,0.6331552502723996,0.13330386288157722
B_30mg,11.0,0.6326550875537885,0.13356011808576798
B_30mg,11.019230769230768,0.6321553199411053,0.13381706653604344
B_30mg,11.038461538461538,0.6316559471221906,0.1340747073908789
B_30mg,11.057692307692307,0.6311569687851721,0.1343330397880533
B_30mg,11.076923076923077,0.6306583846183399,0.13459206285767542
B_30mg,11.096153846153845,0.6301601943102247,0.13485177573008403
B_30mg,11.115384615384615,0.6296623975496434,0.135112177515169
B_30mg,11.134615384615383,0.6291649940255679,0.13537326731794452
B_30mg,11.153846153846153,0.6286679834272239,0.13563504424224498
B_30mg,11.173076923076922,0.6281713654441221,0.1358975073716592
B_30mg,11.192307692307692,0.6276751397659223,0.13616065578799422
B_30mg,11.21153846153846,0.6271793060825479,0.13642448856989467
B_30mg,11.23076923076923,0.6266838640842091,0.13668900477677604
B_30mg,11.25,0.626188813461263,0.136954203468619
B_30mg,11.269230769230768,0.6256941539043531,0.13722008370045882
B_30mg,11.288461538461538,0.6251998851044167,0.13748664450866088
B_30mg,11.307692307692307,0.6247060067525699,0.13775388493262128
B_30mg,11.326923076923077,0.6242125185402426,0.13802180400466674
B_30mg,11.346153846153845,0.6237194201591802,0.13829040073956375
B_30mg,11.365384615384615,0.623226711301325,0.13855967415672968
B_30mg,11.384615384615383,0.6227343916589477,0.13882962326644485
B_30mg,11.403846153846153,0.6222424609246325,0.1391002470619393
B_30mg,11.423076923076922,0.6217509187911535,0.139371544542147
B_30mg,11.442307692307692,0.621259764951621,0.13964351469461567
B_30mg,11.46153846153846,0.6207689990994298,0.1399161564903846
B_30mg,11.48076923076923,0.6202786209281705,0.1401894689066032
B_30mg,11.5,0.6197886301317447,0.14046345090671872
B_30mg,11.519230769230768,0.6192990264043227,0.1407381014382078
B_30mg,11.538461538461538,0.6188098094402579,0.14101341945462484
B_30mg,11.557692307692307,0.6183209789342103,0.14128940389367933
B_30mg,11.576923076923077,0.6178325345810705,0.14156605367784963
B_30mg,11.596153846153845,0.6173444760759241,0.14184336773546893
B_30mg,11.615384615384615,0.6168568031141477,0.1421213449773345
B_30mg,11.634615384615383,0.6163695153913314,0.1423999843001682
B_30mg,11.653846153846153,0.6158826126032596,0.1426792846059007
B_30mg,11.673076923076922,0.6153960944459989,0.1429592447778611
B_30mg,11.692307692307692,0.6149099606158138,0.14323986368653513
B_30mg,11.71153846153846,0.6144242108091692,0.14352114020726822
B_30mg,11.73076923076923,0.6139388447228071,0.1438030731957948
B_30mg,11.75,0.6134538620536519,0.1440856614972186
B_30mg,11.769230769230768,0.6129692624988372,0.14436890396021143
B_30mg,11.788461538461538,0.6124850457557799,0.14465279941429016
B_30mg,11.807692307692307,0.6120012115220587,0.14493734667979205
B_30mg,11.826923076923077,0.6115177594954776,0.14522254458017306
B_30mg,11.846153846153845,0.6110346893741166,0.1455083919195181
B_30mg,11.865384615384615,0.6105520008562124,0.14579488749543132
B_30mg,11.884615384615383,0.6100696936402363,0.1460820301071402
B_30mg,11.903846153846153,0.6095877674249347,0.14636981853497066
B_30mg,11.923076923076922,0.6091062219092073,0.14665825155534962
B_30mg,11.942307692307692,0.6086250567921928,0.14694732794498555
B_30mg,11.96153846153846,0.6081442717733097,0.14723704646206884
B_30mg,11.98076923076923,0.6076638665521219,0.14752740586371751
B_30mg,12.0,0.6071838408284458,0.14781840490567127
B_30mg,12.019230769230768,0.6067041943023735,0.14811004232581598
B_30mg,12.038461538461538,0.6062249266741423,0.14840231686368913
B_30mg,12.057692307692307,0.6057460376442517,0.14869522725557843
B_30mg,12.076923076923077,0.6052675269134915,0.14898877222059426
B_30mg,12.096153846153845,0.6047893941828104,0.14928295048181206
B_30mg,12.115384615384615,0.6043116391534593,0.14957776075717025
B_30mg,12.134615384615383,0.6038342615269938,0.14987320174835117
B_30mg,12.153846153846153,0.6033572610051554,0.15016927216288378
B_30mg,12.173076923076922,0.6028806372900047,0.15046597070113665
B_30mg,12.192307692307692,0.6024043900839039,0.15076329604794164
B_30mg,12.21153846153846,0.6019285190894061,0.1510612468949868
B_30mg,12.23076923076923,0.6014530240093874,0.1513598219246402
B_30mg,12.25,0.6009779045470028,0.15165901980429808
B_30mg,12.269230769230768,0.6005031604055948,0.15195883920879846
B_30mg,12.288461538461538,0.600028791288816,0.1522592788013291
B_30mg,12.307692307692307,0.5995547969005822,0.1525603372306635
B_30mg,12.326923076923077,0.5990811769449839,0.15286201315304407
B_30mg,12.346153846153845,0.5986079311264161,0.15316430521095573
B_30mg,12.365384615384615,0.598135059149499,0.15346721203309693
B_30mg,12.384615384615383,0.5976625607190417,0.15377073225547053
B_30mg,12.403846153846153,0.5971904355401338,0.15407486449858318
B_30mg,12.423076923076922,0.596718683318078,0.15437960737024756
B_30mg,12.442307692307692,0.5962473037583622,0.15468495948509212
B_30mg,12.46153846153846,0.5957762965667536,0.1549909194409027
B_30mg,12.48076923076923,0.5953056614492087,0.15529748582425412
B_30mg,12.5,0.5948353981118768,0.1556046572277515
B_30mg,12.519230769230768,0.5943655062611799,0.155912432226677
B_30mg,12.538461538461538,0.5938959856037146,0.1562208093865062
B_30mg,12.557692307692307,0.5934268358462816,0.15652978727833472
B_30mg,12.576923076923077,0.5929580566959538,0.15683936445547658
B_30mg,12.596153846153845,0.5924896478599616,0.15714953946362253
B_30mg,12.615384615384615,0.5920216090457512,0.1574603108529531
B_30mg,12.634615384615383,0.5915539399610437,0.15777167715627177
B_30mg,12.653846153846153,0.5910866403137026,0.15808363690079447
B_30mg,12.673076923076922,0.5906197098118234,0.15839618861739152
B_30mg,12.692307692307692,0.5901531481637685,0.15870933081942812
B_30mg,12.71153846153846,0.5896869550780424,0.15902306201772565
B_30mg,12.73076923076923,0.5892211302633897,0.15933738072504477
B_30mg,12.75,0.5887556734288162,0.15965228543726218
B_30mg,12.769230769230768,0.5882905842834735,0.15996777465039183
B_30mg,12.788461538461538,0.5878258625367542,0.1602838468608807
B_30mg,12.807692307692307,0.587361507898318,0.16060050054880254
B_30mg,12.826923076923077,0.5868975200779644,0.16091773419717803
B_30mg,12.846153846153845,0.586433898785748,0.16123554628765302
B_30mg,12.865384615384615,0.5859706437319915,0.1615539352863218
B_30mg,12.884615384615383,0.5855077546271731,0.16187289966432372
B_30mg,12.903846153846153,0.5850452311820563,0.16219243788968776
B_30mg,12.923076923076922,0.5845830731076923,0.1625125484157994
B_30mg,12.942307692307692,0.5841212801153107,0.1628332297029922
B_30mg,12.96153846153846,0.5836598519164472,0.16315448020662185
B_30mg,12.98076923076923,0.5831987882229376,0.16347629836819938
B_30mg,12.999999999999998,0.5827380887467962,0.16379868263733077
B_30mg,13.019230769230768,0.5822777532003501,0.16412163145646305
B_30mg,13.038461538461538,0.5818177812962065,0.1644451432547863
B_30mg,13.057692307692307,0.5813581727471522,0.1647692164703237
B_30mg,13.076923076923077,0.5808989272662757,0.16509384953164788
B_30mg,13.096153846153845,0.5804400445669256,0.1654190408545927
B_30mg,13.115384615384615,0.5799815243626197,0.16574478886399718
B_30mg,13.134615384615383,0.5795233663671717,0.16607109197309358
B_30mg,13.153846153846153,0.579065570294623,0.16639794858296098
B_30mg,13.173076923076922,0.5786081358591917,0.16672535710353015
B_30mg,13.192307692307692,0.5781510627753734,0.1670533159313598
B_30mg,13.21153846153846,0.5776943507578727,0.16738182345186559
B_30mg,13.23076923076923,0.5772379995215707,0.16771087805889862
B_30mg,13.249999999999998,0.5767820087816209,0.1680404781315254
B_30mg,13.269230769230768,0.576326378253366,0.16837062203907072
B_30mg,13.288461538461538,0.5758711076523285,0.16870130815854745
B_30mg,13.307692307692307,0.575416196694301,0.16903253485155953
B_30mg,13.326923076923077,0.5749616450952473,0.16936430047137338
B_30mg,13.346153846153845,0.5745074525713227,0.16969660337846948
B_30mg,13.365384615384615,0.5740536188389462,0.17002944191749406
B_30mg,13.384615384615383,0.5736001436146972,0.17036281442677437
B_30mg,13.403846153846153,0.5731470266153571,0.17069671925084423
B_30mg,13.423076923076922,0.572694267557974,0.17103115471872396
B_30mg,13.442307692307692,0.5722418661597387,0.17136611915501127
B_30mg,13.46153846153846,0.5717898221380598,0.17170161088981756
B_30mg,13.48076923076923,0.5713381352106045,0.1720376282376334
B_30mg,13.499999999999998,0.5708868050951825,0.17237416951125778
B_30mg,13.519230769230768,0.5704358315098309,0.17271123302770638
B_30mg,13.538461538461538,0.5699852141728406,0.17304881708853204
B_30mg,13.557692307692307,0.5695349528026454,0.17338691999669997
B_30mg,13.576923076923077,0.5690850471179127,0.17372554005751498
B_30mg,13.596153846153845,0.5686354968375626,0.17406467556158767
B_30mg,13.615384615384615,0.5681863016806543,0.17440432480350931
B_30mg,13.634615384615383,0.5677374613664884,0.1747444860786379
B_30mg,13.653846153846153,0.5672889756146264,0.17508515766843055
B_30mg,13.673076923076922,0.5668408441447703,0.17542633786046866
B_30mg,13.692307692307692,0.5663930666768966,0.17576802494128302
B_30mg,13.71153846153846,0.565945642931255,0.1761102171844525
B_30mg,13.73076923076923,0.5654985726282603,0.17645291287161366
B_30mg,13.749999999999998,0.5650518554886295,0.17679611028153147
B_30mg,13.769230769230768,0.5646054912333622,0.17713980768093812
B_30mg,13.788461538461538,0.564159479583636,0.17748400334588832
B_30mg,13.807692307692307,0.5637138202609302,0.17782869554744493
B_30mg,13.826923076923077,0.563268512986997,0.17817388254514294
B_30mg,13.846153846153845,0.5628235574837666,0.17851956260875035
B_30mg,13.865384615384615,0.5623789534734606,0.17886573400080247
B_30mg,13.884615384615383,0.5619347006785562,0.17921239497280939
B_30mg,13.903846153846153,0.5614907988217022,0.17955954378674163
B_30mg,13.923076923076922,0.5610472476258284,0.17990717869521153
B_30mg,13.942307692307692,0.5606040468140937,0.18025529794035547
B_30mg,13.96153846153846,0.5601611961098272,0.1806038997746326
B_30mg,13.98076923076923,0.5597186952366254,0.18095298243930685
B_30mg,13.999999999999998,0.5592765439182917,0.18130254416608949
B_30mg,14.019230769230768,0.5588347418788062,0.181652583196679
B_30mg,14.038461538461538,0.5583932888424077,0.1820030977601465
B_30mg,14.057692307692307,0.5579521845335219,0.1823540860771782
B_30mg,14.076923076923077,0.5575114286767516,0.1827055463779835
B_30mg,14.096153846153845,0.5570710209969527,0.18305747687904722
B_30mg,14.115384615384615,0.5566309612191573,0.18340987579027587
B_30mg,14.134615384615383,0.5561912490685811,0.18376274133006826
B_30mg,14.153846153846153,0.5557518842706932,0.1841160717032143
B_30mg,14.173076923076922,0.5553128665511174,0.18446986510920704
B_30mg,14.192307692307692,0.5548741956356745,0.1848241197557294
B_30mg,14.21153846153846,0.5544358712504412,0.18517883383649852
B_30mg,14.23076923076923,0.5539978931216359,0.18553400554229676
B_30mg,14.249999999999998,0.5535602609756832,0.18588963307088666
B_30mg,14.269230769230768,0.553122974539266,0.1862457146065323
B_30mg,14.288461538461538,0.5526860335391985,0.18660224833267713
B_30mg,14.307692307692307,0.5522494377025134,0.18695923243883383
B_30mg,14.326923076923077,0.5518131867564945,0.1873166651009936
B_30mg,14.346153846153845,0.5513772804285552,0.1876745444972833
B_30mg,14.365384615384615,0.5509417184463427,0.18803286881037584
B_30mg,14.384615384615383,0.550506500537744,0.18839163620979862
B_30mg,14.403846153846153,0.5500716264307827,0.18875084487002747
B_30mg,14.423076923076922,0.5496370958537145,0.1891104929682956
B_30mg,14.442307692307692,0.5492029085350448,0.18947057866970074
B_30mg,14.46153846153846,0.548769064203413,0.18983110014638324
B_30mg,14.48076923076923,0.5483355625877113,0.19019205557148502
B_30mg,14.499999999999998,0.5479024034170997,0.19055344310677969
B_30mg,14.519230769230768,0.5474695864208958,0.19091526092323424
B_30mg,14.538461538461538,0.5470371113286948,0.19127750719084305
B_30mg,14.557692307692307,0.546604977870374,0.19164018006934438
B_30mg,14.576923076923077,0.5461731857759811,0.1920032777289768
B_30mg,14.596153846153845,0.5457417347758552,0.19236679833704717
B_30mg,14.615384615384615,0.5453106246006048,0.19273074005100213
B_30mg,14.634615384615383,0.5448798549810061,0.19309510103980213
B_30mg,14.653846153846153,0.5444494256481276,0.19345987946733134
B_30mg,14.673076923076922,0.5440193363332836,0.19382507348808503
B_30mg,14.692307692307692,0.5435895867679542,0.19419068126838374
B_30mg,14.71153846153846,0.5431601766838982,0.19455670096735525
B_30mg,14.73076923076923,0.5427311058130981,0.1949231307352412
B_30mg,14.749999999999998,0.5423023738877016,0.1952899687340313
B_30mg,14.769230769230768,0.541873980640117,0.19565721311659942
B_30mg,14.788461538461538,0.5414459258029588,0.1960248620277626
B_30mg,14.807692307692307,0.5410182091090073,0.19639291362381014
B_30mg,14.826923076923077,0.5405908302912983,0.19676136605040995
B_30mg,14.846153846153845,0.5401637890830522,0.19713021744631803
B_30mg,14.865384615384615,0.5397370852176561,0.197499465961199
B_30mg,14.884615384615383,0.5393107184287511,0.19786910973308575
B_30mg,14.903846153846153,0.53888468845014,0.1982391468945381
B_30mg,14.923076923076922,0.5384589950158091,0.1986095755883969
B_30mg,14.942307692307692,0.5380336378599884,0.1989803939454136
B_30mg,14.961538461538462,0.5376086167170604,0.1993516000925788
B_30mg,14.98076923076923,0.5371839313215957,0.19972319216635384
B_30mg,15.0,0.5367595814084143,0.2000951682912136
B_30mg,15.019230769230768,0.5363355667124717,0.2004675265896716
B_30mg,15.038461538461538,0.5359118869689253,0.20084026519291018
B_30mg,15.057692307692305,0.5354885419131803,0.20121338222031165
B_30mg,15.076923076923077,0.5350655312807683,0.20158687579150678
B_30mg,15.096153846153843,0.53464285480743,0.20196074403366904
B_30mg,15.115384615384615,0.5342205122291565,0.2023349850624219
B_30mg,15.134615384615381,0.5337985032820592,0.20270959699623617
B_30mg,15.153846153846153,0.5333768277024712,0.20308457795983517
B_30mg,15.173076923076923,0.532955485226966,0.20345992606660765
B_30mg,15.192307692307692,0.5325344755922437,0.20383563943565083
B_30mg,15.211538461538462,0.5321137985352299,0.20421171619049744
B_30mg,15.23076923076923,0.5316934537930901,0.20458815444430434
B_30mg,15.25,0.5312734411031175,0.20496495231810555
B_30mg,15.269230769230768,0.530853760202843,0.20534210793574284
B_30mg,15.288461538461538,0.5304344108300548,0.2057196194112032
B_30mg,15.307692307692305,0.530015392722686,0.206097484868634
B_30mg,15.326923076923077,0.5295967056189397,0.20647570243303295
B_30mg,15.346153846153843,0.529178349257285,0.20685427022058367
B_30mg,15.365384615384615,0.5287603233763571,0.20723318635912008
B_30mg,15.384615384615381,0.5283426277150717,0.20761244897542688
B_30mg,15.403846153846153,0.5279252620126106,0.20799205618794922
B_30mg,15.423076923076923,0.5275082260083156,0.20837200612775367
B_30mg,15.442307692307692,0.5270915194418151,0.2087522969227889
B_30mg,15.461538461538462,0.5266751420529763,0.20913292669317282
B_30mg,15.48076923076923,0.5262590935818331,0.20951389357201333
B_30mg,15.5,0.525843373768688,0.20989519568717133
B_30mg,15.519230769230768,0.5254279823540657,0.2102768311591793
B_30mg,15.538461538461538,0.5250129190786477,0.21065879812152757
B_30mg,15.557692307692305,0.5245981836833759,0.2110410947004929
B_30mg,15.576923076923077,0.5241837759093914,0.21142371901570653
B_30mg,15.596153846153843,0.5237696954979969,0.21180666919954647
B_30mg,15.615384615384615,0.523355942190742,0.21218994337563102
B_30mg,15.634615384615381,0.5229425157293578,0.21257353966199952
B_30mg,15.653846153846153,0.5225294158557388,0.21295745618883619
B_30mg,15.673076923076923,0.5221166423120253,0.21334169107658635
B_30mg,15.692307692307692,0.5217041948405171,0.21372624244125524
B_30mg,15.711538461538462,0.5212920731836852,0.21411110841066378
B_30mg,15.73076923076923,0.5208802770842448,0.21449628710196617
B_30mg,15.75,0.5204688062850565,0.2148817766299083
B_30mg,15.769230769230768,0.5200576605291601,0.21526757511985492
B_30mg,15.788461538461538,0.5196468395598401,0.21565368068692664
B_30mg,15.807692307692305,0.5192363431205111,0.21604009144516184
B_30mg,15.826923076923077,0.5188261709547863,0.2164268055187876
B_30mg,15.846153846153843,0.5184163228065066,0.21681382102159635
B_30mg,15.865384615384615,0.5180067984196508,0.21720113606875507
B_30mg,15.884615384615381,0.5175975975383934,0.21758874878424284
B_30mg,15.903846153846153,0.5171887199071471,0.21797665728201762
B_30mg,15.923076923076923,0.5167801652704473,0.21836485967977884
B_30mg,15.942307692307692,0.516371933373038,0.21875335410278404
B_30mg,15.961538461538462,0.5159640239599002,0.2191421386666165
B_30mg,15.98076923076923,0.5155564367761353,0.21953121149317098
B_30mg,16.0,0.5151491715670591,0.2199205707103653
B_30mg,16.019230769230766,0.5147422280782223,0.22031021443703935
B_30mg,16.038461538461537,0.5143356060552989,0.22070014080081654
B_30mg,16.057692307692307,0.5139293052441904,0.22109034793360566
B_30mg,16.076923076923077,0.513523325391035,0.2214808339588496
B_30mg,16.096153846153843,0.5131176662421116,0.2218715970108649
B_30mg,16.115384615384613,0.5127123275439577,0.22226263522650552
B_30mg,16.134615384615383,0.5123073090433624,0.22265394673498276
B_30mg,16.153846153846153,0.5119026104872771,0.22304552967807695
B_30mg,16.173076923076923,0.5114982316229211,0.223437382198234
B_30mg,16.19230769230769,0.5110941721977753,0.22382950243088637
B_30mg,16.211538461538463,0.5106904319594767,0.22422188852493558
B_30mg,16.23076923076923,0.5102870106559341,0.22461453862794903
B_30mg,16.25,0.5098839080352998,0.2250074508809758
B_30mg,16.269230769230766,0.5094811238458856,0.22540062343903186
B_30mg,16.288461538461537,0.5090786578362638,0.22579405445364706
B_30mg,16.307692307692307,0.5086765097552245,0.22618774207032544
B_30mg,16.326923076923077,0.5082746793517186,0.22658168444852897
B_30mg,16.346153846153843,0.50787316637494,0.2269758797422867
B_30mg,16.365384615384613,0.5074719705742854,0.22737032610014543
B_30mg,16.384615384615383,0.5070710916993058,0.22776502168443688
B_30mg,16.403846153846153,0.5066705294997934,0.2281599646504389
B_30mg,16.423076923076923,0.5062702837257201,0.2285551531489272
B_30mg,16.44230769230769,0.5058703541272139,0.22895058534398174
B_30mg,16.461538461538463,0.5054707404546431,0.22934625939137376
B_30mg,16.48076923076923,0.5050714424585323,0.2297421734437043
B_30mg,16.5,0.5046724598895702,0.23013832566612633
B_30mg,16.519230769230766,0.504273792498681,0.23053471421502206
B_30mg,16.538461538461537,0.5038754400369335,0.23093133724485512
B_30mg,16.557692307692307,0.503477402255572,0.23132819292222864
B_30mg,16.576923076923077,0.503079678906069,0.23172527940453808
B_30mg,16.596153846153843,0.5026822697400318,0.23212259484921624
B_30mg,16.615384615384613,0.5022851745092501,0.23252013742477248
B_30mg,16.634615384615383,0.5018883929657453,0.2329179052908437
B_30mg,16.653846153846153,0.5014919248616653,0.23331589660892596
B_30mg,16.673076923076923,0.5010957699493493,0.23371410955079303
B_30mg,16.69230769230769,0.500699927981366,0.2341125422791973
B_30mg,16.711538461538463,0.5003043987104053,0.23451119296148878
B_30mg,16.73076923076923,0.4999091818893566,0.23491005977369275
B_30mg,16.75,0.4995142772713351,0.2353091408833429
B_30mg,16.769230769230766,0.49911968460957795,0.2357084344649753
B_30mg,16.788461538461537,0.49872540365752766,0.23610793870038402
B_30mg,16.807692307692307,0.4983314341688507,0.2365076517633046
B_30mg,16.826923076923077,0.4979377758973351,0.23690757183698574
B_30mg,16.846153846153843,0.4975444285969845,0.23730769711024552
B_30mg,16.865384615384613,0.49715139202203057,0.23770802576455213
B_30mg,16.884615384615383,0.49675866592683526,0.23810855599275185
B_30mg,16.903846153846153,0.49636625006600166,0.23850928599163645
B_30mg,16.923076923076923,0.4959741441943801,0.23891021395143067
B_30mg,16.94230769230769,0.49558234806697105,0.23931133807541866
B_30mg,16.961538461538463,0.4951908614390368,0.23971265656908358
B_30mg,16.98076923076923,0.4947996840660883,0.2401141676320301
B_30mg,17.0,0.49440881570379364,0.24051586947791073
B_30mg,17.019230769230766,0.494018256108085,0.24091776032054618
B_30mg,17.038461538461537,0.4936280050351298,0.24131983836836945
B_30mg,17.057692307692307,0.4932380622412513,0.24172210184447984
B_30mg,17.076923076923077,0.4928484274830256,0.24212454897001937
B_30mg,17.096153846153843,0.49245910051724856,0.24252717796116618
B_30mg,17.115384615384613,0.49207008110086914,0.24292998704886443
B_30mg,17.134615384615383,0.49168136899107473,0.2433329744601038
B_30mg,17.153846153846153,0.4912929639452524,0.24373613841739214
B_30mg,17.173076923076923,0.4909048657209361,0.24413947715782064
B_30mg,17.19230769230769,0.4905170740758988,0.24454298891286685
B_30mg,17.211538461538463,0.4901295887680895,0.24494667191040304
B_30mg,17.23076923076923,0.4897424095556055,0.24535052439245497
B_30mg,17.25,0.48935553619677935,0.24575454459410442
B_30mg,17.269230769230766,0.4889689684500971,0.2461587307480614
B_30mg,17.288461538461537,0.4885827060742026,0.2465630811004504
B_30mg,17.307692307692307,0.488196748827969,0.2469675938898449
B_30mg,17.326923076923077,0.4878110964704121,0.2473722673536671
B_30mg,17.346153846153843,0.4874257487607085,0.2477770997422766
B_30mg,17.365384615384613,0.4870407054582644,0.24818208929804492
B_30mg,17.384615384615383,0.48665596632261954,0.24858723426397317
B_30mg,17.403846153846153,0.4862715311134834,0.2489925328950285
B_30mg,17.423076923076923,0.4858873995907931,0.2493979834384384
B_30mg,17.44230769230769,0.4855035715146059,0.24980358414372514
B_30mg,17.461538461538463,0.48512004664516567,0.2502093332716893
B_30mg,17.48076923076923,0.4847368247429329,0.25061522907524836
B_30mg,17.5,0.4843539055684948,0.2510212698120269
B_30mg,17.519230769230766,0.4839712888826239,0.2514274537497037
B_30mg,17.538461538461537,0.4835889744463119,0.25183377914815935
B_30mg,17.557692307692307,0.4832069620206719,0.25224024427474256
B_30mg,17.576923076923077,0.4828252513670146,0.2526468474050869
B_30mg,17.596153846153843,0.4824438422468627,0.25305358680768014
B_30mg,17.615384615384613,0.48206273442186176,0.25346046076073375
B_30mg,17.634615384615383,0.4816819276538607,0.25386746754926603
B_30mg,17.653846153846153,0.481301421704929,0.25427460545180497
B_30mg,17.673076923076923,0.48092121633725443,0.2546818727584899
B_30mg,17.69230769230769,0.4805413113132559,0.25508926776455654
B_30mg,17.711538461538463,0.4801617063955874,0.25549678875955234
B_30mg,17.73076923076923,0.4797824013470458,0.25590443404631424
B_30mg,17.75,0.47940339593067643,0.2563122019310724
B_30mg,17.769230769230766,0.4790246899097712,0.2567200907151382
B_30mg,17.788461538461537,0.4786462830477712,0.2571280987141915
B_30mg,17.807692307692307,0.4782681751083689,0.2575362242453275
B_30mg,17.826923076923077,0.4778903658554958,0.25794446562111534
B_30mg,17.846153846153843,0.47751285505323104,0.25835282116925085
B_30mg,17.865384615384613,0.47713564246590146,0.2587612892167549
B_30mg,17.884615384615383,0.4767587278580481,0.259169868086525
B_30mg,17.903846153846153,0.4763821109943606,0.25957855611671926
B_30mg,17.92307692307692,0.4760057916397652,0.2599873516428417
B_30mg,17.94230769230769,0.47562976955938313,0.2603962529967064
B_30mg,17.961538461538463,0.475254044518478,0.26080525852520214
B_30mg,17.98076923076923,0.4748786162825469,0.26121436657083985
B_30mg,18.0,0.47450348461725844,0.26162357547321524
B_30mg,18.019230769230766,0.47412864928842774,0.2620328835866334
B_30mg,18.038461538461537,0.4737541100620932,0.26244228925966956
B_30mg,18.057692307692307,0.4733798667044516,0.2628517908389786
B_30mg,18.076923076923077,0.47300591898184846,0.2632613866854347
B_30mg,18.096153846153843,0.4726322666608474,0.2636710751531346
B_30mg,18.115384615384613,0.47225890950816013,0.2640808545958238
B_30mg,18.134615384615383,0.4718858472906473,0.2644907233804762
B_30mg,18.153846153846153,0.47151307977539225,0.2649006798673285
B_30mg,18.17307692307692,0.4711406067296106,0.2653107224173584
B_30mg,18.19230769230769,0.4707684279206804,0.26572084940442897
B_30mg,18.211538461538463,0.470396543116199,0.26613105919528707
B_30mg,18.23076923076923,0.47002495208388545,0.2665413501594873
B_30mg,18.25,0.46965365459163166,0.2669517206783087
B_30mg,18.269230769230766,0.46928265040754585,0.267362169126277
B_30mg,18.288461538461537,0.4689119392998498,0.2677726938825659
B_30mg,18.307692307692307,0.468541521036956,0.26818329333717367
B_30mg,18.326923076923077,0.46817139538748237,0.26859396587326884
B_30mg,18.346153846153843,0.467801562120162,0.269004709881259
B_30mg,18.365384615384613,0.4674320210039229,0.2694155237609422
B_30mg,18.384615384615383,0.46706277180789835,0.2698264059055525
B_30mg,18.403846153846153,0.4666938143013371,0.2702373547180309
B_30mg,18.42307692307692,0.4663251482536856,0.270648368609025
B_30mg,18.44230769230769,0.4659567734345999,0.2710594459834651
B_30mg,18.461538461538463,0.46558868961385147,0.2714705852577983
B_30mg,18.48076923076923,0.4652208965614279,0.2718817848545285
B_30mg,18.5,0.46485339404754,0.2722930431910678
B_30mg,18.519230769230766,0.4644861818425336,0.2727043586982042
B_30mg,18.538461538461537,0.4641192597169915,0.27311572981093796
B_30mg,18.557692307692307,0.46375262744173684,0.27352715496010366
B_30mg,18.576923076923077,0.4633862847877346,0.27393863259101864
B_30mg,18.596153846153843,0.4630202315262012,0.2743501611513734
B_30mg,18.615384615384613,0.4626544674285747,0.27476173908498985
B_30mg,18.634615384615383,0.4622889922664403,0.2751733648510027
B_30mg,18.653846153846153,0.4619238058116299,0.27558503690892494
B_30mg,18.67307692307692,0.4615589078361827,0.2759967537147526
B_30mg,18.69230769230769,0.4611942981122821,0.27640851373999936
B_30mg,18.711538461538463,0.4608299764123471,0.2768203154545874
B_30mg,18.73076923076923,0.46046594250898154,0.27723215732530965
B_30mg,18.75,0.4601021961749337,0.2776440378343306
B_30mg,18.769230769230766,0.45973873718317426,0.2780559554604292
B_30mg,18.788461538461537,0.45937556530684875,0.27846790867992477
B_30mg,18.807692307692307,0.4590126803192409,0.27887989598419644
B_30mg,18.826923076923077,0.4586500819938508,0.2792919158598187
B_30mg,18.846153846153843,0.4582877701043362,0.27970396679186743
B_30mg,18.865384615384613,0.4579257444244966,0.2801160472798953
B_30mg,18.884615384615383,0.4575640047283454,0.2805281558176797
B_30mg,18.903846153846153,0.4572025507900384,0.2809402908987187
B_30mg,18.92307692307692,0.45684138238388,0.281352451030356
B_30mg,18.94230769230769,0.4564804992843863,0.28176463471367946
B_30mg,18.961538461538463,0.45611990126620044,0.28217684045097086
B_30mg,18.98076923076923,0.4557595881041252,0.2825890667575533
B_30mg,19.0,0.4553995595731756,0.28300131214251933
B_30mg,19.019230769230766,0.4550398154484821,0.2834135751177008
B_30mg,19.038461538461537,0.454680355505348,0.2838258542071758
B_30mg,19.057692307692307,0.45432117951927975,0.2842381479288981
B_30mg,19.076923076923077,0.4539622872658989,0.2846504548054653
B_30mg,19.096153846153843,0.45360367852100414,0.28506277337063934
B_30mg,19.115384615384613,0.45324535306059954,0.2854751021522131
B_30mg,19.134615384615383,0.45288731066080024,0.2858874396848803
B_30mg,19.153846153846153,0.4525295510979014,0.2862997845132747
B_30mg,19.17307692307692,0.45217207414840777,0.28671213517617494
B_30mg,19.19230769230769,0.4518148795889289,0.28712449022175984
B_30mg,19.211538461538463,0.4514579671962655,0.28753684820643977
B_30mg,19.23076923076923,0.4511013367474227,0.2879492076815626
B_30mg,19.25,0.4507449880195129,0.28836156720974393
B_30mg,19.269230769230766,0.4503889207898535,0.28877392536029345
B_30mg,19.288461538461537,0.4500331348359765,0.2891862806978606
B_30mg,19.307692307692307,0.44967762993553795,0.2895986318003283
B_30mg,19.326923076923077,0.4493224058664194,0.29001097725045394
B_30mg,19.346153846153843,0.44896746240673724,0.2904233156271818
B_30mg,19.365384615384613,0.4486127993347429,0.29083564552395264
B_30mg,19.384615384615383,0.4482584164289259,0.29124796553730525
B_30mg,19.403846153846153,0.44790431346800064,0.2916602742603294
B_30mg,19.42307692307692,0.4475504902308203,0.29207257030139194
B_30mg,19.44230769230769,0.44719694649647845,0.2924848522700375
B_30mg,19.461538461538463,0.44684368204427216,0.2928971187727456
B_30mg,19.48076923076923,0.4464906966536409,0.2933093684315266
B_30mg,19.5,0.44613799010424726,0.2937215998675959
B_30mg,19.519230769230766,0.4457855621759487,0.2941338116994763
B_30mg,19.538461538461537,0.4454334126487348,0.294546002561119
B_30mg,19.557692307692307,0.44508154130281363,0.2949581710838519
B_30mg,19.576923076923077,0.4447299479185635,0.2953703158968513
B_30mg,19.596153846153843,0.4443786322764971,0.29578243564446677
B_30mg,19.615384615384613,0.44402759415734094,0.2961945289669615
B_30mg,19.634615384615383,0.4436768333419746,0.29660659450333693
B_30mg,19.653846153846153,0.4433263496114157,0.29701863090715164
B_30mg,19.67307692307692,0.44297614274688774,0.29743063682694276
B_30mg,19.69230769230769,0.4426262125297523,0.2978426109109302
B_30mg,19.711538461538463,0.4422765587415173,0.2982545518215229
B_30mg,19.73076923076923,0.4419271811638931,0.2986664582152109
B_30mg,19.75,0.4415780795787195,0.2990783287499126
B_30mg,19.769230769230766,0.44122925376798566,0.2994901620965945
B_30mg,19.788461538461537,0.44088070351388414,0.29990195692061555
B_30mg,19.807692307692307,0.4405324285987258,0.30031371188987366
B_30mg,19.826923076923077,0.44018442880498065,0.30072542568486654
B_30mg,19.846153846153843,0.4398367039153227,0.30113709698022906
B_30mg,19.865384615384613,0.43948925371253533,0.30154872445527425
B_30mg,19.884615384615383,0.43914207797957117,0.30196030680059904
B_30mg,19.903846153846153,0.4387951764995814,0.30237184270125406
B_30mg,19.92307692307692,0.4384485490558269,0.30278333084899706
B_30mg,19.94230769230769,0.4381021954317407,0.3031947699456848
B_30mg,19.961538461538463,0.4377561154109592,0.30360615868786106
B_30mg,19.98076923076923,0.437410308777219,0.3040174957810072
B_30mg,20.0,0.4370647753144435,0.30442877993927
