scenario,day,CL_n,CL_ox,CL_ext,ALCAT1,TAZ,aSyn_mono,aSyn_olig,aSyn_ext,CI_activity,SC_integrity,dpsi,ATP,mPTP_open,mROS,SOD2_act,GPx4_act,PINK1_act,mito_damage,DA_neuron,MG_active,TNF,IL1b,Motor_score,D_mito,D_inflam,D_proteo
healthy,0.0,0.907788566755719,0.05483583659888906,0.0019424333375859507,0.10624475794935453,0.8936792830593551,0.9488443531040935,0.05532421567651024,0.0027662107838256306,0.9478332343743369,0.9706824976755449,0.9587311669340081,0.9434762263857877,0.019207165151719992,0.10698710078055201,0.823740734122731,0.6514931718351542,0.2020573377794273,0.06646093080292503,1.0,0.1276715596243397,0.20340504148499772,0.16072694904848975,0.054619798580026115,0.0,0.0,0.0
healthy,0.5,0.9077885667540158,0.054835836598774376,0.0019424333375816962,0.10624475794936138,0.8936792830593436,0.9488443531041909,0.05532421567650476,0.002766210783825518,0.947833234374338,0.9706824976755475,0.9587311669346283,0.9434762263858008,0.019207165151733045,0.10698710078053736,0.8237407341227118,0.6514931718351384,0.20205733778075854,0.06646093080827621,0.999885150541753,0.12767155962422347,0.20340504148501232,0.16072694904849677,0.054619798580024574,4.174420880058941e-05,6.262785772043796e-05,1.0477391725923109e-05
healthy,1.0,0.9077885667524543,0.05483583659867018,0.0019424333375778267,0.10624475794938269,0.8936792830593084,0.9488443531044874,0.055324215676493434,0.0027662107838254658,0.9478332343743384,0.9706824976755404,0.9587311669365325,0.9434762263858381,0.019207165151773304,0.10698710078049307,0.8237407341226526,0.6514931718350894,0.20205733778509605,0.06646093082469628,0.9997703142729318,0.1276715596238756,0.2034050414850686,0.16072694904852788,0.054619798580023575,8.348362365445189e-05,0.00012524852319580204,2.095358021782679e-05
healthy,1.5,0.9077885667510304,0.05483583659857228,0.001942433337574209,0.10624475794935423,0.8936792830593556,0.9488443531040881,0.05532421567650369,0.0027662107838252346,0.9478332343743401,0.9706824976755576,0.9587311669339951,0.9434762263857872,0.019207165151719816,0.10698710078055175,0.8237407341227317,0.651493171835155,0.20205733777915125,0.06646093080293025,0.9996554911934931,0.1276715596243301,0.2034050414849869,0.16072694904847618,0.054619798580033276,0.00012521824457898014,0.00018786199644856667,3.1428565479463864e-05
healthy,2.0,0.9077885667497186,0.05483583659848347,0.0019424333375709165,0.10624475794935408,0.8936792830593561,0.9488443531040848,0.0553242156765018,0.0027662107838251505,0.9478332343743411,0.9706824976755688,0.9587311669340145,0.943476226385788,0.019207165151720364,0.10698710078055136,0.8237407341227321,0.6514931718351556,0.20205733777914725,0.0664609308029575,0.9995406813005141,0.1276715596243247,0.20340504148497823,0.16072694904847484,0.054619798580079475,0.00016694807263440718,0.0002504682790737819,4.190234777768824e-05
healthy,2.5,0.907788566748515,0.05483583659840202,0.0019424333375678967,0.10624475794935401,0.893679283059356,0.948844353104088,0.055324215676499866,0.0027662107838250607,0.947833234374342,0.970682497675576,0.9587311669340145,0.9434762263857891,0.01920716515172021,0.10698710078055133,0.8237407341227321,0.6514931718351558,0.20205733777903873,0.06646093080295126,0.9994258845930646,0.12767155962432195,0.20340504148497296,0.1607269490484721,0.05461979858017628,0.00020867310815973018,0.000313067371578439,5.2374927197314915e-05
healthy,3.0,0.9077885667474105,0.05483583659832732,0.0019424333375651266,0.10624475794935398,0.8936792830593557,0.9488443531040958,0.05532421567649794,0.0027662107838249727,0.9478332343743429,0.9706824976755806,0.9587311669340111,0.9434762263857902,0.019207165151719805,0.10698710078055143,0.8237407341227317,0.6514931718351558,0.20205733777888674,0.06646093080293448,0.9993111010695451,0.12767155962432006,0.20340504148496968,0.16072694904846882,0.05461979858037129,0.0002503933517361842,0.00037565927483455147,6.284630388422829e-05
healthy,3.5,0.9077885667463982,0.054835836598258865,0.001942433337562589,0.10624475794935397,0.8936792830593556,0.9488443531040979,0.05532421567649637,0.002766210783824889,0.9478332343743436,0.9706824976755845,0.9587311669340106,0.9434762263857908,0.019207165151719698,0.1069871007805514,0.8237407341227317,0.6514931718351558,0.2020573377788034,0.0664609308029353,0.9991963307287539,0.12767155962431778,0.2034050414849669,0.16072694904846585,0.054619798580696835,0.00029210880380061885,0.00043824398949751637,7.33164779480736e-05
healthy,4.0,0.9077885667454707,0.05483583659819617,0.0019424333375602642,0.10624475794935394,0.8936792830593556,0.9488443531040996,0.05532421567649496,0.0027662107838248113,0.9478332343743442,0.9706824976755875,0.9587311669340103,0.9434762263857912,0.0192071651517196,0.10698710078055135,0.8237407341227317,0.6514931718351558,0.20205733777872928,0.06646093080293619,0.9990815735691282,0.1276715596243157,0.20340504148496466,0.16072694904846307,0.054619798581227015,0.00033381946492102525,0.0005008215164194773,8.378544953141116e-05
healthy,4.5,0.9077885667446213,0.054835836598138746,0.0019424333375581352,0.10624475794935387,0.8936792830593557,0.9488443531041004,0.0553242156764937,0.002766210783824741,0.9478332343743449,0.9706824976755904,0.9587311669340104,0.9434762263857915,0.01920716515171955,0.10698710078055128,0.8237407341227319,0.6514931718351558,0.2020573377786706,0.06646093080293719,0.9989668295892774,0.12767155962431373,0.20340504148496233,0.1607269490484607,0.05461979858201849,0.000375525335602831,0.0005633918563587161,9.425321876109854e-05
healthy,5.0,0.9077885667438496,0.05483583659808659,0.0019424333375562012,0.10624475794935381,0.8936792830593557,0.9488443531041008,0.05532421567649256,0.002766210783824677,0.9478332343743455,0.970682497675593,0.9587311669340105,0.9434762263857918,0.01920716515171951,0.1069871007805512,0.8237407341227321,0.651493171835156,0.20205733777861962,0.0664609308029382,0.9988520987889755,0.12767155962431195,0.20340504148496033,0.16072694904845847,0.05461979858310809,0.0004172264159282459,0.0006259550094385705,0.00010471978565776963
healthy,5.5,0.9077885667431455,0.054835836598039006,0.0019424333375544368,0.10624475794935376,0.8936792830593558,0.9488443531041009,0.055324215676491525,0.002766210783824619,0.947833234374346,0.9706824976755954,0.9587311669340107,0.9434762263857919,0.01920716515171949,0.10698710078055114,0.8237407341227322,0.6514931718351561,0.20205733777857432,0.06646093080293909,0.9987373811659519,0.12767155962431032,0.2034050414849583,0.16072694904845652,0.05461979858462638,0.000458922706722519,0.0006885109768971427,0.00011518515042855412
healthy,6.0,0.9077885667425023,0.054835836597995534,0.0019424333375528252,0.10624475794935372,0.893679283059356,0.9488443531041009,0.05532421567649058,0.002766210783824568,0.9478332343743463,0.970682497675598,0.9587311669340111,0.9434762263857921,0.019207165151719493,0.1069871007805511,0.8237407341227323,0.6514931718351563,0.20205733777853416,0.06646093080293985,0.9986226767185932,0.1276715596243088,0.20340504148495628,0.16072694904845486,0.054619798586696744,0.0005006142085720382,0.0007510597596141781,0.00012564931322062986
healthy,6.5,0.9077885667419135,0.05483583659795573,0.0019424333375513496,0.10624475794935369,0.893679283059356,0.9488443531041011,0.05532421567648972,0.002766210783824522,0.9478332343743467,0.9706824976756004,0.9587311669340114,0.9434762263857923,0.01920716515171949,0.10698710078055108,0.8237407341227323,0.6514931718351563,0.2020573377784954,0.06646093080294044,0.9985079854450867,0.12767155962430737,0.2034050414849542,0.16072694904845344,0.05461979858947546,0.0005423009221357372,0.0008136013585782594,0.0001361122741993829
healthy,7.0,0.9077885667413732,0.0548358365979192,0.0019424333375499957,0.10624475794935367,0.8936792830593561,0.9488443531041015,0.055324215676488916,0.0027662107838244804,0.9478332343743472,0.9706824976756031,0.9587311669340117,0.9434762263857925,0.019207165151719482,0.10698710078055107,0.8237407341227323,0.6514931718351563,0.20205733777845836,0.0664609308029409,0.9983933073437329,0.12767155962430612,0.2034050414849522,0.16072694904845217,0.05461979859309292,0.0005839828480313201,0.0008761357747161143,0.00014657403351985116
healthy,7.5,0.9077885667408782,0.05483583659788572,0.0019424333375487543,0.10624475794935365,0.893679283059356,0.9488443531041021,0.05532421567648816,0.0027662107838244414,0.9478332343743475,0.9706824976756053,0.9587311669340117,0.9434762263857928,0.019207165151719448,0.10698710078055104,0.8237407341227323,0.6514931718351564,0.2020573377784216,0.06646093080294133,0.9982786424130712,0.127671559624305,0.2034050414849505,0.16072694904845095,0.05461979859768926,0.0006256599867895965,0.0009386630088241044,0.00015703459131526275
healthy,8.0,0.9077885667404234,0.05483583659785498,0.0019424333375476148,0.10624475794935362,0.8936792830593558,0.9488443531041029,0.05532421567648747,0.002766210783824405,0.9478332343743479,0.9706824976756073,0.9587311669340115,0.943476226385793,0.019207165151719406,0.10698710078055101,0.8237407341227322,0.6514931718351564,0.20205733777838664,0.06646093080294177,0.9981639906514908,0.127671559624304,0.2034050414849491,0.16072694904844975,0.05461979860341685,0.0006673323389960741,0.0010011830617806538,0.00016749394773257458
healthy,8.5,0.9077885667400069,0.05483583659782681,0.0019424333375465703,0.10624475794935359,0.893679283059356,0.9488443531041033,0.055324215676486835,0.0027662107838243707,0.9478332343743481,0.9706824976756089,0.9587311669340113,0.9434762263857932,0.01920716515171937,0.10698710078055097,0.8237407341227323,0.6514931718351565,0.2020573377783558,0.0664609308029423,0.9980493520575672,0.12767155962430302,0.20340504148494792,0.16072694904844856,0.05461979861043365,0.000708999905168547,0.0010636959343625965,0.00017795210290174788
healthy,9.0,0.9077885667396246,0.05483583659780096,0.0019424333375456123,0.10624475794935359,0.893679283059356,0.9488443531041036,0.05532421567648626,0.0027662107838243386,0.9478332343743483,0.9706824976756102,0.9587311669340111,0.9434762263857933,0.01920716515171934,0.10698710078055094,0.8237407341227323,0.6514931718351565,0.20205733777832907,0.06646093080294285,0.9979347266297595,0.12767155962430213,0.20340504148494698,0.16072694904844745,0.05461979861891976,0.0007506626858670989,0.0011262016274102137,0.00018840905696335843
healthy,9.5,0.9077885667392743,0.05483583659777728,0.0019424333375447345,0.10624475794935358,0.8936792830593561,0.9488443531041036,0.05532421567648575,0.0027662107838243096,0.9478332343743485,0.9706824976756113,0.9587311669340112,0.9434762263857933,0.019207165151719333,0.10698710078055092,0.8237407341227324,0.6514931718351565,0.20205733777830703,0.06646093080294335,0.9978201143666018,0.1276715596243013,0.20340504148494606,0.16072694904844645,0.05461979862907222,0.0007923206816244678,0.0011887001417227603,0.0001988648100511183
healthy,10.0,0.9077885667389533,0.05483583659775557,0.0019424333375439298,0.10624475794935355,0.8936792830593561,0.9488443531041034,0.05532421567648529,0.002766210783824283,0.9478332343743487,0.9706824976756125,0.9587311669340115,0.9434762263857933,0.019207165151719333,0.10698710078055092,0.8237407341227324,0.6514931718351565,0.2020573377782882,0.06646093080294375,0.9977055152665818,0.12767155962430052,0.20340504148494515,0.1607269490484456,0.054619798641096624,0.0008339738929903458,0.0012511914781249255,0.0002093193623029949
healthy,10.5,0.9077885667386592,0.054835836597735686,0.0019424333375431925,0.10624475794935354,0.8936792830593561,0.9488443531041035,0.055324215676484864,0.0027662107838242597,0.947833234374349,0.9706824976756137,0.9587311669340118,0.9434762263857933,0.019207165151719337,0.1069871007805509,0.8237407341227325,0.6514931718351566,0.20205733777826998,0.06646093080294403,0.9975909293282014,0.12767155962429982,0.20340504148494418,0.1607269490484448,0.054619798655223276,0.0008756223205092776,0.0013136756374336784,0.00021977271385566368
healthy,11.0,0.9077885667383896,0.05483583659771747,0.0019424333375425169,0.10624475794935351,0.8936792830593562,0.9488443531041036,0.055324215676484476,0.002766210783824239,0.9478332343743493,0.9706824976756148,0.9587311669340121,0.9434762263857935,0.01920716515171934,0.10698710078055089,0.8237407341227325,0.6514931718351566,0.20205733777825213,0.06646093080294421,0.9974763565499539,0.12767155962429919,0.20340504148494323,0.16072694904844417,0.05461979867168086,0.0009172659647288958,0.0013761526204706192,0.0002302248648465753
healthy,11.5,0.9077885667381427,0.054835836597700784,0.001942433337541898,0.10624475794935351,0.8936792830593561,0.948844353104104,0.0553242156764841,0.0027662107838242194,0.9478332343743494,0.9706824976756158,0.9587311669340121,0.9434762263857936,0.019207165151719337,0.10698710078055089,0.8237407341227325,0.6514931718351566,0.20205733777823368,0.06646093080294439,0.9973617969303281,0.12767155962429863,0.20340504148494234,0.16072694904844356,0.054619798690721665,0.0009589048261984722,0.0014386224280598073,0.00024067581541359164
healthy,12.0,0.9077885667379163,0.05483583659768549,0.001942433337541331,0.10624475794935351,0.893679283059356,0.9488443531041044,0.05532421567648374,0.002766210783824202,0.9478332343743497,0.9706824976756169,0.9587311669340118,0.9434762263857938,0.01920716515171932,0.10698710078055089,0.8237407341227325,0.6514931718351568,0.20205733777821566,0.06646093080294459,0.997247250467816,0.12767155962429813,0.20340504148494154,0.16072694904844298,0.0546197987125977,0.00100053890546615,0.0015010850610236099,0.0002511255656942913
healthy,12.5,0.907788566737709,0.05483583659767148,0.0019424333375408116,0.10624475794935351,0.8936792830593561,0.9488443531041046,0.05532421567648342,0.002766210783824186,0.9478332343743499,0.9706824976756177,0.9587311669340117,0.9434762263857939,0.019207165151719306,0.10698710078055088,0.8237407341227325,0.6514931718351568,0.20205733777819987,0.06646093080294488,0.9971327171609041,0.12767155962429766,0.2034050414849409,0.16072694904844242,0.05461979873758115,0.0010421682030819933,0.0015635405201872747,0.0002615741158267351
healthy,13.0,0.907788566737519,0.05483583659765863,0.0019424333375403354,0.1062447579493535,0.8936792830593561,0.9488443531041046,0.05532421567648313,0.0027662107838241708,0.94783323437435,0.9706824976756184,0.9587311669340116,0.943476226385794,0.01920716515171928,0.10698710078055083,0.8237407341227325,0.6514931718351568,0.20205733777818646,0.06646093080294518,0.9970181970080825,0.12767155962429722,0.20340504148494035,0.1607269490484419,0.0546197987659485,0.0010837927195947753,0.0016259888063741143,0.00027202146594866003
healthy,13.5,0.9077885667373449,0.05483583659764686,0.001942433337539899,0.10624475794935347,0.8936792830593562,0.9488443531041048,0.05532421567648287,0.0027662107838241565,0.9478332343743501,0.9706824976756191,0.9587311669340117,0.943476226385794,0.01920716515171927,0.1069871007805508,0.8237407341227326,0.6514931718351568,0.202057337778176,0.06646093080294548,0.9969036900078391,0.1276715596242968,0.20340504148493987,0.1607269490484414,0.05461979879799551,0.0011254124555541358,0.0016884299204087396,0.0002824676161980201
healthy,14.0,0.9077885667371853,0.05483583659763607,0.001942433337539499,0.10624475794935344,0.8936792830593562,0.9488443531041046,0.05532421567648266,0.0027662107838241435,0.9478332343743502,0.9706824976756196,0.9587311669340121,0.9434762263857939,0.019207165151719267,0.10698710078055076,0.8237407341227326,0.6514931718351568,0.20205733777816745,0.0664609308029457,0.9967891961586635,0.12767155962429638,0.20340504148493943,0.16072694904844095,0.05461979883402342,0.001167027411509088,0.0017508638631148234,0.00029291256671261243
healthy,14.5,0.9077885667370391,0.054835836597626184,0.0019424333375391328,0.10624475794935342,0.8936792830593562,0.9488443531041046,0.05532421567648244,0.0027662107838241313,0.9478332343743503,0.9706824976756202,0.9587311669340122,0.943476226385794,0.01920716515171927,0.10698710078055076,0.8237407341227326,0.6514931718351569,0.20205733777815896,0.06646093080294581,0.9966747154590447,0.12767155962429605,0.203405041484939,0.16072694904844056,0.05461979887435379,0.0012086375880087888,0.001813290635316252,0.0003033563176302702
healthy,15.0,0.9077885667369052,0.05483583659761712,0.001942433337538797,0.10624475794935341,0.8936792830593562,0.9488443531041046,0.055324215676482255,0.0027662107838241196,0.9478332343743503,0.9706824976756208,0.9587311669340124,0.9434762263857941,0.019207165151719278,0.10698710078055078,0.8237407341227326,0.651493171835157,0.20205733777815033,0.06646093080294586,0.9965602479074723,0.12767155962429572,0.20340504148493857,0.16072694904844023,0.054619798919312304,0.0012502429856022204,0.001875710237836651,0.00031379886908878245
healthy,15.5,0.9077885667367824,0.05483583659760882,0.001942433337538489,0.10624475794935341,0.8936792830593562,0.9488443531041049,0.05532421567648206,0.00276621078382411,0.9478332343743504,0.9706824976756213,0.9587311669340123,0.9434762263857941,0.019207165151719278,0.10698710078055079,0.8237407341227326,0.651493171835157,0.20205733777814075,0.0664609308029459,0.9964457935024363,0.12767155962429547,0.20340504148493815,0.16072694904843995,0.054619798969245646,0.0012918436048382409,0.0019381226714994596,0.0003242402212259074
healthy,16.0,0.90778856673667,0.05483583659760122,0.0019424333375382067,0.10624475794935341,0.8936792830593561,0.9488443531041051,0.05532421567648189,0.002766210783824101,0.9478332343743505,0.9706824976756218,0.9587311669340121,0.9434762263857942,0.019207165151719264,0.10698710078055079,0.8237407341227326,0.6514931718351571,0.20205733777813112,0.06646093080294595,0.9963313522424267,0.12767155962429524,0.20340504148493774,0.16072694904843965,0.05461979902450352,0.0013334394462657002,0.002000527937128105,0.000334680374179401
healthy,16.5,0.9077885667365668,0.05483583659759425,0.0019424333375379485,0.10624475794935341,0.8936792830593562,0.9488443531041052,0.05532421567648172,0.002766210783824093,0.9478332343743506,0.9706824976756223,0.958731166934012,0.9434762263857943,0.019207165151719247,0.10698710078055076,0.8237407341227326,0.651493171835157,0.20205733777812282,0.06646093080294611,0.996216924125934,0.12767155962429502,0.2034050414849374,0.1607269490484394,0.054619799085456486,0.0013750305104332854,0.0020629260355457682,0.00034511932808697855
healthy,17.0,0.9077885667364723,0.05483583659758785,0.0019424333375377117,0.10624475794935341,0.8936792830593562,0.9488443531041053,0.05532421567648157,0.0027662107838240858,0.9478332343743506,0.9706824976756226,0.958731166934012,0.9434762263857943,0.019207165151719222,0.10698710078055072,0.8237407341227327,0.651493171835157,0.20205733777811588,0.06646093080294634,0.9961025091514482,0.1276715596242948,0.20340504148493713,0.16072694904843918,0.054619799152468694,0.0014166167978897654,0.002125316967575756,0.0003555570830863756
healthy,17.5,0.9077885667363857,0.054835836597582004,0.0019424333375374944,0.10624475794935341,0.8936792830593563,0.9488443531041053,0.05532421567648144,0.0027662107838240784,0.9478332343743507,0.970682497675623,0.9587311669340121,0.9434762263857942,0.019207165151719212,0.1069871007805507,0.8237407341227327,0.651493171835157,0.202057337778111,0.06646093080294656,0.99598810731746,0.12767155962429458,0.20340504148493688,0.16072694904843896,0.05461979922593783,0.00145819830918369,0.002187700734041044,0.000365993639315273
healthy,18.0,0.9077885667363061,0.05483583659757662,0.0019424333375372953,0.1062447579493534,0.8936792830593564,0.9488443531041051,0.05532421567648134,0.002766210783824072,0.9478332343743507,0.9706824976756233,0.9587311669340123,0.9434762263857941,0.019207165151719215,0.1069871007805507,0.8237407341227329,0.651493171835157,0.20205733777810786,0.06646093080294674,0.9958737186224604,0.12767155962429433,0.20340504148493663,0.1607269490484387,0.05461979930626599,0.0014997750448636226,0.002250077335764629,0.00037642899691135457
healthy,18.5,0.9077885667362334,0.0548358365975717,0.001942433337537113,0.10624475794935338,0.8936792830593563,0.948844353104105,0.05532421567648125,0.0027662107838240663,0.9478332343743507,0.9706824976756235,0.9587311669340125,0.9434762263857942,0.01920716515171924,0.10698710078055072,0.8237407341227327,0.651493171835157,0.20205733777810528,0.06646093080294675,0.9957593430649405,0.12767155962429408,0.20340504148493643,0.16072694904843848,0.054619799393882826,0.001541347005478002,0.0023124467735693203,0.0003868631560122734
healthy,19.0,0.9077885667361667,0.054835836597567196,0.001942433337536946,0.10624475794935337,0.8936792830593563,0.948844353104105,0.055324215676481166,0.0027662107838240606,0.9478332343743507,0.9706824976756238,0.9587311669340127,0.9434762263857943,0.019207165151719278,0.10698710078055079,0.8237407341227327,0.651493171835157,0.20205733777810242,0.06646093080294663,0.9956449806433914,0.1276715596242939,0.20340504148493624,0.16072694904843834,0.05461979948921913,0.0015829141915751968,0.0023748090482778247,0.0003972961167556646
healthy,19.5,0.9077885667361055,0.05483583659756307,0.0019424333375367927,0.10624475794935337,0.8936792830593562,0.9488443531041052,0.05532421567648108,0.002766210783824056,0.9478332343743509,0.970682497675624,0.9587311669340126,0.9434762263857944,0.0192071651517193,0.10698710078055085,0.8237407341227326,0.651493171835157,0.20205733777809728,0.06646093080294646,0.9955306313563046,0.12767155962429383,0.20340504148493602,0.16072694904843818,0.05461979959270649,0.001624476603703568,0.0024371641607128336,0.0004077278792791615
healthy,20.0,0.9077885667360497,0.05483583659755928,0.0019424333375366528,0.1062447579493534,0.8936792830593561,0.9488443531041054,0.05532421567648097,0.0027662107838240515,0.9478332343743509,0.9706824976756243,0.9587311669340123,0.9434762263857946,0.01920716515171929,0.10698710078055085,0.8237407341227326,0.651493171835157,0.20205733777809007,0.06646093080294635,0.9954162952021715,0.12767155962429383,0.20340504148493577,0.16072694904843804,0.05461979970479334,0.0016660342424113673,0.0024995121116968767,0.00041815844372037014
healthy,20.5,0.9077885667359984,0.054835836597555816,0.0019424333375365243,0.10624475794935342,0.893679283059356,0.9488443531041058,0.05532421567648086,0.002766210783824047,0.947833234374351,0.9706824976756245,0.958731166934012,0.9434762263857948,0.019207165151719253,0.10698710078055078,0.8237407341227326,0.651493171835157,0.20205733777808235,0.06646093080294653,0.9953019721794839,0.1276715596242938,0.20340504148493557,0.16072694904843793,0.05461979982592286,0.0017075871082468433,0.002561852902052478,0.0004285878102168953
healthy,21.0,0.9077885667359514,0.054835836597552645,0.0019424333375364067,0.10624475794935347,0.8936792830593561,0.9488443531041059,0.05532421567648075,0.0027662107838240437,0.9478332343743511,0.9706824976756248,0.9587311669340115,0.9434762263857945,0.019207165151719188,0.10698710078055067,0.8237407341227326,0.651493171835157,0.2020573377780757,0.06646093080294699,0.9951876622867335,0.12767155962429372,0.20340504148493543,0.1607269490484378,0.05461979995656497,0.0017491352017581514,0.002624186532602023,0.00043901597890631875
healthy,21.5,0.9077885667359084,0.05483583659754974,0.0019424333375362987,0.10624475794935345,0.8936792830593563,0.9488443531041058,0.05532421567648069,0.0027662107838240402,0.9478332343743511,0.970682497675625,0.9587311669340117,0.9434762263857943,0.01920716515171914,0.10698710078055057,0.8237407341227327,0.651493171835157,0.20205733777807375,0.06646093080294756,0.9950733655224127,0.1276715596242935,0.2034050414849353,0.16072694904843768,0.05461980009720441,0.0017906785234934025,0.0026865130041678295,0.00044944294992621113
healthy,22.0,0.907788566735869,0.054835836597547066,0.0019424333375362,0.1062447579493534,0.8936792830593564,0.9488443531041055,0.05532421567648064,0.002766210783824037,0.9478332343743511,0.9706824976756252,0.958731166934012,0.943476226385794,0.01920716515171913,0.10698710078055051,0.8237407341227327,0.651493171835157,0.20205733777807428,0.06646093080294786,0.9949590818850133,0.1276715596242933,0.2034050414849352,0.16072694904843754,0.05461980024834831,0.001832217074000622,0.0027488323175720868,0.00045986872341412146
healthy,22.5,0.907788566735833,0.05483583659754463,0.0019424333375361092,0.10624475794935338,0.8936792830593564,0.9488443531041055,0.05532421567648061,0.0027662107838240337,0.9478332343743511,0.9706824976756253,0.9587311669340122,0.9434762263857942,0.019207165151719163,0.10698710078055061,0.8237407341227327,0.651493171835157,0.20205733777807364,0.06646093080294747,0.9948448113730278,0.12767155962429322,0.20340504148493513,0.16072694904843743,0.054619800410522425,0.0018737508538277825,0.002811144473636906,0.0004702932995075856
healthy,23.0,0.9077885667357999,0.0548358365975424,0.0019424333375360264,0.10624475794935336,0.8936792830593562,0.9488443531041055,0.05532421567648059,0.002766210783824031,0.9478332343743511,0.9706824976756254,0.9587311669340124,0.9434762263857945,0.019207165151719222,0.10698710078055076,0.8237407341227329,0.651493171835157,0.2020573377780729,0.06646093080294689,0.9947305539849489,0.1276715596242932,0.20340504148493502,0.16072694904843735,0.05461980058424608,0.0019152798635227828,0.002873449473184286,0.00048071667834412085
healthy,23.5,0.9077885667357697,0.054835836597540356,0.0019424333375359505,0.10624475794935336,0.8936792830593562,0.9488443531041055,0.05532421567648056,0.002766210783824029,0.9478332343743511,0.9706824976756255,0.9587311669340124,0.9434762263857946,0.01920716515171924,0.10698710078055076,0.8237407341227327,0.651493171835157,0.20205733777807097,0.06646093080294696,0.9946163097192692,0.1276715596242931,0.2034050414849349,0.16072694904843726,0.05461980077004756,0.0019568041036334767,0.0029357473170361597,0.0004911388600612332
healthy,24.0,0.9077885667357419,0.05483583659753848,0.0019424333375358811,0.10624475794935336,0.8936792830593562,0.9488443531041055,0.05532421567648053,0.0027662107838240272,0.947833234374351,0.9706824976756256,0.9587311669340123,0.9434762263857945,0.019207165151719243,0.10698710078055074,0.8237407341227326,0.6514931718351571,0.2020573377780686,0.06646093080294718,0.9945020785744816,0.12767155962429305,0.20340504148493482,0.1607269490484372,0.054619800968470786,0.0019983235747076597,0.0029980380060143723,0.0005015598447964138
healthy,24.5,0.9077885667357164,0.05483583659753676,0.0019424333375358174,0.10624475794935336,0.8936792830593563,0.9488443531041055,0.05532421567648048,0.0027662107838240255,0.9478332343743511,0.9706824976756258,0.9587311669340123,0.9434762263857945,0.019207165151719236,0.10698710078055072,0.8237407341227327,0.6514931718351571,0.20205733777806684,0.06646093080294722,0.9943878605490791,0.127671559624293,0.20340504148493477,0.16072694904843712,0.0546198011800711,0.002039838277293047,0.0030603215409406473,0.0005119796326871343
healthy,25.0,0.9077885667356932,0.05483583659753518,0.001942433337535759,0.10624475794935337,0.8936792830593563,0.9488443531041055,0.05532421567648043,0.0027662107838240233,0.9478332343743511,0.9706824976756259,0.9587311669340123,0.9434762263857945,0.019207165151719222,0.10698710078055071,0.8237407341227327,0.6514931718351571,0.20205733777806523,0.06646093080294722,0.9942736556415551,0.1276715596242929,0.20340504148493468,0.1607269490484371,0.054619801405413955,0.002081348211937319,0.0031225979226366567,0.0005223982238708567
healthy,25.5,0.9077885667356718,0.05483583659753373,0.0019424333375357055,0.10624475794935337,0.8936792830593562,0.9488443531041056,0.05532421567648039,0.002766210783824021,0.9478332343743512,0.970682497675626,0.9587311669340123,0.9434762263857945,0.019207165151719222,0.10698710078055071,0.8237407341227327,0.651493171835157,0.2020573377780638,0.06646093080294725,0.9941594638504031,0.12767155962429286,0.2034050414849346,0.16072694904843704,0.05461980164508328,0.0021228533791880534,0.0031848671519239184,0.000532815618485018
healthy,26.0,0.9077885667356522,0.054835836597532404,0.0019424333375356567,0.10624475794935338,0.8936792830593561,0.9488443531041056,0.05532421567648036,0.0027662107838240194,0.9478332343743512,0.9706824976756261,0.9587311669340123,0.9434762263857945,0.01920716515171923,0.10698710078055072,0.8237407341227327,0.6514931718351569,0.20205733777806253,0.06646093080294727,0.9940452851741162,0.1276715596242928,0.20340504148493455,0.16072694904843696,0.05461980189966755,0.002164353779592807,0.0032471292296239193,0.0005432318166670496
healthy,26.5,0.9077885667356344,0.05483583659753119,0.0019424333375356118,0.10624475794935337,0.8936792830593562,0.9488443531041056,0.055324215676480326,0.0027662107838240177,0.9478332343743512,0.9706824976756261,0.9587311669340123,0.9434762263857945,0.019207165151719226,0.10698710078055072,0.8237407341227327,0.6514931718351569,0.2020573377780613,0.06646093080294728,0.9939311196111885,0.12767155962429275,0.20340504148493446,0.16072694904843693,0.05461980216977618,0.0022058494136990266,0.003309384156557982,0.0005536468185543555
healthy,27.0,0.9077885667356179,0.05483583659753008,0.0019424333375355706,0.10624475794935334,0.8936792830593562,0.9488443531041056,0.055324215676480305,0.002766210783824016,0.9478332343743513,0.9706824976756262,0.9587311669340124,0.9434762263857945,0.01920716515171922,0.10698710078055072,0.8237407341227329,0.651493171835157,0.20205733777806018,0.06646093080294727,0.9938169671601139,0.12767155962429272,0.2034050414849344,0.16072694904843687,0.05461980245602115,0.002247340282054143,0.0033716319335474025,0.000564060624284335
healthy,27.5,0.9077885667356029,0.05483583659752907,0.0019424333375355329,0.10624475794935334,0.8936792830593562,0.9488443531041056,0.05532421567648028,0.0027662107838240147,0.9478332343743513,0.9706824976756262,0.9587311669340124,0.9434762263857945,0.01920716515171922,0.10698710078055072,0.8237407341227327,0.651493171835157,0.20205733777805912,0.0664609308029473,0.9937028278193867,0.1276715596242927,0.20340504148493438,0.16072694904843682,0.054619802759035184,0.0022888263852054768,0.0034338725614133144,0.0005744732339943608
healthy,28.0,0.9077885667355892,0.05483583659752814,0.0019424333375354982,0.10624475794935336,0.8936792830593562,0.9488443531041056,0.05532421567648026,0.0027662107838240134,0.9478332343743513,0.9706824976756263,0.9587311669340125,0.9434762263857945,0.01920716515171922,0.10698710078055072,0.8237407341227327,0.6514931718351571,0.20205733777805818,0.06646093080294731,0.9935887015875008,0.1276715596242927,0.20340504148493432,0.16072694904843685,0.05461980307945382,0.002330307723700331,0.0034961060409768245,0.0005848846478218007
healthy,28.5,0.9077885667355765,0.054835836597527284,0.0019424333375354665,0.10624475794935336,0.8936792830593563,0.9488443531041056,0.05532421567648025,0.0027662107838240125,0.9478332343743513,0.9706824976756263,0.9587311669340124,0.9434762263857945,0.019207165151719212,0.10698710078055071,0.8237407341227327,0.6514931718351571,0.20205733777805732,0.06646093080294732,0.993474588462951,0.12767155962429266,0.2034050414849343,0.1607269490484368,0.05461980341793263,0.0023717842980859032,0.0035583323730588767,0.0005952948659039953
healthy,29.0,0.9077885667355649,0.0548358365975265,0.0019424333375354375,0.10624475794935334,0.8936792830593564,0.9488443531041056,0.055324215676480236,0.002766210783824012,0.9478332343743513,0.9706824976756264,0.9587311669340124,0.9434762263857946,0.019207165151719205,0.1069871007805507,0.8237407341227327,0.6514931718351571,0.2020573377780565,0.06646093080294731,0.9933604884442319,0.1276715596242926,0.20340504148493427,0.16072694904843676,0.05461980377513058,0.0024132561089093693,0.003620551558480389,0.0006057038883782812
healthy,29.5,0.9077885667355542,0.05483583659752578,0.0019424333375354108,0.10624475794935334,0.8936792830593563,0.9488443531041056,0.055324215676480215,0.002766210783824011,0.9478332343743513,0.9706824976756264,0.9587311669340124,0.9434762263857946,0.019207165151719198,0.10698710078055068,0.8237407341227327,0.6514931718351571,0.2020573377780558,0.06646093080294731,0.9932464015298379,0.12767155962429258,0.20340504148493424,0.1607269490484367,0.05461980415172636,0.0024547231567178004,0.0036827635980621193,0.0006161117153819674
healthy,30.0,0.9077885667355445,0.054835836597525105,0.0019424333375353858,0.10624475794935334,0.8936792830593563,0.9488443531041056,0.05532421567648017,0.00276621078382401,0.9478332343743513,0.9706824976756264,0.9587311669340124,0.9434762263857946,0.019207165151719198,0.1069871007805507,0.8237407341227327,0.6514931718351571,0.20205733777805512,0.06646093080294734,0.9931323277182642,0.12767155962429255,0.20340504148493418,0.16072694904843668,0.054619804548392915,0.0024961854420583007,0.003744968492624874,0.000626518347052372
healthy,30.5,0.9077885667355355,0.0548358365975245,0.0019424333375353635,0.10624475794935334,0.8936792830593563,0.9488443531041056,0.05532421567648015,0.002766210783824009,0.9478332343743513,0.9706824976756264,0.9587311669340124,0.9434762263857946,0.0192071651517192,0.1069871007805507,0.8237407341227327,0.6514931718351571,0.2020573377780545,0.06646093080294735,0.993018267008006,0.12767155962429255,0.20340504148493416,0.16072694904843665,0.05461980496583549,0.002537642965477802,0.0038071662429892046,0.0006369237835267699
healthy,31.0,0.9077885667355273,0.054835836597523946,0.001942433337535343,0.10624475794935336,0.8936792830593563,0.9488443531041055,0.05532421567648015,0.0027662107838240077,0.9478332343743513,0.9706824976756263,0.9587311669340125,0.9434762263857945,0.01920716515171921,0.1069871007805507,0.8237407341227327,0.6514931718351571,0.20205733777805393,0.06646093080294738,0.9929042193975585,0.12767155962429258,0.20340504148493416,0.16072694904843665,0.05461980540476231,0.0025790957275232352,0.0038693568499756554,0.0006473280249424349
healthy,31.5,0.9077885667355199,0.05483583659752344,0.0019424333375353243,0.10624475794935336,0.8936792830593563,0.9488443531041056,0.05532421567648016,0.0027662107838240073,0.9478332343743513,0.9706824976756264,0.9587311669340124,0.9434762263857945,0.019207165151719215,0.1069871007805507,0.8237407341227327,0.6514931718351571,0.2020573377780534,0.06646093080294739,0.9927901848854173,0.12767155962429252,0.20340504148493416,0.16072694904843662,0.05461980586590692,0.0026205437287414118,0.003931540314404597,0.0006577310714366117
healthy,32.0,0.907788566735513,0.05483583659752299,0.0019424333375353071,0.10624475794935336,0.8936792830593562,0.9488443531041056,0.05532421567648017,0.002766210783824007,0.9478332343743513,0.9706824976756264,0.9587311669340123,0.9434762263857944,0.019207165151719215,0.1069871007805507,0.8237407341227329,0.6514931718351571,0.20205733777805296,0.0664609308029474,0.9926761634700779,0.12767155962429252,0.20340504148493416,0.16072694904843662,0.054619806350006704,0.0026619869696790834,0.003993716637096307,0.0006681329231465295
healthy,32.5,0.9077885667355067,0.054835836597522565,0.0019424333375352915,0.10624475794935336,0.8936792830593562,0.9488443531041058,0.05532421567648016,0.0027662107838240073,0.9478332343743513,0.9706824976756265,0.9587311669340123,0.9434762263857945,0.019207165151719222,0.10698710078055071,0.8237407341227327,0.6514931718351571,0.20205733777805257,0.06646093080294742,0.9925621551500364,0.1276715596242925,0.20340504148493413,0.1607269490484366,0.05461980685780142,0.0027034254508829683,0.004055885818871015,0.0006785335802094094
healthy,33.0,0.907788566735501,0.054835836597522176,0.0019424333375352772,0.10624475794935334,0.8936792830593562,0.9488443531041058,0.05532421567648013,0.0027662107838240073,0.9478332343743513,0.9706824976756266,0.9587311669340124,0.9434762263857946,0.01920716515171922,0.10698710078055072,0.8237407341227327,0.6514931718351571,0.2020573377780522,0.06646093080294743,0.9924481599237889,0.12767155962429252,0.2034050414849341,0.1607269490484366,0.05461980739004901,0.0027448591728996947,0.004118047860548815,0.00068893304276245
healthy,33.5,0.9077885667354957,0.05483583659752182,0.001942433337535264,0.10624475794935334,0.8936792830593563,0.9488443531041058,0.05532421567648011,0.0027662107838240073,0.9478332343743513,0.9706824976756266,0.9587311669340124,0.9434762263857946,0.019207165151719212,0.10698710078055071,0.8237407341227327,0.6514931718351571,0.20205733777805188,0.06646093080294742,0.9923341777898314,0.12767155962429247,0.20340504148493407,0.16072694904843654,0.05461980794750706,0.0027862881362758682,0.004180202762949763,0.0006993313109428435
healthy,34.0,0.9077885667354908,0.05483583659752149,0.0019424333375352516,0.10624475794935334,0.8936792830593563,0.9488443531041056,0.05532421567648008,0.0027662107838240064,0.9478332343743513,0.9706824976756266,0.9587311669340124,0.9434762263857946,0.01920716515171919,0.10698710078055068,0.8237407341227327,0.6514931718351572,0.20205733777805152,0.0664609308029474,0.9922202087466603,0.12767155962429247,0.20340504148493402,0.1607269490484365,0.05461980853095363,0.0028277123415580085,0.004242350526893795,0.0007097283848877614
healthy,34.5,0.9077885667354864,0.054835836597521184,0.0019424333375352403,0.10624475794935334,0.8936792830593563,0.9488443531041056,0.055324215676480076,0.0027662107838240056,0.9478332343743513,0.9706824976756266,0.9587311669340124,0.9434762263857946,0.019207165151719195,0.10698710078055068,0.8237407341227327,0.6514931718351571,0.20205733777805118,0.06646093080294739,0.9921062527927722,0.12767155962429244,0.203405041484934,0.1607269490484365,0.05461980914117915,0.00286913178929259,0.004304491153200769,0.0007201242647343633
healthy,35.0,0.9077885667354824,0.05483583659752091,0.00194243333753523,0.10624475794935337,0.8936792830593563,0.9488443531041056,0.05532421567648008,0.002766210783824005,0.9478332343743513,0.9706824976756266,0.9587311669340124,0.9434762263857945,0.019207165151719198,0.10698710078055068,0.8237407341227327,0.6514931718351571,0.20205733777805088,0.0664609308029474,0.9919923099266637,0.12767155962429239,0.203405041484934,0.16072694904843654,0.05461980977898919,0.0029105464800260024,0.004366624642690423,0.0007305189506197878
healthy,35.5,0.9077885667354786,0.05483583659752066,0.0019424333375352208,0.10624475794935337,0.8936792830593563,0.9488443531041056,0.05532421567648009,0.0027662107838240047,0.9478332343743513,0.9706824976756266,0.9587311669340124,0.9434762263857945,0.019207165151719205,0.1069871007805507,0.8237407341227327,0.6514931718351571,0.20205733777805063,0.06646093080294743,0.9918783801468318,0.12767155962429239,0.20340504148493396,0.16072694904843648,0.05461981044520211,0.002951956414304584,0.004428750996182415,0.0007409124426811605
healthy,36.0,0.9077885667354751,0.054835836597520435,0.0019424333375352124,0.10624475794935336,0.8936792830593564,0.9488443531041056,0.05532421567648009,0.0027662107838240047,0.9478332343743513,0.9706824976756266,0.9587311669340124,0.9434762263857945,0.019207165151719215,0.1069871007805507,0.8237407341227327,0.651493171835157,0.2020573377780504,0.06646093080294746,0.9917644634517734,0.12767155962429239,0.20340504148493396,0.16072694904843648,0.05461981114064457,0.0029933615926745977,0.00449087021449629,0.000751304741055588
healthy,36.5,0.907788566735472,0.05483583659752023,0.0019424333375352046,0.10624475794935336,0.8936792830593563,0.9488443531041058,0.05532421567648009,0.0027662107838240047,0.9478332343743513,0.9706824976756266,0.9587311669340124,0.9434762263857946,0.019207165151719212,0.1069871007805507,0.8237407341227327,0.6514931718351571,0.2020573377780502,0.06646093080294745,0.991650559839986,0.12767155962429239,0.20340504148493396,0.16072694904843648,0.05461981186615105,0.0030347620156822644,0.004552982298451532,0.000761695845880167
healthy,37.0,0.9077885667354691,0.05483583659752003,0.0019424333375351972,0.10624475794935333,0.8936792830593563,0.9488443531041059,0.05532421567648008,0.0027662107838240047,0.9478332343743514,0.9706824976756265,0.9587311669340124,0.9434762263857946,0.0192071651517192,0.10698710078055068,0.8237407341227327,0.6514931718351571,0.20205733777805,0.06646093080294742,0.9915366693099666,0.1276715596242924,0.203405041484934,0.16072694904843646,0.05461981262256845,0.0030761576838737466,0.0046150872488675354,0.0007720857572919783
healthy,37.5,0.9077885667354665,0.05483583659751985,0.0019424333375351907,0.10624475794935333,0.8936792830593563,0.9488443531041058,0.055324215676480076,0.0027662107838240042,0.9478332343743514,0.9706824976756266,0.9587311669340124,0.9434762263857946,0.019207165151719198,0.10698710078055068,0.8237407341227327,0.6514931718351571,0.20205733777804982,0.06646093080294742,0.9914227918602131,0.1276715596242924,0.203405041484934,0.16072694904843648,0.05461981341075723,0.003117548597795127,0.004677185066563574,0.0007824744754280835
healthy,38.0,0.9077885667354642,0.054835836597519685,0.001942433337535185,0.10624475794935333,0.8936792830593563,0.9488443531041058,0.05532421567648007,0.0027662107838240042,0.9478332343743514,0.9706824976756268,0.9587311669340124,0.9434762263857946,0.019207165151719195,0.10698710078055068,0.8237407341227327,0.6514931718351572,0.20205733777804968,0.06646093080294742,0.9913089274892232,0.12767155962429239,0.203405041484934,0.16072694904843648,0.05461981423158555,0.003158934757992452,0.004739275752358869,0.0007928620004255352
healthy,38.5,0.9077885667354619,0.05483583659751953,0.0019424333375351794,0.10624475794935333,0.8936792830593563,0.9488443531041058,0.05532421567648006,0.0027662107838240034,0.9478332343743514,0.9706824976756268,0.9587311669340124,0.9434762263857946,0.019207165151719195,0.10698710078055067,0.8237407341227327,0.6514931718351571,0.2020573377780495,0.06646093080294742,0.9911950761954945,0.12767155962429239,0.20340504148493396,0.16072694904843648,0.05461981508594008,0.0032003161650116674,0.004801359307072491,0.0008032483324213605
healthy,39.0,0.9077885667354598,0.054835836597519394,0.0019424333375351742,0.10624475794935333,0.8936792830593564,0.9488443531041058,0.05532421567648006,0.0027662107838240034,0.9478332343743514,0.9706824976756268,0.9587311669340124,0.9434762263857946,0.019207165151719195,0.10698710078055067,0.8237407341227327,0.6514931718351571,0.20205733777804938,0.06646093080294742,0.9910812379775252,0.12767155962429233,0.20340504148493396,0.16072694904843648,0.054619815974711425,0.0032416928193986978,0.004863435731523476,0.0008136334715525809
healthy,39.5,0.907788566735458,0.05483583659751926,0.0019424333375351697,0.10624475794935333,0.8936792830593563,0.9488443531041058,0.055324215676480056,0.002766210783824003,0.9478332343743514,0.9706824976756268,0.9587311669340124,0.9434762263857946,0.0192071651517192,0.10698710078055067,0.8237407341227327,0.6514931718351571,0.20205733777804927,0.06646093080294745,0.9909674128338137,0.12767155962429233,0.20340504148493393,0.16072694904843646,0.05461981689881027,0.003283064721699357,0.004925505026530697,0.0008240174179561906
healthy,40.0,0.9077885667354564,0.05483583659751915,0.0019424333375351653,0.10624475794935334,0.8936792830593563,0.9488443531041059,0.05532421567648006,0.0027662107838240025,0.9478332343743514,0.9706824976756268,0.9587311669340124,0.9434762263857946,0.019207165151719205,0.1069871007805507,0.8237407341227327,0.6514931718351571,0.20205733777804918,0.06646093080294747,0.9908536007628583,0.1276715596242923,0.20340504148493388,0.1607269490484364,0.05461981785914999,0.0033244318724594446,0.004987567192913003,0.0008344001717691797
healthy,40.5,0.9077885667354548,0.054835836597519054,0.0019424333375351614,0.10624475794935334,0.8936792830593563,0.9488443531041058,0.05532421567648006,0.002766210783824003,0.9478332343743514,0.9706824976756268,0.9587311669340124,0.9434762263857946,0.019207165151719205,0.1069871007805507,0.8237407341227327,0.6514931718351571,0.20205733777804907,0.06646093080294746,0.9907398017631577,0.12767155962429233,0.20340504148493388,0.1607269490484364,0.05461981885666378,0.0033657942722246483,0.005049622231489079,0.000844781733128511
healthy,41.0,0.9077885667354534,0.05483583659751897,0.001942433337535158,0.10624475794935333,0.8936792830593564,0.9488443531041058,0.05532421567648006,0.0027662107838240034,0.9478332343743514,0.9706824976756268,0.9587311669340124,0.9434762263857948,0.0192071651517192,0.1069871007805507,0.8237407341227329,0.6514931718351571,0.20205733777804893,0.06646093080294743,0.9906260158332105,0.12767155962429233,0.20340504148493388,0.1607269490484364,0.054619819892287834,0.0034071519215406396,0.0051116701430775815,0.0008551621021711427
healthy,41.5,0.907788566735452,0.05483583659751888,0.0019424333375351547,0.10624475794935334,0.8936792830593563,0.9488443531041058,0.05532421567648006,0.0027662107838240034,0.9478332343743514,0.9706824976756268,0.9587311669340124,0.9434762263857946,0.01920716515171921,0.1069871007805507,0.8237407341227327,0.6514931718351571,0.20205733777804888,0.06646093080294746,0.990512242971516,0.12767155962429236,0.2034050414849339,0.16072694904843643,0.054619820966977664,0.0034485048209529834,0.005173710928497009,0.0008655412790340058
healthy,42.0,0.9077885667354508,0.0548358365975188,0.0019424333375351519,0.10624475794935334,0.8936792830593563,0.9488443531041058,0.055324215676480056,0.0027662107838240034,0.9478332343743513,0.9706824976756268,0.9587311669340124,0.9434762263857946,0.019207165151719222,0.10698710078055068,0.8237407341227327,0.6514931718351572,0.20205733777804882,0.06646093080294747,0.9903984831765729,0.12767155962429236,0.20340504148493393,0.16072694904843646,0.054619822081692186,0.0034898529710072255,0.005235744588565831,0.0008759192638540273
healthy,42.5,0.9077885667354497,0.05483583659751872,0.001942433337535149,0.10624475794935334,0.8936792830593563,0.9488443531041058,0.055324215676480056,0.002766210783824003,0.9478332343743513,0.9706824976756268,0.9587311669340124,0.9434762263857946,0.019207165151719226,0.1069871007805507,0.8237407341227327,0.6514931718351571,0.20205733777804874,0.06646093080294747,0.9902847364468806,0.12767155962429239,0.20340504148493393,0.16072694904843646,0.05461982323740945,0.0035311963722488046,0.005297771124102356,0.0008862960567681071
healthy,43.0,0.9077885667354489,0.054835836597518645,0.0019424333375351467,0.10624475794935334,0.8936792830593562,0.9488443531041058,0.05532421567648005,0.002766210783824003,0.9478332343743513,0.9706824976756268,0.9587311669340124,0.9434762263857946,0.01920716515171922,0.10698710078055068,0.8237407341227326,0.6514931718351571,0.20205733777804866,0.06646093080294747,0.9901710027809386,0.1276715596242924,0.2034050414849339,0.16072694904843648,0.054619824435101896,0.0035725350252231933,0.005359790535924945,0.0008966716579131537
healthy,43.5,0.9077885667354479,0.05483583659751858,0.0019424333375351443,0.10624475794935334,0.8936792830593563,0.9488443531041058,0.05532421567648004,0.0027662107838240025,0.9478332343743513,0.9706824976756268,0.9587311669340124,0.9434762263857946,0.019207165151719212,0.10698710078055068,0.8237407341227327,0.6514931718351571,0.20205733777804857,0.06646093080294746,0.9900572821772465,0.12767155962429239,0.2034050414849339,0.16072694904843646,0.05461982567577333,0.0036138689304756944,0.005421802824851702,0.0009070460674260325
healthy,44.0,0.9077885667354471,0.05483583659751853,0.0019424333375351421,0.10624475794935333,0.8936792830593564,0.9488443531041059,0.055324215676480056,0.0027662107838240025,0.9478332343743513,0.9706824976756268,0.9587311669340124,0.9434762263857946,0.0192071651517192,0.10698710078055068,0.8237407341227327,0.6514931718351571,0.20205733777804852,0.06646093080294746,0.989943574634304,0.12767155962429233,0.20340504148493388,0.16072694904843646,0.054619826960430454,0.0036551980885516063,0.005483807991700724,0.0009174192854436083
healthy,44.5,0.9077885667354462,0.05483583659751848,0.0019424333375351402,0.10624475794935333,0.8936792830593563,0.9488443531041058,0.05532421567648006,0.0027662107838240025,0.9478332343743513,0.9706824976756268,0.9587311669340124,0.9434762263857946,0.0192071651517192,0.10698710078055068,0.8237407341227327,0.6514931718351571,0.20205733777804846,0.06646093080294746,0.9898298801506112,0.1276715596242923,0.20340504148493388,0.16072694904843643,0.054619828290104526,0.0036965224999961103,0.005545806037289936,0.000927791312102716
healthy,45.0,0.9077885667354455,0.054835836597518436,0.0019424333375351386,0.10624475794935334,0.8936792830593564,0.9488443531041056,0.05532421567648006,0.002766210783824003,0.9478332343743513,0.9706824976756268,0.9587311669340124,0.9434762263857946,0.01920716515171921,0.1069871007805507,0.8237407341227327,0.6514931718351572,0.20205733777804838,0.06646093080294746,0.9897161987246683,0.1276715596242923,0.20340504148493385,0.16072694904843643,0.05461982966583051,0.0037378421653543287,0.005607796962437171,0.0009381621475401762
healthy,45.5,0.9077885667354448,0.054835836597518395,0.001942433337535137,0.10624475794935334,0.8936792830593563,0.9488443531041056,0.055324215676480056,0.0027662107838240025,0.9478332343743513,0.9706824976756268,0.9587311669340124,0.9434762263857946,0.019207165151719212,0.1069871007805507,0.8237407341227327,0.6514931718351571,0.20205733777804835,0.06646093080294746,0.9896025303549756,0.1276715596242923,0.20340504148493385,0.1607269490484364,0.054619831088645605,0.0037791570851713483,0.00566978076796021,0.0009485317918928006
healthy,46.0,0.9077885667354442,0.05483583659751835,0.0019424333375351354,0.10624475794935334,0.8936792830593563,0.9488443531041056,0.05532421567648003,0.002766210783824002,0.9478332343743513,0.9706824976756268,0.9587311669340124,0.9434762263857946,0.01920716515171921,0.10698710078055068,0.8237407341227326,0.6514931718351571,0.20205733777804835,0.06646093080294743,0.9894888750400338,0.12767155962429236,0.20340504148493385,0.1607269490484364,0.05461983255960472,0.0038204672599921673,0.005731757454676704,0.0009589002452973786
healthy,46.5,0.9077885667354437,0.054835836597518305,0.001942433337535134,0.10624475794935334,0.8936792830593563,0.9488443531041058,0.055324215676480014,0.0027662107838240016,0.9478332343743513,0.9706824976756268,0.9587311669340124,0.9434762263857946,0.019207165151719205,0.10698710078055068,0.8237407341227327,0.6514931718351571,0.20205733777804832,0.06646093080294745,0.9893752327783434,0.12767155962429239,0.20340504148493388,0.1607269490484364,0.0546198340797624,0.003861772690361762,0.005793727023404264,0.0009692675078906934
healthy,47.0,0.9077885667354432,0.05483583659751827,0.0019424333375351328,0.10624475794935334,0.8936792830593563,0.9488443531041058,0.055324215676480014,0.0027662107838240016,0.9478332343743513,0.9706824976756268,0.9587311669340124,0.9434762263857946,0.019207165151719198,0.10698710078055067,0.8237407341227327,0.6514931718351571,0.20205733777804827,0.06646093080294745,0.9892616035684052,0.12767155962429233,0.20340504148493388,0.16072694904843643,0.054619835650193016,0.0039030733768250225,0.005855689474960378,0.0009796335798095074
healthy,47.5,0.9077885667354427,0.054835836597518235,0.0019424333375351313,0.10624475794935333,0.8936792830593563,0.9488443531041058,0.05532421567648002,0.0027662107838240016,0.9478332343743513,0.9706824976756268,0.9587311669340124,0.9434762263857946,0.019207165151719195,0.10698710078055067,0.8237407341227327,0.6514931718351572,0.20205733777804824,0.06646093080294746,0.9891479874087202,0.1276715596242923,0.20340504148493388,0.1607269490484364,0.05461983727198299,0.003944369319926794,0.005917644810162464,0.0009899984611905716
healthy,48.0,0.9077885667354424,0.05483583659751821,0.0019424333375351302,0.10624475794935333,0.8936792830593563,0.9488443531041059,0.05532421567648004,0.0027662107838240016,0.9478332343743513,0.9706824976756268,0.9587311669340124,0.9434762263857946,0.019207165151719198,0.10698710078055067,0.8237407341227327,0.6514931718351572,0.2020573377780482,0.06646093080294749,0.9890343842977898,0.12767155962429225,0.20340504148493388,0.1607269490484364,0.05461983894623334,0.003985660520211837,0.005979593029827812,0.0010003621521706156
healthy,48.5,0.907788566735442,0.05483583659751819,0.0019424333375351293,0.10624475794935336,0.8936792830593563,0.9488443531041058,0.055324215676480056,0.0027662107838240016,0.9478332343743513,0.9706824976756268,0.9587311669340124,0.9434762263857946,0.019207165151719212,0.1069871007805507,0.8237407341227327,0.6514931718351571,0.20205733777804818,0.0664609308029475,0.9889207942341153,0.12767155962429227,0.20340504148493385,0.1607269490484364,0.05461984067405757,0.0040269469782248605,0.006041534134773638,0.0010107246528863556
healthy,49.0,0.9077885667354416,0.05483583659751817,0.0019424333375351289,0.10624475794935338,0.8936792830593563,0.9488443531041058,0.05532421567648006,0.002766210783824002,0.9478332343743513,0.9706824976756268,0.9587311669340124,0.9434762263857945,0.019207165151719226,0.10698710078055072,0.8237407341227327,0.6514931718351571,0.2020573377780482,0.0664609308029475,0.988807217216198,0.12767155962429233,0.20340504148493385,0.16072694904843643,0.05461984245657718,0.004068228694510497,0.006103468125817042,0.00102108596347449
healthy,49.5,0.9077885667354413,0.05483583659751816,0.001942433337535128,0.10624475794935337,0.8936792830593563,0.9488443531041058,0.055324215676480056,0.0027662107838240025,0.9478332343743513,0.9706824976756268,0.9587311669340124,0.9434762263857945,0.019207165151719222,0.10698710078055071,0.8237407341227327,0.6514931718351571,0.20205733777804818,0.0664609308029475,0.98869365324254,0.12767155962429236,0.20340504148493385,0.16072694904843643,0.054619844294921234,0.004109505669613341,0.006165395003775064,0.001031446084071706
healthy,50.0,0.907788566735441,0.05483583659751814,0.0019424333375351274,0.10624475794935334,0.8936792830593563,0.9488443531041058,0.05532421567648005,0.0027662107838240025,0.9478332343743513,0.9706824976756268,0.9587311669340124,0.9434762263857946,0.019207165151719215,0.1069871007805507,0.8237407341227327,0.6514931718351571,0.20205733777804813,0.06646093080294749,0.9885801023116426,0.12767155962429233,0.20340504148493388,0.16072694904843643,0.05461984619021737,0.0041507779040780126,0.006227314769464787,0.001041805014814698
disease,0.0,0.907788566755719,0.05483583659888906,0.0019424333375859507,0.10624475794935453,0.8936792830593551,0.9488443531040935,0.05532421567651024,0.0027662107838256306,0.9478332343743369,0.9706824976755449,0.9587311669340081,0.9434762263857877,0.019207165151719992,0.10698710078055201,0.823740734122731,0.6514931718351542,0.2020573377794273,0.06646093080292503,1.0,0.1276715596243397,0.20340504148499772,0.16072694904848975,0.054619798580026115,0.0,0.0,0.0
disease,0.5,0.8983175579646604,0.06411696330953315,0.002002594153567679,0.11714200486195378,0.8825525917541537,0.9490280809309769,0.1323987420384333,0.004519059167305425,0.8191742024104594,0.969034840425657,0.949528249509463,0.9230772752473012,0.026486941589479257,0.12194743289504628,0.8066208942751631,0.626493432614776,0.2243441191553496,0.0859055185825865,0.9997447043101831,0.15445455826338733,0.21601993825743593,0.17087590148873477,0.05511144526566804,6.666250144634776e-05,6.696697605793093e-05,0.00012166621231211334
disease,1.0,0.8814699881694236,0.08017972476194497,0.0021362381266865267,0.12860755687395475,0.8711400290334355,0.9480713175671501,0.17698151395650347,0.0069702538634240085,0.7307254360674181,0.9629973381807699,0.9373659728783853,0.8932643726546137,0.03617766826725893,0.13465214970900263,0.7896635117360498,0.6010454020629582,0.25937893571253423,0.1129553979870388,0.9989262926747895,0.20063965248238863,0.25843470420079606,0.20596802754450116,0.05915320545748716,0.00027945268631870247,0.00018038200856812048,0.0006138726303229931
disease,1.5,0.8654021531844964,0.09490217711891843,0.0022730191682175872,0.13652617636268155,0.8632693751444669,0.947006431144627,0.20865660473982164,0.008969102740837764,0.6696112329628763,0.9550627521526677,0.9258986735896304,0.8648511753678908,0.04430613347360896,0.14355628913652058,0.7781497043336993,0.5843214322838374,0.29124179810291556,0.13708426128399145,0.9973633366373816,0.23783521782997497,0.3013877095586475,0.24292462517545937,0.06696680492114535,0.0007851370070517708,0.00039960081159752915,0.0014519255439684653
disease,2.0,0.851843573125786,0.10671578747527209,0.0023863659897196093,0.1419582824625764,0.8578686611070055,0.9461331032118193,0.23349048112054024,0.010525854652543926,0.6265244181504299,0.9473910846959147,0.9158982197264496,0.8401553210697933,0.050682140419803685,0.1497762919307328,0.7703259974860519,0.573236218513526,0.3175253085158809,0.15711190892766755,0.995036492049788,0.2639659283041585,0.3320368357444966,0.27027102235316836,0.0758751097000332,0.0016934158107857335,0.0007423942408818738,0.0025276978985436364
disease,2.5,0.8407173455109506,0.1158476584494867,0.0024720111702599924,0.1457889581799291,0.8540575973601799,0.9454667098965759,0.25368257609867567,0.011761523047051737,0.5951286783674788,0.940819947397374,0.9074506806715873,0.8194505248942734,0.05562729912382,0.15423690852949806,0.7648398385002155,0.5655989318438628,0.3385085099505168,0.17339239809973445,0.9920118044948979,0.2824634344099921,0.3522562588871806,0.28875372247878567,0.08393095751503984,0.0030420197969344503,0.0011878954757678153,0.0037582802323987727
disease,3.0,0.8315653200533126,0.12286998254559656,0.002533867540058082,0.1485958431162002,0.851263075877591,0.9449636946877445,0.27033091857555747,0.012762795734954036,0.5714579633454371,0.9354666618599902,0.9003655146631246,0.8022218422467908,0.05951370604569189,0.15755212874401447,0.7608340849445775,0.560093264010494,0.3552231169441042,0.186665617709566,0.9883886419211597,0.2961229321485838,0.36596764038398505,0.30143889425236,0.09047928479761726,0.004813121724128435,0.0017086571695116657,0.005089579185199104
disease,3.5,0.8239412790888783,0.1283098122071528,0.002577578159489373,0.1507286345455754,0.8491383760034203,0.9445800130431741,0.28416655779200095,0.013585561570645522,0.5530818284916367,0.9311791291613704,0.8944041507265516,0.7878291045675351,0.0626287473709796,0.16009971606318443,0.7577977705387591,0.5559592726050657,0.36867011627437335,0.19760453512581708,0.9842667012562081,0.30660649515958244,0.3757764343503769,0.3105584946690085,0.09556162740868676,0.006962394984256956,0.002283731160093703,0.006487172599440074
disease,4.0,0.817495001618736,0.13257306430429075,0.002608162205147307,0.15239769559986702,0.8474748606495154,0.9442823058503483,0.29574256976292923,0.014268230542073407,0.5384813169536518,0.9277473370644359,0.8893584172153816,0.7757226658260462,0.06517098231185692,0.1621107954427403,0.7554260510932709,0.5527531695252608,0.37962722831725715,0.20672169947062344,0.9797342939288904,0.31488077145213517,0.3831278426975453,0.317408705581663,0.09944500421031847,0.009438059692216802,0.002898735782605257,0.007928910596286509
disease,4.5,0.8119687423048443,0.13595525962547075,0.0026294635529371343,0.15373363095036022,0.8461428920806453,0.9440471722818204,0.30549120414435055,0.014839074110609942,0.5266692379829739,0.92498097964233,0.8850623723141027,0.7654709370245967,0.06727577914913328,0.16373134914880338,0.75353053454969,0.550204999210749,0.3886632696885986,0.21439293091578365,0.9748662491739334,0.32154321263051244,0.3888273878584844,0.32272757889447984,0.10241270724818344,0.012189898810838533,0.003543674995323203,0.009400177019904003
disease,5.0,0.8071753254087412,0.13866878516241046,0.0026442446501488866,0.15482144479149423,0.8450580163348373,0.9438584412388729,0.3137518972051033,0.015319707225906195,0.5169758380985355,0.9227285130616676,0.881385593698952,0.7567389911593873,0.0690378682523627,0.16505793038427402,0.7519889673302218,0.5481417725328234,0.3961923821204545,0.2208970125789601,0.9697248792685603,0.32698953529318847,0.39335494459425013,0.32695806052636517,0.1046994313914422,0.015172748785636585,0.004211336863944907,0.010891035081857448
disease,5.5,0.8029775977472785,0.14086719063654257,0.0026544377227436283,0.15571914885168028,0.844162548473307,0.9437048324475431,0.32079175335281196,0.015726937850636176,0.5089289747633876,0.9208750556316682,0.8782246706721111,0.7492640688717311,0.07052597986092277,0.16615735774929127,0.7507181091983783,0.5464469270191212,0.40252064158603273,0.22644593557394407,0.9643616977405287,0.3314959054858961,0.397017658791361,0.3303842210266979,0.10648314886417157,0.018347434646466147,0.004896342333139168,0.012394525279865058
disease,6.0,0.7992731597666959,0.14266304644175293,0.002661382929353894,0.15646796037538108,0.8434154756399237,0.9435783273743161,0.326821973296168,0.0160739523605982,0.5021852174710917,0.9193348129872871,0.8754965734340547,0.7428371149724304,0.07179162932076998,0.16707765752492756,0.749658939925772,0.54503853744492,0.4078786874023868,0.23120468573477132,0.9588191829798206,0.33526205951492666,0.4000235235754596,0.3331986212446408,0.10789408817564002,0.021680602061468147,0.005594577323875981,0.013905637634834229
disease,6.5,0.79598385401483,0.14414025197958186,0.002666011450685458,0.1570981113544383,0.8427867000086116,0.9434731025421655,0.3320107840895427,0.016371172403555723,0.49648840073855105,0.9180435955122224,0.8731339036959657,0.7372898130337369,0.07287442322571466,0.1678543910773067,0.7487682515694053,0.5438570708370536,0.4124435412168766,0.23530399945064176,0.95313237172208,0.3384362006397156,0.4025192405123512,0.3355372493371033,0.10902637629135953,0.02514411737082693,0.00630283412341823,0.015420676783673735
disease,7.0,0.7930486937688137,0.14536236979762998,0.002668975127338369,0.1576323360828736,0.8422535789303984,0.9433848394354802,0.33649334630957917,0.01662690001639654,0.49164348559225957,0.9169528954932373,0.8710814635432591,0.7324853477266858,0.07380540587318173,0.16851451095241216,0.7480136081799426,0.5428581177515938,0.416353284921075,0.23884890873509254,0.9473302221046069,0.3411305447250274,0.40461146419126537,0.3374991174636275,0.10994804015542341,0.028714346204022377,0.007018572618534951,0.016936859072834563
disease,7.5,0.7904190994714206,0.14637828969413522,0.002670735023746039,0.15808807689572033,0.8417987346534711,0.9433102736992727,0.3403792340126397,0.016847805691436322,0.4874993806520627,0.9160255607979957,0.8692937042888849,0.7283116094248405,0.07460928132094016,0.16907883323534553,0.7473701626019166,0.5420078430132055,0.4197171557088439,0.24192471303676452,0.9414367444050834,0.3434315436884421,0.40637963024671697,0.33915807884221466,0.11070860090672256,0.03237145086910303,0.007739755080933327,0.018452049644879204
disease,8.0,0.7880556492926852,0.14722612913719035,0.0026716210792501202,0.15847894125934442,0.8414086063552443,0.9432468952363491,0.343758060397682,0.017039296495910496,0.48393727516299834,0.9152327279979392,0.8677327841363655,0.7246760667689037,0.07530595461296904,0.16956369017079523,0.7468185571609335,0.5412800102141752,0.4226226526119404,0.24460133383075658,0.9354719220187289,0.34540682961579605,0.40788411589236756,0.3405703446395606,0.11134454748739417,0.03609876305448189,0.008464728687870274,0.01996458623891806
disease,8.5,0.7859258223945478,0.14793596621394992,0.0026718722037478554,0.15881569834193388,0.841072459237449,0.9431927443374604,0.3467037228671213,0.017205793533638672,0.4808625025101281,0.9145516611934678,0.866367065746721,0.7215018324519406,0.07591163667870754,0.16998207175379298,0.7463434904117242,0.5406539653716924,0.4251406437563201,0.24693655254363966,0.9294524540709301,0.34711004382006905,0.4091716292527035,0.34177945334683046,0.11188318819405306,0.03988224770581831,0.009192140152640894,0.021473158070609632
disease,9.0,0.7840024023702789,0.148531787559056,0.0026716633267297725,0.15910697861057754,0.8407816885909136,0.9431462702511747,0.3492776264948489,0.017350941572029724,0.47819874710440985,0.9139642213098765,0.8651699437429282,0.7187246159727818,0.07643965465590231,0.1703444339116934,0.745932712766949,0.5401132333042863,0.427329098556905,0.24897847220289815,0.9233923511965998,0.3485842578132353,0.41027886721765144,0.3428196486359189,0.11234532980324442,0.04371005552874093,0.009920872579359466,0.022976720695298793
disease,9.5,0.7822623239950248,0.14903290301512961,0.0026711238394177533,0.1593597764599337,0.8405293196183221,0.9431062309125775,0.35153115699327075,0.017477768604556985,0.47588383695538194,0.913455767204759,0.8641189196626385,0.7162903376055594,0.07690105824312857,0.17065928337366407,0.7455763061458247,0.5396445169043568,0.42923586253543966,0.25076741129430014,0.9173034137175168,0.3498644411505557,0.4112350605392853,0.34371823342031066,0.1127471390997028,0.04757215360216632,0.010649997907579374,0.024474434772736534
disease,10.0,0.7806858281308902,0.14945498529865398,0.0026703502466067478,0.15957981648922182,0.8403096428264446,0.9430716208934564,0.3535075887386672,0.0175888078731332,0.4738666500373921,0.9130143590030204,0.8631948728355875,0.7141532602923664,0.07730507753775062,0.17093360662513124,0.7452661598105927,0.5392369727201013,0.43090073820211905,0.25233736829131026,0.9111956151047954,0.35097926525675355,0.41206377459193255,0.34449723770946716,0.11310143260192641,0.05146002285116459,0.011378740677632164,0.02596562136640672
disease,10.5,0.779255827171074,0.14981085058327478,0.0026694150397332606,0.15977182657834207,0.8401179421273244,0.9430416183216317,0.3552435793469747,0.01768619254054433,0.4721047905886192,0.9126301674907661,0.8623814752446459,0.7122745013716683,0.07765947618628,0.17117319149183804,0.7449955801634638,0.5388816742365281,0.4323570787575012,0.2537171762319894,0.9050774120426365,0.35195244885682736,0.4127842166515108,0.34517463111190616,0.11341858319277812,0.05536640959146717,0.012106449871194327,0.027449728494701064
disease,11.0,0.7779574254507235,0.15011104654428475,0.002668372919116876,0.15993974226211785,0.839950291291102,0.9430155456587171,0.35677034325215673,0.01777172927242425,0.47056283723222464,0.9122950345768055,0.8616647240540761,0.7106208517514888,0.07797082397610688,0.17138286911696832,0.7447589990741756,0.5385712124122851,0.43363301116271374,0.2549314112364693,0.8989559947209882,0.352803767019975,0.4134121897926917,0.3457652086244643,0.11370715402340519,0.059285122417424854,0.012832576922935613,0.028926305938650355
disease,11.5,0.77677754759249,0.15036430491879296,0.0026672652790900955,0.16008686330213148,0.8398033979761471,0.9429928399782643,0.358114586334408,0.017846956356216654,0.469210993050303,0.9120021384979615,0.8610325636930317,0.7091638270053301,0.07824471113487808,0.17156670018105796,0.7445517506762925,0.538299391088663,0.4347523912147646,0.2560011166777139,0.8928374910879386,0.35354982437149896,0.4139608093025713,0.34628125647204433,0.11397435191557177,0.06321086485668966,0.013556658223228681,0.03039498583214212
disease,12.0,0.775704647745215,0.15057789188487997,0.0026661234600280277,0.16021597435347235,0.8396744835008464,0.9429730302907161,0.3592992557832088,0.017913189864551326,0.4680240389438667,0.9117457367457052,0.8604745769516436,0.7078788973934105,0.0784859183162133,0.1717281190010028,0.7443698995410218,0.5380609934016889,0.4357355594677771,0.2569443896817715,0.8867271340794433,0.3542046535018953,0.4144410430023303,0.3467330549432109,0.11422635281021916,0.06713909726546978,0.014278301095089988,0.031855467559996055
disease,12.5,0.7747284796778768,0.15075788102330365,0.0026649711264775016,0.16032943869976363,0.8395611894312791,0.9429557201278963,0.36034414291890055,0.017971560493881995,0.46698051605139607,0.9115209673615621,0.8599817350738079,0.7067448679749957,0.0786985512865656,0.17187004600501699,0.7442101073167099,0.5378516009993052,0.43659993422442206,0.25777684807980467,0.8806293987473379,0.3547801781778242,0.4148621246168189,0.34712926323714727,0.1144685366551761,0.07106592283170515,0.014997172490725533,0.033307505930230616
disease,13.0,0.7738399108189407,0.15090937017970493,0.002663826055212056,0.16042927259564274,0.8394615034846142,0.9429405738284129,0.3612663766192318,0.01802304346219415,0.4660620745190683,0.9113236917339287,0.8595461888977369,0.7057433643002459,0.0788861506388107,0.17199497715286155,0.7440695270671182,0.5376674512797274,0.43736049605940935,0.25851201775485144,0.8745481162712151,0.3552865831628253,0.41523187585920496,0.3474772197398906,0.1147056617845715,0.07498799231087014,0.0157129897178529,0.03475090170006125
disease,13.5,0.7730307710248975,0.15103665393505633,0.00266270147744415,0.16051720430198949,0.8393737006771067,0.9429273057664396,0.36208082786058965,0.01806848283545344,0.4652529534512859,0.9111503701035255,0.8591610971393577,0.7048584114980267,0.07905178041978277,0.1721050552728264,0.7439457194212731,0.5375053243737044,0.4380301753628166,0.25916164860243734,0.8684865687759363,0.35573260732934553,0.41555695883832544,0.3477831774316001,0.11494199396405468,0.07890242444227462,0.016425512813827196,0.0361854939679612
disease,14.0,0.7722937289073565,0.15114336085600152,0.0026616070887318373,0.16059472109746872,0.8392962964532664,0.942915671841944,0.3628004414641935,0.018108611329437724,0.46453956498825993,0.9109979627119418,0.8588204834094488,0.7040760860979932,0.07919810034805264,0.17220212705041968,0.7438365858685388,0.5373624534967261,0.43862016754459376,0.2597359743721521,0.862447568140002,0.3561257768768898,0.41584307420941563,0.3480524888546269,0.1151814020682478,0.08280673954375942,0.017134538268076597,0.03761115404816137
disease,14.5,0.7716221877970619,0.15123256573349406,0.0026605498378588855,0.1606631078204458,0.8392280082500151,0.9429054625760638,0.36343651396066834,0.018144066808541567,0.46391015234958294,0.9108638490394961,0.8585191160502027,0.7033842244117924,0.07932742584918867,0.17228778977413822,0.7437403140706731,0.537236451586905,0.4391401968023494,0.2602439297765444,0.8564335227523351,0.3564726001828179,0.41609512178657815,0.34828975613165053,0.11542743191591312,0.086698803098372,0.017839893738669746,0.03902778041062256
disease,15.0,0.7710101988903898,0.15130688005400836,0.0026595345296943377,0.16072347803968526,0.8391677244036568,0.9428964975473507,0.36399892429598607,0.018175405887466675,0.46335451230106356,0.9107457626197579,0.8582524065232618,0.7027721778085274,0.07944177769835921,0.17236342923063983,0.7436553336812839,0.5371252522547274,0.43959872935220884,0.2606933359612662,0.8504464935253592,0.3567787285865864,0.4163173281170288,0.3484989503014051,0.11568336196679146,0.09057677828075919,0.018541433650427794,0.04043529454345336
disease,15.5,0.7704523876895892,0.15136852608126805,0.0026585642965542763,0.16077679941789894,0.8391144788901302,0.9428886209077533,0.36449632741319027,0.018203115282343932,0.4628637662744083,0.91064173762352,0.8580163251890509,0.7022306096906824,0.07954292270144651,0.17243025134458104,0.7435802805393881,0.5370270617423629,0.4400031481975987,0.26109104067409494,0.8444882412197022,0.35704905592687636,0.41651335370621434,0.3486835112494995,0.1159522463123014,0.0944390857662604,0.0192390354886991,0.041833637525337725
disease,16.0,0.7699438898625084,0.15141939889235498,0.002657640974116238,0.16082391562935539,0.8390674293958237,0.9428816975697668,0.36493632069366233,0.018227621522855137,0.46243016712035806,0.9105500639078099,0.8578073263331611,0.7017513170283435,0.07963240979985102,0.172489307847367,0.7435139654101699,0.5369403175807655,0.44035991550596515,0.2614430656878297,0.8385602675200985,0.35728787460425,0.4166863757226258,0.34884642564877605,0.11623694867889711,0.09828436876818572,0.01993259660168403,0.043222767110031084
disease,16.5,0.7694802971143211,0.15146111650073954,0.002656765388905516,0.1608655635445709,0.8390258402288752,0.9428756101810137,0.3653255826291486,0.01824929898441132,0.46204694132071883,0.910469250542748,0.8576222867312484,0.7013270836628506,0.07971159858151061,0.1725415183866905,0.7434553498820045,0.5368636562787021,0.44067468811541316,0.2617547033838518,0.832663849358819,0.3574989233815878,0.4168391614376594,0.348990295287697,0.11654016804573097,0.10211146377545595,0.02062203153390149,0.04460265533182296
disease,17.0,0.7690576100542703,0.1514950617154398,0.002655937587932967,0.16090238809534363,0.8389890674667655,0.942870256580155,0.3656699907915672,0.01826847671449411,0.4617081559912724,0.9103979952338321,0.8574584527053454,0.7009515546946565,0.07978168424164345,0.172587688400807,0.7434035252545043,0.5367958853507874,0.44095242896720077,0.26203061398580085,0.826800068344864,0.3576854770427978,0.41697412571130615,0.3491173910723585,0.11686445893364934,0.10591937542553104,0.02130726974634741,0.045973286483256874
disease,17.5,0.7686721959554716,0.1515224179731889,0.0026551570253150365,0.16093495498822394,0.8389565462702887,0.9428655476072629,0.3659747256932624,0.018285444404489083,0.46140860376754406,0.910335157918463,0.8573133930286354,0.7006191252630036,0.07984371927108602,0.1726285247966677,0.7433576945745136,0.5367359595054888,0.44119749904141853,0.2622749071515417,0.8209698367363896,0.3578504099150155,0.41709338109812244,0.34922969998386116,0.11721224773410795,0.10970725429898139,0.021988253609977748,0.04733465535465071
disease,18.0,0.7683207535300872,0.15154419781104098,0.0026544227025506674,0.16096376088905384,0.8389277807230983,0.9428614053745205,0.36624435536408634,0.01830045723685469,0.4611437102082655,0.9102797396445512,0.8571849607325736,0.7003248504226723,0.07989863096335202,0.1726646485690881,0.7433171582515208,0.5366829615707386,0.44141373238649134,0.2624912082580194,0.8151739186459381,0.35799624592120705,0.417198777994416,0.34932896269930114,0.11758584484325249,0.11347437876941122,0.02266493676990705,0.048686765814743
disease,18.5,0.7680002799746742,0.15156126835472664,0.0026537332879683823,0.16098924265013909,0.8389023346222878,0.9428577616999864,0.3664829126559641,0.018313740303617747,0.46090944997797445,0.9102308635137476,0.8570712578051775,0.7000643622214386,0.07994723745431317,0.17269660619192753,0.743281301023368,0.5366360852580924,0.4416045044508755,0.2626827193971702,0.8094129494688306,0.35812520545002874,0.417291940534838,0.3494167072648819,0.11798745484590106,0.11722013835794924,0.023337282649175166,0.05002962952404434
disease,19.0,0.7677080422511264,0.15157437239406885,0.0026530872093940313,0.16101178501971758,0.8388798237844328,0.9428545568104947,0.3666939610324689,0.018325492346828353,0.46070227654430296,0.9101877587318017,0.8569706050186976,0.6998337990299646,0.07999026130150352,0.1727248791687861,0.7432495810729729,0.53659462078372,0.4417727901235348,0.26285227136061434,0.8036874524077939,0.3582392442821913,0.41737429642123963,0.3494942770899663,0.11841918433769,0.12094401956249448,0.02400526317806626,0.051363264851644504
disease,19.5,0.7674415520342378,0.1515841458240032,0.0026524827257470886,0.16103172710730984,0.8388599095920514,0.9428517382608208,0.3668806504358843,0.01833588892629154,0.46051906310523516,0.9101497472672695,0.8568815162612736,0.6996297455938103,0.08002834095858102,0.1727498920536459,0.7432215209032934,0.5365579428299212,0.4419212123993654,0.2630023676691206,0.797997852505894,0.35834008631455944,0.4174471017905807,0.3495628542913817,0.11888304788181711,0.12464559381391639,0.02466885771623857,0.05268769596395025
disease,20.0,0.7671985411454048,0.15159113404939228,0.0026519179907999657,0.16104936853122456,0.838842292857151,0.9428492599167484,0.36704577057064286,0.018345085442680712,0.4603570463904506,0.9101162312347838,0.8568026741657085,0.6994491760842569,0.0800620416808966,0.17277202008465853,0.7431966986597708,0.5365254990959812,0.4420520886034677,0.26313522633304903,0.7923444900352845,0.3584292547071803,0.4175114648696168,0.3496234818876485,0.11938097321790125,0.12832450597815204,0.025328052024883932,0.054002951961678855
disease,20.5,0.7669769433299869,0.15159580325910973,0.0026513910923479183,0.16106497373326653,0.8388267095142913,0.9428470812425784,0.3671917890014595,0.018353219283615562,0.4602137871653634,0.9100866840227929,0.8567329123369061,0.6992894128079628,0.08009186336334274,0.1727915945343648,0.7431747420446339,0.5364968022876782,0.4421674641846498,0.2632528105252216,0.786727630034481,0.3585080940989941,0.41756836231982447,0.34967707916808505,0.1199148043706794,0.13198046615758494,0.025982837535960764,0.05530906627197261
disease,21.0,0.7667748760710981,0.15159855129829422,0.0026509000878789262,0.16107877616789587,0.8388129264389905,0.9428451665997971,0.36732088844503996,0.018360411924616925,0.4600871317074712,0.9100606416762768,0.8566711979578354,0.6991480859470773,0.0801182481346488,0.17280890796363435,0.7431553224186316,0.5364714223635458,0.4422691430239929,0.2633568570768952,0.7811474716379422,0.35857779069254614,0.4176186552762481,0.3497244567491812,0.12048630431265915,0.13561324166838734,0.026633210637426373,0.056606076056243376
disease,21.5,0.7665906226918799,0.15159971812454923,0.00265044303777291,0.16109098238087538,0.8388007373745069,0.942843484608033,0.3674350028362407,0.018366770961735276,0.45997517452555625,0.9100376945837796,0.8566166154563247,0.6990230953266225,0.08014158770213875,0.17282421922548846,0.7431381490278866,0.5364489789203458,0.4423587217112914,0.26344890664153064,0.7756041570717055,0.35863939530666683,0.4176631046307526,0.3497663309450716,0.12109715744244272,0.13922264930420356,0.02727917198361723,0.057894021640472984
disease,22.0,0.7664226173407488,0.15159959394285982,0.002650018027549388,0.16110177522304686,0.8387899597258731,0.9428420075877467,0.3675358464000124,0.01837239174507472,0.459876228631043,0.9100174808593883,0.8565683525440674,0.698912578415031,0.0801622292811033,0.1728377575728846,0.7431229645010731,0.5364291352910063,0.4424376103438584,0.26353032390654635,0.7700977788747595,0.3586938364452917,0.41770238349515587,0.3498033354582597,0.12174897121157142,0.14280854911957222,0.02792072594314034,0.05917294606252717
disease,22.5,0.7662694319739699,0.15159842573951113,0.0026496231827334796,0.16111131653519573,0.8387804318766656,0.9428407111467649,0.36762493803595236,0.018377358738460747,0.4597888010225574,0.9099996808825211,0.8565256889218927,0.6988148841069366,0.08018048059284433,0.17284972591200895,0.7431095410453122,0.5364115935512324,0.4425070570285831,0.2636023202809683,0.7646283859069363,0.35874193696010753,0.41773708687390626,0.3498360305131702,0.12244327707777408,0.14637083925495095,0.02855788013990546,0.06044289469820649
disease,23.0,0.7661297642544659,0.15159642314945293,0.002649256680933023,0.16111974954612512,0.8387720107963813,0.9428395737931966,0.36770362336966395,0.018381746755220484,0.459711570395529,0.9099840123848291,0.856487986123578,0.698728549244801,0.08019661425404506,0.17286030386000298,0.7430976770757605,0.5363960900862149,0.44256816473561217,0.26366596861369807,0.7591959887667439,0.3587844245303474,0.4177677409203918,0.34986491153059035,0.12318153117685104,0.1499094512696118,0.02919064503862348,0.06170391492501996
disease,23.5,0.7660024262322588,0.15159376378163877,0.0026489167619860327,0.1611272011007967,0.8387645698146764,0.9428385765741847,0.3677730949098123,0.018385622089530523,0.4596433667214076,0.9099702259519741,0.8564546780188356,0.698652276738246,0.08021087189937899,0.17286965050865682,0.7430871940736664,0.536382391474595,0.4426219085227019,0.26372222034970166,0.753800564739044,0.35882194350821456,0.41779481123331613,0.3498904169311015,0.12396511483200529,0.15342434587816023,0.029819033566619187,0.0629560558161759
disease,24.0,0.7658863342802281,0.15159059765818927,0.0026486017346717817,0.16113378355094324,0.8387579967342575,0.9428377027730895,0.3678344094256187,0.01838904348544617,0.4595831538375107,0.9099581011731216,0.8564252625762703,0.6985849165874313,0.08022346773412621,0.1728779067830731,0.7430779339243252,0.5363702909964605,0.44266915079289254,0.26377191914580544,0.748442062019922,0.35885506452074856,0.4178187098898056,0.3499129347588902,0.12479533484535696,0.15691550930765966,0.030443060791591335,0.06419936788082618
disease,24.5,0.7657804994531048,0.15158705137456222,0.002648309982311066,0.16113959653848275,0.8387521920500026,0.9428369376250685,0.3678885044314706,0.018392063056274086,0.459530012973698,0.9099474430102664,0.8563992941483538,0.6985254481171631,0.08023459185985776,0.1728851976752537,0.7430697564049354,0.5363596053404169,0.44271065503672485,0.26381581394204323,0.7431204037116794,0.35888429351189893,0.41783980210243754,0.3499328089430336,0.1256734236930882,0.16038294985310828,0.0310627436165744,0.0654339028186371
disease,25.0,0.7656840193726171,0.15158323122183606,0.002648039964445462,0.16114472838904073,0.8387470675576529,0.9428362680993264,0.367936211311945,0.018394727012046336,0.45948312982447814,0.909938078951055,0.856376377325637,0.6984729658428185,0.08024441290748564,0.17289163399409718,0.7430625372224081,0.536350172032167,0.4427470969122458,0.26385456916283384,0.7378354909543134,0.3589100787795249,0.41785841138017493,0.349950344156809,0.12660053945993505,0.1638266951750525,0.031678100541310275,0.06665971332932313
disease,25.5,0.7655960709297965,0.15157922584291703,0.0026477902171239136,0.16114925733284902,0.8387425451338598,0.942835682707895,0.36797826664621225,0.01839707629299641,0.4594417832881479,0.909929856567809,0.8563561616625007,0.698426667355559,0.08025308030947226,0.17289731389146598,0.7430561662921964,0.536341847183125,0.44277907347036494,0.2638887737981847,0.7325872056191298,0.3589328173419966,0.41787482406248827,0.3499658100756383,0.12757776566743195,0.16724678997431996,0.032289151456859504,0.06787685294968991
disease,26.0,0.7655159032010708,0.15157510884151235,0.0026475593536113796,0.16115325269783443,0.8387385555454042,0.9428351713162746,0.3680153231735258,0.018399147182867268,0.45940533450190574,0.9099226411272796,0.8563383364416927,0.6983858412818423,0.08026072655147602,0.17290232435309405,0.7430505460596339,0.5363345032900416,0.4428071126509367,0.2639189500922305,0.7273754129209608,0.35895286093060697,0.4178892937625355,0.34997944555836047,0.12860611115947676,0.1706432937370168,0.03289591744654013,0.06908537589548155
disease,26.5,0.7654428311275201,0.1515709409371356,0.0026473460637036275,0.1611567759199968,0.8387350374403186,0.9428347249850976,0.36804795927525935,0.018400971834884212,0.4593732174923913,0.9099163135415809,0.8563226261987994,0.6983498570067468,0.08026746908577305,0.17290674246571408,0.743045590077559,0.536328027372782,0.44283168119176564,0.2639455610987014,0.7221999636384633,0.35897052111702876,0.41790204510231926,0.34999146216653537,0.12968651000074763,0.17401627881694606,0.033498420616927996,0.07028533692766195
disease,27.0,0.7653762296011419,0.15156677191174836,0.0026471491125546545,0.1611598814726769,0.83873193641994,0.9428343358242715,0.36807668765010937,0.018402578754471915,0.4593449305978734,0.9099107684980229,0.8563087866146838,0.6983181552490016,0.0802734120889701,0.17291063658033745,0.7430412216981184,0.5363223192623418,0.442853191914055,0.2639690175804226,0.7170606961415394,0.3589860740481912,0.41791327714845355,0.350002047398902,0.1308198213160924,0.1773658286841508,0.03409668394357848,0.07147679123073063
disease,27.5,0.7653155283891545,0.15156264214141327,0.002646967338666794,0.16116261762066056,0.8387292042856954,0.9428339968759086,0.368101962510039,0.018403993196033128,0.45932002945684536,0.9099059129173768,0.856296601134067,0.6982902403160848,0.08027864789874789,0.17291406725969202,0.7430373730109494,0.5363172902126078,0.4428720096537769,0.26398968368361353,0.7119574380408205,0.3589997643000053,0.4179231661757276,0.3500113672966441,0.13200682918429837,0.180692036499185,0.034690731145732116,0.07265979431426178
disease,28.0,0.7652602072468395,0.15155858402187644,0.002646799651418042,0.16116502714056238,0.8387267983195351,0.9428337020045323,0.3681241863455692,0.018405237540743098,0.4592981203489928,0.9099016645232635,0.8562858778023054,0.6982656728455823,0.08028325837052228,0.17291708818172452,0.7430339838284454,0.5363128615728809,0.4428884568538491,0.26400788224956623,0.7068900077416324,0.3590118085757106,0.41793186833123563,0.35001956894384395,0.13324824254911785,0.18399500376960728,0.035280586568195355,0.07383440192056437
disease,28.5,0.765209791595889,0.15155462314711285,0.002646645028372787,0.1611671479348365,0.8387246806709913,0.9428334458017664,0.368143715643272,0.018406331615410734,0.459278854546059,0.9098979506260677,0.8562764465244624,0.6982440635195564,0.08028731604816258,0.17291974690846182,0.743031000822116,0.5363089636576769,0.44290281837593704,0.2640238994181253,0.7018582157429266,0.35902239880450115,0.4179395219049846,0.3500267826057722,0.13454469521843604,0.1872748392262708,0.035866275082727654,0.07500066994807428
disease,29.0,0.7651638484201899,0.151550779395253,0.0026465025124976106,0.1611690136026869,0.8387228177870036,0.9428332234984483,0.36816086627506617,0.018407292991402296,0.45926192303096725,0.9098947069790448,0.8562681565179513,0.6982250672281978,0.08029088524996096,0.17292208560196518,0.7430283767189049,0.5363055346958506,0.44291534596527915,0.2640379889044092,0.6968618658523255,0.3590317050558303,0.4179462494299629,0.35003312370701833,0.13589674589748868,0.1905316577719441,0.03644782199588824,0.07615865437984154
disease,29.5,0.7651219828543727,0.15154706771978432,0.002646371209066142,0.1611706538843341,0.8387211799683716,0.9428330308961045,0.3681759176596017,0.018408137215838765,0.45924705240463776,0.9098918768968924,0.856260874319963,0.6982083785052918,0.08029402291773928,0.17292414158080652,0.7430260696762588,0.5363025200132707,0.44292626173088856,0.2640503753426821,0.6919007561049706,0.3590398777863363,0.41795215931795265,0.3500386943740136,0.13730487836031774,0.1937655796852678,0.037025252979504854,0.0773084112302561
disease,30.0,0.7650838346801294,0.15154349901032246,0.0026462502828638245,0.16117209512681951,0.8387197409044543,0.9428328642955476,0.36818911721287423,0.018408878057013214,0.4592340005552232,0.9098894103092846,0.8562544817004337,0.698193726750727,0.08029677950374264,0.17292594790544089,0.7430240426261896,0.5362998711755439,0.4429357617928556,0.2640612577834599,0.6869746797500215,0.35904705022254285,0.41795734756289127,0.3500435850404257,0.13876950165574767,0.19697672976656325,0.03759859399601724,0.07844999648739732
disease,30.5,0.7650490754429103,0.15154008070306213,0.0026461389550652787,0.16117336064612867,0.8387184773115233,0.9428327204431023,0.36820068374706577,0.018409527694962895,0.45922255331847023,0.9098872630545508,0.8562488740584719,0.6981808725527555,0.0802991996573122,0.17292753383279438,0.743022262765468,0.5362975453212151,0.4429440190714803,0.2640708123891306,0.6820834259860927,0.35905334021172375,0.41796189907671133,0.350047875698568,0.14029095047194115,0.2001652367002223,0.038167871242892656,0.07958346607079156
disease,31.0,0.7650174052086666,0.1515368175304639,0.002646036500307571,0.16117447114685984,0.8387173685137044,0.9428325964652694,0.36821081144098505,0.018410096940553518,0.4592125205986126,0.9098853960360318,0.8562439585232618,0.6981696033450863,0.08030132303026165,0.17292892534225854,0.7430207009652898,0.5362955043903438,0.44295118659050037,0.26407919561437915,0.6772267808362521,0.35905885234753804,0.4179658892272027,0.3500516373529621,0.14186948543737118,0.20333123229657113,0.03873311108646573,0.08070887578071033
disease,31.5,0.7649885506969667,0.15153371175338606,0.0026459422435151513,0.16117544491061037,0.8387163962548261,0.9428324898408778,0.3682196716382375,0.018410595335309837,0.459203734630005,0.9098837748563564,0.8562396530909124,0.6981597314390666,0.08030318464146857,0.17293014537232188,0.7430193315063708,0.5362937147789888,0.44295739893171654,0.2640865456482289,0.6724045275022187,0.3590636789279536,0.4179693845244893,0.35005493266659127,0.14350529387387423,0.206474851183096,0.03929434003549497,0.0818262812791897
disease,32.0,0.7649622627291884,0.15153076368597507,0.0026458555570869013,0.16117629810836873,0.8387155443864135,0.9428323983565987,0.3682274157848133,0.018411031315727962,0.45919604708026035,0.9098823692017384,0.8562358852816077,0.6981510909241047,0.08030481545914822,0.1729312142135096,0.7430181316383867,0.5362921467614112,0.44296277464679845,0.2640929846919541,0.6676164469990727,0.35906790157012686,0.4179724437758024,0.3500578170424377,0.145198490379339,0.20959623025366644,0.03985158469330161,0.0829357380539585
disease,32.5,0.7649383138792271,0.15152797212810096,0.002645775857963986,0.16117704507657024,0.838714798592059,0.942832320061793,0.3682341780301578,0.018411412356842898,0.4591893265192939,0.909881152295721,0.8562325908405396,0.6981435347213143,0.08030624294295954,0.17293214985340427,0.7430170811926161,0.5362907739858631,0.4429674183981283,0.2640986211082231,0.6628623187051096,0.35907159257872057,0.41797511909145374,0.3500603395765676,0.14694911746872685,0.21269550819101873,0.04040487171639656,0.08403730138747435
disease,33.0,0.7649164969373519,0.15152533454580971,0.002645702604991544,0.16117769846893387,0.8387141462358444,0.9428322532446302,0.3682400766345035,0.01841174505061579,0.4591834570343486,0.9098801006073697,0.8562297130374691,0.6981369329893541,0.08030749133923124,0.17293296816631787,0.7430161623688001,0.5362895731966976,0.4429714221077531,0.26410355058613916,0.6581419206377138,0.3590748156968136,0.4179774564407802,0.3500625435834212,0.14875714661548411,0.21577282522564178,0.04095422779400207,0.08513102634264168
disease,33.5,0.7648966229885678,0.15152284740018646,0.002645635296341622,0.16117826946647335,0.8387135761525639,0.9428321964110459,0.36824521605080124,0.018412035220901818,0.45917833621783616,0.909879193421059,0.8562272018568413,0.6981311711970818,0.08030858205191242,0.17293368318044194,0.7430153594365955,0.5362885238382533,0.4429748667650595,0.2641078576066925,0.6534550298815797,0.35907762730116105,0.4179794964281759,0.3500644673194322,0.15062247921276728,0.21882832276329733,0.04149967961596964,0.08621696773915274
disease,34.0,0.7648785197143919,0.15152050639178935,0.002645573466906554,0.16117876796490926,0.8387130784604829,0.9428321482438242,0.36824968859385454,0.018412288016882727,0.459173873515917,0.9098784124846595,0.8562250129966347,0.698126147926465,0.08030953403535829,0.17293430730984824,0.7430146584753516,0.5362876077226274,0.44297782357487847,0.2641116169704667,0.64880142292869,0.3590800771916932,0.41798127496981624,0.35006614462677116,0.15254494760610893,0.2218621430886847,0.04204125384739387,0.08729518013523073
disease,34.5,0.7648620299307296,0.15151830664848015,0.0026455166859055287,0.1611792027216837,0.8387126444144397,0.9428321075809751,0.36825357584236634,0.018412507990819005,0.4591699888638275,0.9098777417188556,0.856223107212585,0.6981217733723716,0.08031036407332097,0.17293485153976432,0.7430140471670593,0.5362868087592797,0.4429803550515384,0.2641148948889307,0.644180875952889,0.35908220933739043,0.4179828238304139,0.3500676054376202,0.15452431630513566,0.22487442912559769,0.04257897710823616,0.08836571781327653
disease,35.0,0.7648470105909768,0.15151624279112363,0.0026454645548010464,0.16117958143218367,0.8387122663301715,0.9428320734203801,0.3682569494592233,0.018412699142410192,0.45916661191459335,0.9098771670568513,0.8562214501311001,0.6981179688021942,0.08031108689766656,0.17293532552275878,0.7430135146856724,0.5362861128004146,0.44298251618288337,0.26411774954515593,0.6395931649569916,0.35908406248241037,0.4179841709077167,0.3500688760400638,0.1565602836218136,0.2278653243071068,0.04311287596261683,0.08942863477328421
disease,35.5,0.7648333307807988,0.15151430926947052,0.002645416704562524,0.1611799109602265,0.8387119373537661,0.9428320448725961,0.36825987329082127,0.01841286503629769,0.45916367996582924,0.9098766760010659,0.8562200110861143,0.6981146639859105,0.08031171565139913,0.17293573786776054,0.7430130513755683,0.5362855072289823,0.4429843557278035,0.2641202328402387,0.6350380662069947,0.3590856711372505,0.41798534107169577,0.3500699798700614,0.15865248246688946,0.23083497219787294,0.04364297688628509,0.09048398470884687
disease,36.0,0.7648208716955012,0.15151250019730303,0.0026453727944329565,0.1611801972936282,0.8387116515058933,0.9428320211675235,0.36826240293477486,0.018413008778762407,0.4591611383742518,0.9098762577225015,0.8562187633205404,0.6981117976648579,0.08031226180095904,0.17293609608598381,0.7430126488141812,0.536284981041515,0.4429859156755985,0.26412238998703486,0.6305153561029981,0.35908706531052415,0.41798635600793704,0.3500709373624086,0.16080048277613637,0.23378351660286853,0.044169306276976,0.09153182101715676
disease,36.5,0.7648095246128417,0.15151080969047148,0.002645332509166167,0.16118044576886614,0.8387114034577674,0.9428320016262618,0.3682645878983093,0.01841313313657365,0.4591589384644466,0.9098759026095543,0.8562176830166034,0.6981093152916337,0.08031273556294777,0.17293640687053774,0.743012299494831,0.5362845244296359,0.44298723338409174,0.2641242613074333,0.6260248116236888,0.3590882717681623,0.4179872350317021,0.350071766718957,0.16300379232007908,0.23671110118087188,0.04469189042105371,0.09257219677438498
disease,37.0,0.7647991907552663,0.1515092317603367,0.002645295557934092,0.16118066105200332,0.8387111885501247,0.9428319856612276,0.36826647137573604,0.018413240525302632,0.45915703773062294,0.9098756023178167,0.8562167493509774,0.6981071691796431,0.08031314587363068,0.17293667607169727,0.743011996854356,0.5362841288182834,0.4429883412978666,0.26412588210962845,0.6215662102464246,0.35908931389181004,0.4179879950158413,0.3500724838414257,0.16526185911225133,0.23961786951087508,0.04521075550010387,0.09360516474259596
disease,37.5,0.7647897799690764,0.15150776048561823,0.002645261672176304,0.1611808472702137,0.8387110026618283,0.9428319727587628,0.36826809153542345,0.018413333080221625,0.4591553985953517,0.9098753495044911,0.8562159439256577,0.6981053171878819,0.08031350063402583,0.1729369088648788,0.7430117350875115,0.5362837866221593,0.4429892679026129,0.26412728357289295,0.617139330202269,0.3590902123377044,0.41798865087860115,0.35007310278951204,0.16757407282426962,0.24250396486912756,0.04572592757204342,0.09463077735655952
disease,38.0,0.7647812100528868,0.15150639003413932,0.0026452306040561126,0.16118100806212965,0.8387108421596629,0.942831962471833,0.368269481978596,0.018413412681890336,0.4591539879566643,0.9098751377347247,0.8562152505362146,0.6981037221909123,0.08031380680920361,0.17293710981226698,0.7430115090762615,0.5362834911532499,0.4429900381796393,0.26412849318675896,0.6127439505463698,0.35909098530885636,0.4179892157628785,0.35007363595078156,0.169939766754749,0.24536953016575988,0.0462374325662565,0.09564908672161344
disease,38.5,0.7647734062522069,0.15150511467457115,0.0026452021252502344,0.16118114661461905,0.8387107038614136,0.9428319544133937,0.36827067208457503,0.018413480975664562,0.45915277685070593,0.9098749614132872,0.8562146549978606,0.6981023516949013,0.08031407049816659,0.17293728290969967,0.7430113143381106,0.5362832365548578,0.44299067374930157,0.26412953502996267,0.6083798512110357,0.3590916487213316,0.41798970117060713,0.3500740941658043,0.17235822008882878,0.2482147078964812,0.04674529628000208,0.09666014461248061
disease,39.0,0.7647663001910421,0.151503928876204,0.0026451760249457342,0.16118126575939307,0.8387105849395627,0.9428319482438339,0.36827168792665943,0.018413539422280398,0.45915173955868116,0.9098748155954053,0.8562141447200007,0.6981011768506851,0.08031429711903675,0.17293743170750964,0.7430111468900827,0.5362830176224209,0.4429911937202037,0.2641304304889851,0.6040468131746043,0.35909221671073904,0.41799011731567765,0.35007448706173044,0.1748286594577198,0.2510396399939938,0.047249544366105296,0.09766400246529636
disease,39.5,0.764759829788044,0.15150282724986622,0.002645152109203414,0.16118136796344068,0.8387104829308082,0.942831943671609,0.3682725521602152,0.018413589292221286,0.45915085370868763,0.9098746960138309,0.8562137087385064,0.6981001725370134,0.08031449139312938,0.17293755929781526,0.7430110032624615,0.536282829822349,0.442991614576036,0.26413119820770226,0.5997446184191331,0.3590927015748727,0.4179904730870583,0.35007482301699283,0.17735026167531984,0.2538444678621176,0.04775020233663756,0.0986607113821113
disease,40.0,0.7647539383013293,0.15150180463380442,0.002645130199148433,0.16118145541340148,0.8387103956517882,0.942831940441844,0.3682732848390217,0.018413631710575855,0.45915009948559077,0.9098745989100218,0.8562133373461317,0.6980993165083329,0.0803146575037804,0.17293766842145525,0.7430108803798033,0.5362826691360277,0.44299195080465303,0.2641318547017822,0.5954730500786246,0.359093114202904,0.41799077635882287,0.35007510945369846,0.17992215542115486,0.2566293322451701,0.048247295552129095,0.09965032212407568
disease,40.5,0.7647485741117118,0.1515008560601545,0.002645110130184822,0.16118153002081032,0.8387103211939085,0.9428319383357917,0.3682739034502917,0.018413667659234363,0.45914945959138487,0.9098745210295326,0.856213022066146,0.6980985893341876,0.08031479910804987,0.17293776147394252,0.743010775553723,0.5362825320502782,0.4429922149563729,0.26413241440727997,0.5912318924268183,0.35909346410131804,0.41799103400857396,0.35007535285537406,0.18254342380644842,0.25939437323604725,0.04874084922297815,0.10063288511415582
disease,41.0,0.7647436902178479,0.15149997677903732,0.0026450917508916367,0.16118159346092945,0.8387102578844513,0.9428319371649599,0.36827442329117044,0.018413697997647454,0.45914891888193504,0.909874459544596,0.8562127554780525,0.6980979740047086,0.08031491940967525,0.1729378405546899,0.7430106864281129,0.5362824154863313,0.4429924178906478,0.2641328899738173,0.5870209309364876,0.35909375959020223,0.4179912520576701,0.3500755588985209,0.1852131065624692,0.2621397302226104,0.049230888405386204,0.10160845043551534
disease,41.5,0.7647392436952052,0.15149916227297197,0.0026450749217501257,0.16118164721217879,0.8387102042472757,0.9428319367658797,0.36827485783280994,0.018413723483181894,0.4591484640081873,0.9098744119811977,0.8562125310405891,0.6980974555223816,0.08031502123554085,0.1729379075162063,0.7430106109237611,0.5362823167270715,0.4429925690999469,0.2641332925619808,0.5828399523348874,0.3590940080028216,0.417991435815723,0.3500757325891258,0.18793020223464885,0.26486554183722405,0.04971743799763854,0.1025770678302493
disease,42.0,0.764735195618971,0.15149840823195104,0.0026450595147773153,0.16118169255426912,0.8387101590046488,0.9428319370002736,0.3682752187019442,0.018413744770223728,0.4591480834344606,0.909874376223714,0.8562123430975045,0.6980970209185066,0.08031510703243296,0.17293796396167813,0.7430105472409956,0.5362822334208189,0.44299267668318804,0.2641336318340311,0.5786887445855884,0.35909421567631644,0.4179915898716096,0.3500758782534456,0.1906936708324374,0.2675719459702094,0.05020052274191686,0.1035387867022848
disease,42.5,0.7647315102714125,0.15149771059342226,0.002645045411800472,0.16118173063013413,0.8387101210154065,0.9428319377465698,0.3682755162675653,0.01841376244258247,0.45914776686589476,0.9098743503955838,0.8562121866035906,0.6980966586229661,0.08031517898467505,0.17293801132299225,0.7430104937724691,0.5362821634671009,0.4429927478037743,0.26413391641502687,0.574567096986065,0.3590943882643495,0.41799171832124066,0.3500759997534515,0.19350243574685808,0.2702590796828927,0.050680167217377975,0.10449365611366371
disease,43.0,0.7647281553829997,0.1514970654938411,0.002645032504724532,0.16118176241742846,0.83871008930347,0.9428319389043507,0.368275759361954,0.018413776998320353,0.4591475055168303,0.9098743329187314,0.8562120572517851,0.6980963587538195,0.08031523896055773,0.17293805082465014,0.7430104491433753,0.5362821050690241,0.4429927884840614,0.26413415368004717,0.570474800100839,0.3590945305915841,0.41799182466412765,0.3500761003890718,0.19635538664913116,0.27292707926329823,0.051156395845640495,0.10544172479022172
disease,43.5,0.7647251012412714,0.15149646931289582,0.0026450206935923182,0.1611817887980287,0.8387100629883641,0.9428319403840476,0.36827595594348067,0.018413788886368326,0.45914729146711536,0.909874322377323,0.8562119511593895,0.6980961124033132,0.08031528864489604,0.17293808357117543,0.7430104121135805,0.5362820566058467,0.4429928041096392,0.2641343502814908,0.5664116458732134,0.3590946470067478,0.4179919120540963,0.35007618313423017,0.19925138138432752,0.27557608012691337,0.0516292328828008,0.10638304111707164
disease,44.0,0.7647223211002191,0.15149591861410744,0.002645009887207151,0.16118181051512137,0.8387100413280505,0.9428319421128439,0.36827611268450705,0.018413798483764746,0.45914711806211356,0.9098743176035081,0.8562118650581474,0.6980959120763983,0.08031532945743242,0.17293811049290087,0.7430103816380725,0.5362820167122972,0.44299279909655065,0.26413451183094433,0.5623774275333941,0.3590947411642029,0.41799198314131,0.35007625048808194,0.2021892489600067,0.278206216894134,0.052098702426790294,0.10731765314568086
disease,44.5,0.7647197902953727,0.1514954101887894,0.0026450000011969846,0.1611818282426808,0.8387100236496304,0.942831944025783,0.3682762356276723,0.018413806132154573,0.4591469792711339,0.9098743175445653,0.8562117959876482,0.6980957509809445,0.08031536268550983,0.17293813243353173,0.7430103567691743,0.5362819841500036,0.44299277742793036,0.26413464341410586,0.5583719397090309,0.35909481637516644,0.4179920403289049,0.3500763047168793,0.20516779143252617,0.28081762329203297,0.052564828409494946,0.10824560858944057
disease,45.0,0.7647174866406857,0.15149494100521324,0.002644990958669154,0.16118184254486145,0.8387100093900008,0.9428319460728045,0.36827632980417213,0.018413812116545594,0.45914687005932125,0.9098743213419234,0.8562117414845425,0.6980956234513737,0.08031538940579731,0.17293815009955923,0.7430103367136462,0.5362819578811763,0.4429927423620183,0.26413474927178243,0.5543949783404304,0.35909487540028273,0.41799208562752943,0.3500763477171889,0.20818578662946813,0.28341043222573287,0.05302763460356627,0.10916695483026972
disease,45.5,0.7647153897012275,0.1514945082331193,0.0026449826885403594,0.16118185393069465,0.8387099980410212,0.942831948208884,0.3682763997435382,0.018413816693715574,0.45914678589015595,0.9098743282273278,0.8562116993243015,0.6980955243765291,0.08031541058990406,0.17293816412812765,0.7430103207557913,0.5362819369700285,0.4429926967981623,0.2641348332373773,0.5504463407622053,0.35909492072840016,0.4179921208481351,0.3500763811971826,0.21124199040842487,0.2859847757052024,0.053487144616715096,0.11008173891587636
disease,46.0,0.7647134810661782,0.15149410921422915,0.002644975126029292,0.1611818628281915,0.8387099891751362,0.9428319503957628,0.368276449226647,0.01841382007839979,0.4591467229674374,0.9098743375727689,0.8562116676292617,0.698095449464403,0.08031542705428184,0.17293817505395034,0.74301030829384,0.5362819206321741,0.4429926430170865,0.2641348985610022,0.5465258256463589,0.3590949544477945,0.4179921475027855,0.3500764065834457,0.21433513894264333,0.2885407848925927,0.053943381896380815,0.11099000756466681
disease,46.5,0.7647117438000859,0.1514937414672194,0.002644968211296933,0.16118186962040484,0.8387099824098551,0.9428319526014356,0.36827648163075405,0.018413822462589446,0.45914667789577945,0.9098743488229111,0.8562116447277377,0.698095394881491,0.08031543952943115,0.17293818335594874,0.7430102987892528,0.5362819081644111,0.4429925830649303,0.2641349481364424,0.5426332330514881,0.35909497842272686,0.4179921669466594,0.35007642515464515,0.21746395124654144,0.29107859005706993,0.054396369726519074,0.11189180716492214
disease,47.0,0.7647101626291263,0.15149340267307124,0.002644961889816034,0.161181874628097,0.8387099774255615,0.9428319548069143,0.368276499777381,0.018413824007076557,0.4591466478296118,0.9098743615266324,0.8562116292500902,0.6980953574360981,0.0803154486274022,0.17293818943694012,0.7430102917911996,0.5362818989727942,0.44299251875700124,0.264134984323323,0.5387683643859568,0.3590949941987034,0.4179921803224344,0.3500764379885496,0.22062713112468196,0.2935983206047221,0.05484613123079071,0.11278718377852971
disease,47.5,0.7647087234992197,0.15149309067000774,0.0026449561112246098,0.16118187813901946,0.8387099739352064,0.9428319569930488,0.3682765061848989,0.018413824855492252,0.45914663022612395,0.9098743752850783,0.8562116199571432,0.698095334264591,0.08031545489669786,0.17293819365733176,0.7430102868951949,0.5362818925269929,0.44299245161063844,0.26413500926859795,0.534931022438611,0.3590950031644467,0.417992188648325,0.35007644604585336,0.22382336986634252,0.29610010504958933,0.05529268937064425,0.11367618314115462
disease,48.0,0.7647074137465819,0.15149280344251578,0.0026449508296815263,0.16118188039635367,0.8387099716947398,0.9428319591332639,0.36827650293358655,0.01841382512695477,0.45914662297483005,0.9098743897786221,0.8562116157556869,0.6980953229439464,0.08031545879786446,0.17293819631750795,0.7430102837590469,0.5362818883895536,0.4429923824405116,0.26413502492622015,0.5311210113443764,0.3590950065126731,0.41799219276111255,0.35007645011729377,0.2270513479653828,0.2985840710417124,0.05573606694819565,0.11455885066571485
disease,48.5,0.764706221704685,0.15149253911575764,0.0026449460028306598,0.1611818816173142,0.8387099704868897,0.9428319612102644,0.3682764918905715,0.018413824928436278,0.45914662417982444,0.9098744047241696,0.8562116156948846,0.6980953213180778,0.08031546074350494,0.17293819768770974,0.7430102820773072,0.5362818861645469,0.44299231215310747,0.26413503297219243,0.5273381366126487,0.35909500529454275,0.4179921934174477,0.3500764509173754,0.2303097378459354,0.3010503453397907,0.0561762866047237,0.11543523144283609
disease,49.0,0.7647051368753108,0.15149229594512345,0.0026449415921588953,0.16118188197420796,0.8387099701425605,0.9428319632372298,0.3682764745802154,0.018413824347383183,0.45914663228944524,0.9098744199029151,0.8562116191220115,0.6980953276934484,0.08031546106930582,0.1729381979905297,0.7430102816089611,0.5362818855157274,0.44299224235338713,0.26413503441951186,0.5235822050961572,0.3590950002722241,0.4179921912539581,0.3500764490450853,0.2335972053422597,0.30349905383597364,0.05661337082356869,0.1163053702442997
disease,49.5,0.7647041495723967,0.15149207230941733,0.002644937562054753,0.1611818816249987,0.8387099705056517,0.9428319652180098,0.36827645237576345,0.018413823462732383,0.4591466459028059,0.9098744351194056,0.8562116254054458,0.6980953405141278,0.08031546008039911,0.17293819742714797,0.7430102821326855,0.5362818861423924,0.44299217419092257,0.2641350303022977,0.5198530250088207,0.359094992164463,0.41799218683981015,0.35007644503666546,0.23691241255390483,0.30593032153856775,0.057047341928886254,0.1171693115237246
disease,50.0,0.7647032510521294,0.15149186670274206,0.0026449338800834253,0.16118188071240935,0.8387099714287,0.9428319671103651,0.3682764263925349,0.018413822339356657,0.4591466638671044,0.9098744502215311,0.8562116338046913,0.69809535838665,0.08031545803132818,0.17293819616354716,0.7430102834453767,0.5362818878144426,0.4429921066866307,0.26413502220677293,0.5161504058910987,0.3590949817690972,0.4179921806173412,0.3500764393130877,0.24025401917140918,0.3083442726012307,0.05747822208802544,0.11802709941964441
A_1mgkg,0.0,0.907788566755719,0.05483583659888906,0.0019424333375859507,0.10624475794935453,0.8936792830593551,0.9488443531040935,0.05532421567651024,0.0027662107838256306,0.9478332343743369,0.9706824976755449,0.9587311669340081,0.9434762263857877,0.019207165151719992,0.10698710078055201,0.823740734122731,0.6514931718351542,0.2020573377794273,0.06646093080292503,1.0,0.1276715596243397,0.20340504148499772,0.16072694904848975,0.054619798580026115,0.0,0.0,0.0
A_1mgkg,0.5,0.8984451653388272,0.06399085242527827,0.0020026495265410647,0.11714211153916364,0.8825524806823217,0.9490361630824591,0.13237903832755582,0.004518814706777338,0.8191763801086429,0.9690566124980502,0.9495291331525548,0.9230786234460777,0.026487005207861035,0.1219476225130321,0.8066207219188729,0.6264931964740669,0.22434349271435017,0.08590469997874377,0.9997447364011087,0.15445161446014402,0.21601908390459912,0.17087521640030953,0.05511142457265602,6.666167907972872e-05,6.696678839424433e-05,0.00012163513141649198
A_1mgkg,1.0,0.8818187919646054,0.07984000117110035,0.0021365627472356083,0.1286078975122489,0.8711396894647884,0.948096525748234,0.17687937053544942,0.006967927532487295,0.7307525837167427,0.9631009724530741,0.9373732180163067,0.8932768053578116,0.036177770907034314,0.13465249691611408,0.7896630115627992,0.6010446693577988,0.2593701641503399,0.11294765216769008,0.998926885256654,0.20060833627402797,0.25841853194224457,0.20595469401224423,0.05915230927201647,0.00027942016803520495,0.00018036889055006545,0.0006133256847597727
A_1mgkg,1.5,0.8661587763804293,0.09417076626768109,0.0022738871704984487,0.13652538331338496,0.8632701936271873,0.9470604245140402,0.2083986111618222,0.008961922527541797,0.6697077848890388,0.9553089976153454,0.9259239810005048,0.8648991374806575,0.04430438774735998,0.14355499452707618,0.778150934093915,0.5843230605230623,0.2912057997539718,0.13705352984020436,0.9973658501333307,0.23774186619473303,0.3013301676626981,0.24287576268191888,0.066961729851926,0.0007848329606227414,0.0003994845589741365,0.0014498323470714509
A_1mgkg,2.0,0.8530837512204116,0.10553053240984483,0.00238818133863771,0.141953983095322,0.8578730464554148,0.9462243172698714,0.23296416238596115,0.010509313091844648,0.6267648125399471,0.9478668195551255,0.9159647572575659,0.8402880056452595,0.05067437478930473,0.14976983471587124,0.7703324748445597,0.5732448600739757,0.3174229147645528,0.15702575205025213,0.995043528184228,0.2637626236002139,0.33190769776030027,0.2701589792176424,0.07586048644096571,0.0016918847612939617,0.0007419331215846127,0.0025226539328922822
A_1mgkg,2.5,0.8425937467670231,0.11406964499849166,0.002475063751501692,0.14577556500167224,0.8540711675587461,0.9456029009050059,0.2527953431733449,0.011731012275474767,0.5955966881088065,0.9415778880385692,0.9075886866815177,0.8197361867465653,0.05560437528318666,0.15421816733307084,0.7648596518266927,0.5656254031792642,0.3382863410304778,0.17320355762653553,0.992027596717481,0.2821037491374632,0.3520223662090523,0.28854763485833224,0.08389954338403778,0.003036847537546569,0.0011866563639497416,0.0037488993810220923
A_1mgkg,3.0,0.834090472331101,0.12050371639851545,0.0025384896402163696,0.14856773070968757,0.8512914823025437,0.9451485381687149,0.2689631251008072,0.012712786653805838,0.5722516430970469,0.9365758058337795,0.9006145009145529,0.8027480325047917,0.05946486623877378,0.15751347904431506,0.7608752973656974,0.5601481262469116,0.35481293420731846,0.18631420309402377,0.9884197216098571,0.2955541407030806,0.36559583498781645,0.301107729654285,0.09042287208726059,0.004799783427371409,0.0017060242615657944,0.005074470701205122
A_1mgkg,3.5,0.8272306980728891,0.12525466661621257,0.002583897849027855,0.15067740088969206,0.849190034393958,0.9448174178610627,0.2822365065136627,0.013511343783016274,0.55428924913694,0.9326622126449211,0.8948041000820802,0.7886878845281473,0.06253888363976398,0.16003067606370558,0.7578723387230697,0.5560582807797492,0.36800158998700555,0.1970248215060125,0.9843221017245839,0.30578477028737766,0.3752347339968285,0.3100720430696117,0.0954712899490251,0.006933925255154391,0.0022789092790302754,0.006465063741231579
A_1mgkg,4.0,0.8215244641782596,0.1288703985457799,0.0026163662785461993,0.1523168284432047,0.8475562869681642,0.9445732249006524,0.2931415477069623,0.014164597196841733,0.540193790051232,0.9296514355746202,0.8899532942215616,0.7770118983971314,0.06502651354545207,0.16200273027730763,0.7555431666356617,0.55290824653727,0.3786256849076633,0.20584561367124482,0.9798256333143218,0.31375961730473095,0.38238740814506805,0.31673964616996464,0.09931198653793756,0.0093850502909212,0.0028907797418702666,0.007898536652886895
A_1mgkg,4.5,0.816836496197656,0.13152077761248557,0.0026395415498569955,0.15361444121509912,0.846262777156848,0.9443937718591817,0.30215390716282253,0.014701946006574868,0.5289607882581031,0.9273083591026877,0.8858913109166576,0.7672809487377621,0.067060181163164,0.16357351587839203,0.7537024628196699,0.5504321619438077,0.3872610323801439,0.21315471316208057,0.975007438268015,0.3200863212259605,0.38786164114904104,0.32185058933393573,0.10222842697377135,0.01210071412672029,0.003531500976987783,0.009360346628276709
A_1mgkg,5.0,0.8128392626280291,0.13356048303069143,0.002656290500149841,0.15465815497025798,0.8452221314275226,0.944260488541754,0.3095833917244447,0.0151445631393744,0.5199224328946338,0.9255139946578353,0.8824890664258016,0.7591591702118884,0.06873823933524402,0.1648426510580462,0.7522237994471477,0.5484514340711152,0.3943221359395227,0.2192340694110489,0.9699318716217511,0.3251577301822365,0.39214027770858756,0.32585070309193354,0.10445601263170091,0.01503383342396853,0.0041937531337919625,0.010840541820487931
A_1mgkg,5.5,0.8095277701768844,0.13500734577948403,0.0026683678678094225,0.15550382825233466,0.8443788234138416,0.9441637614423845,0.31574268210132467,0.015510451573467723,0.5125887608715972,0.9241102477973809,0.8796360986625835,0.7523716192971649,0.0701269173506469,0.1658748758157344,0.751027004118799,0.5468535899107608,0.4001251871312029,0.2243010849784219,0.964652095806756,0.32925979085584994,0.3955321725009615,0.3290256130831565,0.1061731298018063,0.018143640045645167,0.00487205696008912,0.012332207187509095
A_1mgkg,6.0,0.8066574082123823,0.13611804374804248,0.002677249062659511,0.15619596570004285,0.8436885444563117,0.9440933377320966,0.3208114049804865,0.015812331361448585,0.5066197059260957,0.9230482945865758,0.8772501074403588,0.7467067569520702,0.0712822785647107,0.16672173715583594,0.7500483736262203,0.54555049899306,0.4049019784778267,0.22852549762556404,0.9592119831999628,0.33258890868961954,0.3982477810008561,0.3315703218270201,0.10751076746145966,0.021395482577133747,0.005562224434047761,0.013830309788854973
A_1mgkg,6.5,0.8042870291206137,0.1368357932772866,0.0026836985175971873,0.15676249258749148,0.8431235119552404,0.944045273973398,0.32500443103538906,0.016061833279993207,0.5017419604399176,0.9222211533704592,0.8752559657977893,0.7419829833832498,0.07224137033254592,0.1674165365849271,0.7492479944890047,0.5444870112642948,0.4088402015260235,0.2320440997420929,0.9536476394700588,0.33530276497337885,0.40043518135470313,0.3336220589024018,0.10856343494469708,0.02476019451657053,0.006260977756275443,0.015331188257094652
A_1mgkg,7.0,0.8022118678069458,0.1373698683363372,0.0026885190832418417,0.15722958614838267,0.8426576306584235,0.9440130422114636,0.3284240077015775,0.016266763739215546,0.4977651199129355,0.921619388223233,0.8735993193820298,0.7380612241783775,0.07304018653041872,0.1679899410685536,0.748588538163332,0.5436122771870437,0.41207873796626493,0.23496683193657025,0.9479889035529732,0.33751000676229703,0.40220326941238194,0.3352820675541194,0.10939985073029229,0.0282133289845453,0.0069657298791825015,0.016832037583298716
A_1mgkg,7.5,0.8005229260572951,0.13762589422004495,0.002692009429377918,0.15761224480444058,0.8422759766866583,0.9439953808864285,0.33122670823391903,0.016434997919580946,0.494521523109562,0.9211630861616034,0.8722267902537697,0.7348161424318636,0.07370070110545036,0.16846034210522023,0.7480486469762431,0.5428970893243031,0.4147373382483037,0.23738491934957223,0.9422604147879764,0.33930637547042997,0.403632735579765,0.3366253172206408,0.11006984238371625,0.03173443165470452,0.0076743978560221806,0.018330755701296407
A_1mgkg,8.0,0.799036082929078,0.13778867189151423,0.0026946579663869345,0.15792759623321637,0.8419614584070502,0.9439875538108312,0.3334682134311903,0.01657141799870273,0.49189784367678313,0.9208634637408396,0.8711016956461884,0.7321536162654185,0.07424794634430763,0.16884788222428185,0.7476039663686312,0.5423086564958387,0.4169037528716831,0.2393729195673022,0.9364826517132158,0.34075578106305887,0.4047860976831154,0.33771015026176604,0.1106105141426759,0.035306378727853666,0.008385304779557361,0.019825664779372497
A_1mgkg,8.5,0.797859769588805,0.13774367954556005,0.002696543035882009,0.15818386738818963,0.8417058940096162,0.9439896882862764,0.3352692535626106,0.016681631812236572,0.4897833113696306,0.9206550675875956,0.8701847187649181,0.7299840043174618,0.07469522734755109,0.1691630053408571,0.7472428216024393,0.5418311197688989,0.4186589931120326,0.24099414634741786,0.9306726057191094,0.34192096682257,0.4057112463782719,0.33858114507834375,0.11104940385689996,0.03891483055473574,0.009097073663139752,0.02131549006301397
A_1mgkg,9.0,0.7968217265410847,0.13766198483398423,0.00269800132284697,0.15839323624852764,0.8414971201960475,0.9439979796908379,0.33665643354490365,0.01676872665729237,0.48810774851880184,0.9205603080826416,0.8694508050961458,0.7282422475881363,0.0750610444129572,0.169420009438003,0.7469479302875206,0.5414414134395119,0.4200606861605413,0.24230087976218223,0.9248444797128386,0.342841110916746,0.406446921688738,0.3392745801942958,0.11140785011544636,0.042547757966153225,0.00980858348296251,0.022799178838044654
A_1mgkg,9.5,0.796040489902092,0.13741770591102606,0.0026990027685488884,0.15856008345402092,0.841330787157006,0.9440133374475832,0.3377274228049361,0.016836888398931767,0.4867933552530796,0.9205219929747563,0.8688700680800516,0.7268622034345203,0.07535337761010472,0.1696247636487724,0.7467130996144674,0.5411311531034031,0.4211663370103241,0.24333844830342707,0.9190100976129331,0.34356005672274303,0.4070234539127481,0.339818713963685,0.11170216605026652,0.046195068065158565,0.010518901225064181,0.024275933096843203
A_1mgkg,10.0,0.795351363294155,0.13717353853271314,0.0026998067976273213,0.1586936719608368,0.8411976358313923,0.9440324741608574,0.33848993478885375,0.016888057807271126,0.48579571757435813,0.9205689041002012,0.8684253546498614,0.7257982411878744,0.07558659090854492,0.16978808177014304,0.7465252004744921,0.5408829285060279,0.42201480297158966,0.2441444697920969,0.9131793807334034,0.34410237863643994,0.40746633448926045,0.34023749694243854,0.11194560822412997,0.049848281376739044,0.011227264523488371,0.025745073366368564
A_1mgkg,10.5,0.794879053534351,0.13679698473177285,0.0027003274341661004,0.15879605842567712,0.8410956327758863,0.9440567723022506,0.33902610237261915,0.016925489036555545,0.4850573501612151,0.9206489435188056,0.8680933264220274,0.7250002433562067,0.07576522468019575,0.16991303859448495,0.746381343028617,0.5406928192268152,0.4226485287374256,0.24475218918943115,0.9073605899911351,0.3445003930907831,0.40779575639162424,0.34054974200964366,0.11214859990290972,0.05350028159353474,0.011933033450352893,0.027206094964976606
A_1mgkg,11.0,0.7944641607768523,0.13644522611988502,0.002700782222421039,0.15887467806318603,0.8410173409587375,0.944083247425667,0.3393308970654226,0.016950359396046447,0.48455009419891193,0.9207946703261967,0.8678623700895344,0.7244360049989094,0.07590088311974356,0.17000824073588852,0.7462709962366693,0.540546922930299,0.4230940813433391,0.24518918855641386,0.9015606633523457,0.34476953600745963,0.4080293006409267,0.3407720215311898,0.1123200377651209,0.05714509494467722,0.012635687098915284,0.028658554604061227
A_1mgkg,11.5,0.7942353004003038,0.13598186282774022,0.0027010551401181904,0.15893011120401676,0.840962198897731,0.9441135854781929,0.3394755232248786,0.016965286121918343,0.48422966636991743,0.9209573770155718,0.8677138438228273,0.7240667088506852,0.07599579160029533,0.17007497108505643,0.746193363529356,0.5404441280260341,0.4233837863160726,0.2454802849725538,0.8957853543094854,0.34493469535579446,0.4081809257620515,0.34091732692405513,0.11246707038324273,0.06077772173127684,0.013334786301048344,0.030102137658188817
A_1mgkg,12.0,0.7940370779784839,0.13556018042600806,0.002701339524800735,0.15896858173742584,0.8409239777805018,0.9441449872444396,0.3394460891532642,0.01697091886992294,0.48407865782723675,0.9211719152534557,0.8676401257267007,0.7238697100068218,0.07605962680191983,0.17012036079262258,0.7461396323814504,0.5403728352742113,0.423535815077512,0.2456459526228027,0.8900394825837059,0.34500529574418715,0.4082632037949811,0.3409975490473159,0.11259608958997146,0.06439398235597706,0.014029977889928906,0.03153655717038752
A_1mgkg,12.5,0.7940006346719899,0.13504150810433863,0.0027015027344953826,0.15898969132868573,0.8409030920571051,0.9441793443588906,0.3393058262330339,0.01696942304296461,0.48406176937282464,0.9213919884254934,0.8676260380937723,0.7238144011598225,0.07609300117641499,0.17014449539756263,0.7461103909491984,0.5403337805846289,0.42357541141222665,0.24570494003371932,0.8843270069565021,0.34500120586332983,0.40828604573761124,0.3410218930289853,0.1127122986506504,0.06799040250683025,0.014720963925332316,0.03296162661133459
A_1mgkg,13.0,0.7939737956735241,0.13457619590235345,0.0027017231942239347,0.1589988212117697,0.8408941539077778,0.9442139732598923,0.3390345306118844,0.01696107208891335,0.48416898888216836,0.9216538433058912,0.8676668979606917,0.723885115929607,0.07610419235654325,0.17015347211063356,0.7460980203876476,0.5403169538537469,0.4235148089396824,0.24567254348904508,0.8786512207748377,0.34492772564707597,0.40825868944108085,0.34099912800180315,0.11282054902006153,0.07156410277480406,0.015407510378009396,0.03437716607234819
A_1mgkg,13.5,0.7940893288656331,0.13402433015433757,0.0027018589840392764,0.15899490204407674,0.8408982469191375,0.9442509117667075,0.33868943878269686,0.016947700994384248,0.48437137138636827,0.9219130018261431,0.8677501391140848,0.7240573562232961,0.07609265932719032,0.17014655003780138,0.7461040565016214,0.5403243499100387,0.42337413011885777,0.2455630309097234,0.8730147825957975,0.3448011962275335,0.4081882964868393,0.34093588324925095,0.11292480726270213,0.07511271910550846,0.01608942044136264,0.03578307785733055
A_1mgkg,14.0,0.7941977674416093,0.13353392228641062,0.002702078812758246,0.15898270473891954,0.8409105927256892,0.9442875516288013,0.3382457683861651,0.016929308309225434,0.4846641609452564,0.922206551725423,0.8678732777064149,0.7243206490678159,0.07606563299780507,0.17012907333522964,0.7461217439706921,0.5403471017017789,0.4231612934052836,0.24538784378262915,0.8674198747195819,0.3446239878506126,0.40808179087321916,0.3408387583165952,0.11302891234524388,0.07863432208414974,0.016766545957128752,0.03717925723913871
A_1mgkg,14.5,0.794432916380596,0.13296446299057882,0.002702235674920628,0.15896068707664363,0.8409327464320315,0.9443260376702395,0.33775614536217996,0.016907481383516814,0.4850230530435562,0.9224914464941293,0.8680257487508318,0.7246551272599332,0.0760217308531679,0.17009971527232057,0.7461532854303398,0.5403880872154863,0.42289262107860576,0.24515787731095998,0.8618682066636909,0.34440987988040905,0.4079443935102419,0.34071256229492203,0.1131359924536187,0.08212736057456427,0.017438763353974967,0.03856566940776885
A_1mgkg,15.0,0.7946476192367684,0.13246205568112696,0.0027024915513814093,0.1589331623577052,0.8409603868627296,0.9443638096303434,0.3371924430313063,0.016882014563557663,0.48544711800828005,0.9228052445453001,0.8682067300180916,0.7250542341528227,0.07596738113003904,0.17006325324188637,0.746192572415669,0.5404392915741597,0.4225728327778888,0.2448816580267368,0.8563611493975519,0.3441591066679786,0.40778136701255324,0.3405623349776656,0.11324917884438557,0.08559060091658736,0.018105986686841827,0.03994226299901804
A_1mgkg,15.5,0.7949763098328664,0.13188601867999494,0.0027026968511110485,0.15889824966991592,0.840995406744029,0.944403094361684,0.3366036778533846,0.016854306527541062,0.4859155199752893,0.9231060734287831,0.8684072054886643,0.725501654000231,0.07590058137068864,0.17001793895319817,0.7462422845225062,0.5405042234255868,0.42221538099081396,0.24456751235867702,0.8508997182262454,0.34388354304105023,0.4075965229411586,0.34039156253392766,0.11337099822784415,0.0890230878711957,0.018768145653067645,0.04130904824949081
A_1mgkg,16.0,0.7952738762029163,0.1313808131543898,0.002703008660712713,0.158859910300115,0.8410338367927084,0.9444413624279884,0.33595927916300083,0.016823998320061415,0.48643016184110216,0.9234317127060198,0.8686276126671565,0.7259938025170857,0.0758271340775023,0.16996811265139228,0.7462968106662797,0.5405755204790224,0.42182258632672287,0.24422174372426142,0.8454846910220511,0.34358183623857813,0.4073939000882334,0.3402041347725126,0.11350406093088833,0.09242409731383132,0.019425199531878563,0.042666012132238494
A_1mgkg,16.5,0.7956750578332282,0.13080589913427026,0.002703276350499263,0.1588160187650953,0.8410778133922778,0.9444809042474104,0.33530539729409153,0.016792343091820663,0.48697284738576163,0.9237412844869249,0.8688601430442384,0.7265171101047934,0.07574457853395512,0.1699117204716515,0.7463591743794495,0.540657146097664,0.4214057059221382,0.2438507067062783,0.8401165772648984,0.3432644194692444,0.4071762636498216,0.34000255517585243,0.11365044128188614,0.09579310896108477,0.020077116647264966,0.04401319712675132
A_1mgkg,17.0,0.7960365691691235,0.13030429492229756,0.002703653255490277,0.15877025965594097,0.8411236440210252,0.944519209470322,0.33460969523359796,0.01675886639316407,0.48754759641373546,0.9240726103250524,0.8691061878749632,0.72707025302997,0.07565822282082856,0.16985275868534808,0.746424155495797,0.5407422491768767,0.420965250401728,0.24345900148907032,0.8347957232397625,0.34292874699642406,0.40694673364291956,0.3397898496536316,0.11381234939198956,0.09912976994240853,0.020723889034585764,0.04535061778324267
A_1mgkg,17.5,0.7964932445033627,0.12973578882721562,0.0027039886799135973,0.1587203310566748,0.8411736406929791,0.9445586195633089,0.3339160262555316,0.016724708375965024,0.4881382440193845,0.924385673557435,0.8693588821912572,0.7276417912441564,0.07556526894047776,0.16978895222706694,0.7464950253379654,0.5408351211028433,0.4205107866112352,0.24305146582634254,0.8295222721889419,0.342584148810014,0.40670728743043233,0.33956778164493495,0.11399150635089465,0.10243387526790196,0.02136551288835807,0.04667833965479798
A_1mgkg,18.0,0.7969034163660195,0.12924213720518438,0.0027044329831152304,0.15866969748327706,0.8412243311085196,0.9445966345565381,0.3331907943749043,0.016689307703042736,0.4887503974399395,0.9247182190282561,0.8696203359860037,0.7282321172352022,0.07547063183304308,0.16972402389571334,0.7465668746148866,0.5409293162516647,0.42004145759402256,0.2426313945995083,0.8242962607686835,0.3422271777456293,0.4064603475164692,0.33933872085874095,0.1141898046559768,0.10570533893530387,0.02200200359287944,0.047996396703133076
A_1mgkg,18.5,0.7974018467698277,0.12868359132649562,0.0027048360031290387,0.1586159306756656,0.8412781529423573,0.9446356366936502,0.3324760047750582,0.01665371647026923,0.4893694657941929,0.9250309805507719,0.8698844211237132,0.7288314413711741,0.07537126764129316,0.16965553951598336,0.7466431519462864,0.5410293612890912,0.41956552622784815,0.2422024605230408,0.8191175705195849,0.3418663139066758,0.4062072929364449,0.33910386877851,0.11440868143598401,0.10894418153285049,0.02263337719031801,0.04930487075724616
A_1mgkg,19.0,0.7978483426002321,0.12820075550445006,0.0027053456503432246,0.15856231802126677,0.8413318112388619,0.9446731307570859,0.33173719337439417,0.016617308394098952,0.49000224397579517,0.9253615390904513,0.8701537836131661,0.7294414504539212,0.07527177665401268,0.1695870020262194,0.7467191983122653,0.5411291362701224,0.41908110682081084,0.24176696153269756,0.8139860179302766,0.341497428708591,0.40595001304302747,0.3388650933820209,0.11464977027665567,0.11215050697108322,0.023259665596857673,0.05060380950178185
A_1mgkg,19.5,0.798377466145916,0.1276544361284203,0.00270581269924847,0.15850634302047206,0.8413878312704803,0.9447115330926881,0.3310148627126384,0.016581066871522745,0.4906353650487071,0.9256712994784873,0.8704228711500354,0.7300536337357609,0.07516893960313195,0.169515865781895,0.7467985859049674,0.5412333327239538,0.41859545487673894,0.24132767771903624,0.8089013010626847,0.3411283461329286,0.40568943132722174,0.33862316840452095,0.11491427487722386,0.11532449424755478,0.023880898715383944,0.05189330597437579
A_1mgkg,20.0,0.798850361599324,0.12718418796090936,0.0027063829833707605,0.15845114934456506,0.8414430620630737,0.9447483492317311,0.3302739809665418,0.0165443176528332,0.49127650536988515,0.9259976167128273,0.8706947235090039,0.7306706439508288,0.0750671039024395,0.16944545566535327,0.7468768588680844,0.5413360945120533,0.4181059178411443,0.24088615049949524,0.8038630847836887,0.3407544250568598,0.4054270290515151,0.3383795776782961,0.11520361382789138,0.11846637849153967,0.024497119728034866,0.05317341699673595
A_1mgkg,20.5,0.7994012824363635,0.12665144548581853,0.0027069084709823318,0.15839416129695505,0.8415000875044831,0.944786023076592,0.3295538210531007,0.01650799042648524,0.49191325250666995,0.9263025005279699,0.8709642379070976,0.7312849584425043,0.07496292915604906,0.16937315068837325,0.7469576721124862,0.5414422244366498,0.4176189740794555,0.24044448002818236,0.7988709422233198,0.34038298191402655,0.4051633830275354,0.33813476960321803,0.11551879535203302,0.12157644687572183,0.02510836791928149,0.05444424298167609
A_1mgkg,21.0,0.7998925965480169,0.1261947921644079,0.0027075331773862782,0.15833840476025754,0.8415558747050919,0.9448220571776024,0.32881901631812555,0.016471376109324934,0.49255392888020144,0.9266230326166769,0.8712347378606083,0.7318999417972014,0.07486055815311926,0.16930213014608364,0.7470367363999346,0.5415460822705271,0.41713140573730734,0.24000363747834907,0.793924435396591,0.3400089931271928,0.4048996620168554,0.33788993379130877,0.1158610557338105,0.1246550236316101,0.02571469406411495,0.05570584690768318
A_1mgkg,21.5,0.8004581940355946,0.12567630988607914,0.002708110423948026,0.15828126702857961,0.8416130440154971,0.9448589199997818,0.3281078241874327,0.016435362485529022,0.49318686564073727,0.9269217758447456,0.8715014710671932,0.7325088322177044,0.07475657108074227,0.16922972554880755,0.7471177581135067,0.5416525411426206,0.41664909365200353,0.23956520880612053,0.7890230554568851,0.3396393839660319,0.4046361806007368,0.3376452727047971,0.11623123692844418,0.12770246719447204,0.02631614355723904,0.05695833379140325
A_1mgkg,22.0,0.8009615495766308,0.12523369537587029,0.0027087826113478893,0.1582256770111927,0.8416686598311102,0.9448941084904853,0.327384718203647,0.016399215794054265,0.49382084935335574,0.9272355090510213,0.8717679598678167,0.7331155091355321,0.07465494470001924,0.1691589966788891,0.7471965852849826,0.5417561383404166,0.41616841078438366,0.239129740182403,0.7841663005738244,0.33926884942340263,0.40437386963961713,0.3374017519078147,0.1166304193183983,0.1307191577532086,0.02691277173113956,0.058201769941826714
A_1mgkg,22.5,0.8015361277613636,0.12472970660968671,0.0027094045053307884,0.1581690018586765,0.8417253621418638,0.9449301117238983,0.32668710982826177,0.01636379101491781,0.49444479192537444,0.9275273033375143,0.8720297255682476,0.7337137954305988,0.07455221156382182,0.16908724855412285,0.7472769520559777,0.5418617861782488,0.41569477913292574,0.2386984315212512,0.7793536111244473,0.3389040130647817,0.40411284645337237,0.3371593890501483,0.11705930093007391,0.1337054981647021,0.027504627725537956,0.059436262985312
A_1mgkg,23.0,0.8020464373200982,0.12430119513843484,0.0027101170330111994,0.15811408962856963,0.8417802965296811,0.9449644194375857,0.3259794476641557,0.016328337506575558,0.4950678043712619,0.9278336116628015,0.8722904241983563,0.734307933909448,0.0744522123548386,0.16901744160196266,0.7473548210384409,0.5419641697685099,0.41522428251483945,0.2382715158621278,0.7745844474756397,0.33853936627001435,0.4038538614054881,0.3369189796690161,0.11751882603131536,0.1366619020802942,0.028091769476345164,0.06066188096772053
A_1mgkg,23.5,0.8026254869673436,0.12381159504529415,0.0027107764606772657,0.15805830031301277,0.8418361096449283,0.9449995405331015,0.3252984261675932,0.016293684598755118,0.49567925161870047,0.9281179818206228,0.8725457913470548,0.7348921964549244,0.07435145630121262,0.16894687079122286,0.7474339357893326,0.5420682165759511,0.41476199105173306,0.23784990567355885,0.7698582227201806,0.33818130134816515,0.4035968853630375,0.3366804043127999,0.11800956676115208,0.13958879673151575,0.0286742480585278,0.061878732489775566
A_1mgkg,24.0,0.8031387137380738,0.12339699058242051,0.0027115223587707406,0.15800441420435052,0.8418900151775109,0.945032954189199,0.32460856729370446,0.016259070629810028,0.49628846337919535,0.9284165282942527,0.872799567889571,0.7354710745328393,0.0742536719646301,0.16887841341405668,0.7475103550600068,0.5421687354437011,0.4143037900965517,0.2374336064367116,0.7651743788909924,0.33782416526340336,0.40334253268378994,0.33644433036118165,0.11853234709396912,0.14248661255484998,0.02925212252731303,0.06308688602684435
A_1mgkg,24.5,0.8037186364298735,0.12292149773429754,0.002712212487340586,0.15794979337874532,0.8419446572652429,0.9450671853905597,0.3239459588954489,0.0162253047037221,0.4968851600338079,0.9286932368085951,0.8730476571023886,0.7360391828555441,0.07415536292402646,0.16880936568177923,0.747587818935138,0.5422706518854321,0.4138544814669959,0.23702331947761654,0.7605323181931045,0.3374741721782192,0.4030906664105206,0.3362105376451748,0.11908762743242617,0.14535578712712352,0.029825444640016303,0.06428645003975607
A_1mgkg,25.0,0.8042315958157464,0.12252043305726738,0.0027129851564235167,0.15789716054063407,0.8419973075015896,0.9450997057838092,0.32327526516474303,0.016191618752436975,0.4974788072539576,0.9289838821191722,0.8732938479605308,0.7366011752090827,0.0740601641194852,0.16874253483766263,0.7476624678733985,0.5423688797336064,0.41340982107596114,0.2366188874671118,0.7559314780821254,0.3371255717098798,0.40284179957359006,0.33597959793707627,0.1196761239616864,0.1481967558908352,0.030394273521137508,0.06547749250590255
A_1mgkg,25.5,0.8048095970628321,0.12205859350107208,0.0027136996255709886,0.15784388727934956,0.8420506000836865,0.9451330553387634,0.3226320433279177,0.016158805830933234,0.49805940568005314,0.9292528678112327,0.8735341770346232,0.7371519305718136,0.07396458717706078,0.16867522770097962,0.7477380279678412,0.5424683287214556,0.4129744040959263,0.23622085746945184,0.7513712614009863,0.33678444116986556,0.4025957174076129,0.3357512184957462,0.1202981964412208,0.15100995691925512,0.030958660728635894,0.0666601209511232
A_1mgkg,26.0,0.8053197913381225,0.1216705990357707,0.002714493008495195,0.1577926467598646,0.8421018564801882,0.9451646943360326,0.32198115360067425,0.016126094675201208,0.4986364979694392,0.9295356232636545,0.8737724543433485,0.7376962003388302,0.07387218795478226,0.1686101912105644,0.7478107100929723,0.5425640028861778,0.4125439081900168,0.23582895832950124,0.7468511105637712,0.3364449660973245,0.4023528575237321,0.3355258999119831,0.12095446325381247,0.15379582251013926,0.03151866472942313,0.06783440219666699
A_1mgkg,26.5,0.805893659668876,0.12122191576309024,0.0027152260257432823,0.1577408248413193,0.8421536962472269,0.9451971760096162,0.32135769032311806,0.01609426543284614,0.4992003080443313,0.9297969420081093,0.8740048226512881,0.7382290665424628,0.07377949532285503,0.16854474858094717,0.7478842197539263,0.5426607873246906,0.4121227703019956,0.2354436262234467,0.7423704372607988,0.33611311764628093,0.4021129496421004,0.3353032978785132,0.12164519264684477,0.1565547842927009,0.032074336241607035,0.06900044220489392
A_1mgkg,27.0,0.806399139495424,0.12084647159630231,0.002716034644221753,0.1576910513587934,0.842203484478709,0.945227951470684,0.32072674493793096,0.01606254628063122,0.4997604083276446,0.9300719116441303,0.8742350932789557,0.7387553311526867,0.07368999708971945,0.16848159454159667,0.7479548293776308,0.5427537648514508,0.41170662745002085,0.2350645120653876,0.7379286945495782,0.33578304485640337,0.4018763761405731,0.3350838606871607,0.12237091270166459,0.15928726642978913,0.032625732664576294,0.07015830635605706
A_1mgkg,27.5,0.8069671847480498,0.12041038558566866,0.0027167810267760004,0.15764073051599903,0.8422538220256464,0.9452595864642497,0.3201229931422517,0.016031706832172414,0.5003072026398645,0.9303257023995469,0.8744594954391517,0.7392702342578837,0.07360024677494795,0.16841807376297638,0.7480262181219719,0.5428477882801295,0.4112997936086314,0.2346919734895611,0.733525307806357,0.3354606363168004,0.4016428287868021,0.3348672089161617,0.12313180733450513,0.16199368992103697,0.03317290351816699,0.07130809875443912
A_1mgkg,28.0,0.8074664535525553,0.1200469421773069,0.0027176000247129306,0.15759245362089588,0.8423021128248188,0.9452895211192774,0.3195117861980539,0.01600097646291296,0.5008502604437486,0.9305930583464068,0.8746818270643736,0.7397785926395778,0.07351367275220445,0.16835683455590955,0.748094713257275,0.5429380104100812,0.41089789373813507,0.2343256109727952,0.7291597463099029,0.33514002338707133,0.40141264968384793,0.33465375267987657,0.12392832168710048,0.16467446628368515,0.03371590466073267,0.07244988274567964
A_1mgkg,28.5,0.8080273745199051,0.11962289462845639,0.0027183552026838575,0.15754364569027937,0.8423509365578944,0.9453203336964351,0.3189274187459663,0.015971116105307194,0.5013801319296537,0.9308395113196227,0.8748983888669878,0.7402757711281364,0.07342685780271278,0.16829524624527023,0.7481639640854354,0.5430292470969806,0.4105051451263442,0.23396572694598525,0.7248314519910313,0.3348270302420555,0.4011855054986369,0.33444308947141727,0.12476056082313007,0.1673300033818615,0.03425478420643857,0.07358376042066891
A_1mgkg,29.0,0.8085192928147732,0.11927090303830903,0.0027191803364202856,0.1574968634472772,0.842397732070868,0.9453494526672495,0.3183355157038107,0.015941357489680442,0.5019063615402056,0.9310994674777139,0.8751129558116628,0.7407665770902158,0.07334317770858165,0.16823591546028835,0.7482303471962672,0.5431167139078695,0.41011717986283397,0.2336118907925013,0.720539912099155,0.3345157834842196,0.40096170883491766,0.3342356013911161,0.1256288919767856,0.1699606984660282,0.03478959636603501,0.07470979306878194
A_1mgkg,29.5,0.8090721115056686,0.11885834046434121,0.0027199403443788324,0.1574495542202405,0.8424450563898034,0.9453794683913194,0.31777002122995357,0.015912454235583313,0.5024196209928242,0.931338805339518,0.8753218889051336,0.7412464754378756,0.07325924739404333,0.16817623809782775,0.748297479920579,0.5432051868685918,0.409738137972748,0.23326436666957318,0.7162845873618705,0.3342120561298332,0.40074091057383526,0.33403087156661454,0.12653334659378102,0.17256694442193743,0.03532038766455658,0.0758280805516356
A_1mgkg,30.0,0.8095558286927987,0.11851726415114056,0.0027207679495254372,0.15740424317873178,0.8424903802057878,0.9454077987412641,0.31719684311795654,0.015883641441903216,0.5029294112713142,0.9315915999738771,0.8755289332746627,0.7417202468998592,0.07317839525321963,0.16811878310439032,0.7483617838094746,0.5432899387548967,0.40936367281791625,0.2329227067802163,0.712064984323976,0.3339099814221499,0.4005234025148206,0.33382926220366277,0.12747421854257984,0.17514912309225517,0.035847210565665644,0.07693868201810343
A_1mgkg,30.5,0.8100998197250683,0.11811565633691576,0.0027215293701879075,0.15735840101379095,0.8425362368783172,0.9454370442339205,0.316649601380389,0.01585566641085857,0.5034265071261109,0.9318240608536358,0.8757305012562491,0.742183436602917,0.07309727040285023,0.1680609740218879,0.7484268428223343,0.5433757037355109,0.4089978622466979,0.23258715052470205,0.7078805833891848,0.3336152907914002,0.4003088268771521,0.33363034875259734,0.12845146999082577,0.1777076116358664,0.036370109939405516,0.07804169503554373
A_1mgkg,31.0,0.8105747200105418,0.1177849767885868,0.0027223563235768537,0.15731452402129775,0.8425801262569051,0.9454646133595793,0.3160944847457168,0.01582776808225674,0.5039203562229477,0.9320699447048509,0.8759303043703968,0.7426407878858777,0.07301915829044094,0.16800534540835332,0.7484891196843924,0.5434578068925697,0.40863638969407956,0.23225724250593968,0.7037309108934204,0.3333221302640805,0.40009746053317435,0.33343447908364926,0.1294653255118786,0.18024277605669742,0.03688913646860971,0.07913717658127307
A_1mgkg,31.5,0.8111093761974836,0.11739380726155185,0.002723116285858607,0.15727010656311455,0.8426245577351137,0.9454931161869515,0.31556480661724073,0.015800688098026674,0.5044018241073984,0.9322957810646517,0.8761248007221307,0.7430879143333227,0.0729407429005781,0.16794934886031024,0.7485521645438046,0.5435409398768172,0.40828328012351356,0.23193320496777414,0.6996154671537952,0.33303619579766947,0.39988894124732455,0.33324122492247277,0.1305156817467694,0.18275497758906473,0.03740433335232006,0.08022522190482065
A_1mgkg,32.0,0.8115750218045247,0.11707303978183267,0.0027239399597713586,0.15722761761075416,0.8426670587657481,0.9455199507166749,0.3150270442853435,0.015773669739958758,0.5048802962746075,0.9325350078705903,0.8763176649815998,0.7435295134909733,0.07286526944806362,0.16789548647140576,0.7486124791146014,0.5436204772777586,0.4079342535660421,0.23161458180546055,0.6955337982825813,0.3327516519898975,0.39968353516995114,0.33305092372749145,0.1316026975020175,0.1852445663970425,0.037915749496676414,0.08130588582370009
A_1mgkg,32.5,0.8120999856336852,0.11669183548813336,0.0027246960365636657,0.15718457564315827,0.8427101143258429,0.9455477371514701,0.3145142185978757,0.01574744967082423,0.5053467168289317,0.932754467459428,0.8765053959070217,0.7439612565308846,0.07278945758799017,0.16784123856759808,0.7486735790631157,0.5437010673000803,0.4075932905517988,0.23130158528005357,0.6914854245140906,0.3324741659201469,0.39948088017735706,0.3328631477072641,0.13272620752932998,0.18771188782053796,0.038423426422743885,0.08237926124262836
A_1mgkg,33.0,0.8125560923326461,0.11638051815620841,0.0027255142305304355,0.15714342390615627,0.8427512778918784,0.9455738635166218,0.31399309229670763,0.015721275635064112,0.5058104057705521,0.9329872868731998,0.8766916298338269,0.744387790116781,0.07271651498172316,0.16778907658768122,0.7487320029040541,0.5437781311545147,0.4072561518754818,0.2309937635590444,0.6874699108524054,0.3321979230337249,0.3992812345630333,0.3326782266670641,0.1338863080254694,0.1901572768376896,0.03892741134949694,0.08344540096040866
A_1mgkg,33.5,0.8130711600694277,0.11600881347305621,0.002726264415854969,0.15710170485087668,0.8427930101683813,0.9456009602978112,0.3134964030628832,0.01569587965076553,0.5062623793697093,0.9332006147500396,0.8768729034152642,0.7448048375771711,0.07264319673775949,0.16773650948192168,0.7487912319994882,0.5438562737809665,0.406926777909516,0.23069132208444348,0.6834867967019596,0.3319285644833855,0.399084238249588,0.33249573511410985,0.13508277515871542,0.1925810634847381,0.039427744188693714,0.08450439562460912
A_1mgkg,34.0,0.8135175555377238,0.11570651972369703,0.002727075337504803,0.15706183756377742,0.8428328890561083,0.9456264045013464,0.31299119463882613,0.01567051409331095,0.5067118887797716,0.9334272762788322,0.8770528142709639,0.7452169923780556,0.07257267538336426,0.16768598001285787,0.7488478393771161,0.5439309601451252,0.4066009718034857,0.23039381630249794,0.6795356662748011,0.3316602993011545,0.3988901442614238,0.33231599758409164,0.1363156463114466,0.19498356743763595,0.039924470418867944,0.08555629586869552
A_1mgkg,34.5,0.8140226046778042,0.1153439016667404,0.0027278179887404758,0.15702138784870898,0.8428733516631927,0.9456528357466923,0.3125099385342087,0.01564590664769059,0.5071500167652392,0.9336347099719075,0.877227933319251,0.7456200227913601,0.07250174073444612,0.16763502474263725,0.748905273106506,0.5440067530296813,0.4062826391514509,0.23010144878698613,0.6756160772110716,0.33139874512646117,0.39869859602573604,0.3321385922722777,0.1375846419223969,0.1973651041728927,0.04041762842560489,0.0866011901904317
A_1mgkg,35.0,0.8144592113537907,0.11505023176119215,0.002728620167880207,0.15698275163893777,0.842911999276462,0.9456776222328774,0.3120199524931759,0.015621314406408137,0.5075859439253024,0.9338554496891339,0.8774018198215937,0.7460184689440615,0.07243353175812395,0.1675860592497578,0.7489601392312033,0.5440791593322059,0.40596762605916975,0.22981378340234623,0.6717276316940073,0.33113813633935113,0.3985098428098603,0.331963839853414,0.13888974342979304,0.1997259790113183,0.040907262063005684,0.08763912723166982
A_1mgkg,35.5,0.8149542100227022,0.11469630742084912,0.00272935394998124,0.15694351781149976,0.8429512456819799,0.9457034123306787,0.3115534502908112,0.015597460995469208,0.5080108145907904,0.9340572169634508,0.8775710769721891,0.7464081403765604,0.07236487250288327,0.16753664742343438,0.7490158528883009,0.5441527001151322,0.40565980598012413,0.229531021764082,0.667869905211021,0.3308840694245889,0.3983235329265957,0.33179132347175366,0.1402306190560202,0.20206649326520315,0.04139340820834324,0.08867019331543348
A_1mgkg,36.0,0.815381025544053,0.114410887241285,0.0027301462132835754,0.15690606027869525,0.8429887144379552,0.9457275649879283,0.3110780160381605,0.01557360808039588,0.508433740353282,0.934272263048832,0.8777392262110056,0.7467935234702543,0.07229887015499219,0.16748917881749203,0.7490690516027282,0.5442229221718883,0.40535506812601285,0.22925273768691648,0.6640425167109877,0.3306308035887462,0.39813991274503424,0.3316213607897108,0.1416071972031965,0.20438693883942147,0.04187610920307987,0.08969443524651177
A_1mgkg,36.5,0.8158660070492263,0.11406529042790017,0.002730870079349316,0.15686799038949117,0.8430267966104745,0.9457527369763216,0.31062561296798047,0.015550475366800506,0.5088459245890926,0.9344685851602171,0.8779029018705509,0.7471704674097231,0.07223238202428434,0.16744124395292742,0.7491231184115348,0.5442943058920406,0.4050572550208586,0.22897913214791984,0.66024505851385,0.3303839150351574,0.3979586356865262,0.3314535401056175,0.1430190969865898,0.20668760370203765,0.042355400504237854,0.09071193727987538
A_1mgkg,37.0,0.8162830899830456,0.11378776813192464,0.002731651502529431,0.15683166050172825,0.8430631375526407,0.9457762785891328,0.31016409063013006,0.015527329168084586,0.5092564088991799,0.9346781543216401,0.87806558773095,0.7475434046897833,0.0721684843207579,0.16739520702778266,0.7491747216493683,0.5443624371551883,0.40476229916904133,0.22870978952737922,0.6564771662112185,0.33013768905094976,0.3977799459258854,0.33128817671342936,0.14446619733821076,0.2089687665618404,0.04283132292742973,0.0917227442995123
A_1mgkg,37.5,0.8167581445081867,0.1134501511994302,0.0027323646324259577,0.1567947043539128,0.843100105707322,0.9458008547644674,0.30972516441873066,0.015504885349568218,0.5096564537479638,0.9348692410184429,0.8782239480792349,0.7479082217112538,0.07210406741154758,0.16734868498997166,0.7492272123910355,0.5444317557646488,0.4044740138120131,0.22844491156734087,0.6527384479220043,0.3298976821864011,0.39760350283685925,0.3311248648335861,0.1459480711383782,0.21123070287345436,0.043303910599466554,0.09272693860507573
A_1mgkg,38.0,0.8171655853830871,0.11318021168528987,0.0027331345170726546,0.1567594534396602,0.8431353675177883,0.9458238063284458,0.3092769429135215,0.015482414743373422,0.5100550326212135,0.9350735428478719,0.8783814303444756,0.7482692990505984,0.0720421775476116,0.1673040175062489,0.7492772887806215,0.5444978854497527,0.4041883730763686,0.2281840926935726,0.6490285546629025,0.32965820518747946,0.3974295484760156,0.3309639174907167,0.1474645507632419,0.21347367909711226,0.04377320292240266,0.09372456331758341
A_1mgkg,38.5,0.8176308323249198,0.1128502597445096,0.0027338362797288936,0.1567235627666588,0.8431712699262901,0.9458478075362223,0.3088509054551266,0.01546062962429155,0.5104434594591175,0.9352595914270102,0.8785347272614809,0.7486225585403576,0.07197973650153512,0.16725884677733874,0.7493282715027129,0.5445652274580274,0.4039091625711867,0.22792753534323415,0.6453471096976189,0.32942479665906393,0.3972577481013075,0.3308049347422911,0.14901516619507907,0.21569795874930592,0.04423923273896821,0.094715698814108
A_1mgkg,39.0,0.818028768440806,0.11258759705038884,0.0027345940922232762,0.1566893441061739,0.8432054993273731,0.945870189942706,0.308415409859049,0.015438805220004178,0.5108306411186523,0.9354588219696865,0.8786872507115158,0.7489723291255838,0.07191976227455095,0.16721548920134752,0.7493768869187896,0.5446294412911074,0.4036323976026579,0.2276748450531224,0.6416937786337396,0.3291917925128376,0.39708834257918685,0.3306482281981002,0.15059970644877382,0.21790379672757526,0.044702038107110285,0.09570038653157607
A_1mgkg,39.5,0.8184843610827901,0.11226501226589376,0.002735284031768714,0.15665447334939747,0.8432403815543768,0.9458936363250668,0.3080017028206762,0.01541765022978185,0.5112079443475436,0.9356400230370389,0.8788357213699246,0.7493145674294156,0.07185920736974652,0.16717161169726555,0.7494264258693466,0.5446948902991496,0.4033618364750611,0.22742622490082304,0.6380681990652936,0.32896471322853016,0.39692100301925487,0.3304934037342474,0.1522176618311084,0.2200914452895495,0.04516165065206859,0.09667870499308999
A_1mgkg,40.0,0.8188729524196658,0.11200934378658947,0.0027360293958915913,0.15662124267404406,0.8432736228213997,0.9459154690812277,0.3075783891003887,0.015396444184698151,0.5115842111149452,0.9358343692670557,0.8789835165997291,0.7496535527126812,0.07180106177960456,0.1671295075805342,0.7494736427578306,0.5447572695719396,0.4030935342027615,0.22718129049966018,0.6344700503933136,0.3287379192678122,0.39675596853073336,0.33034077104882753,0.1538687811445792,0.22226114842856676,0.04561810715385859,0.09765069402426221
A_1mgkg,40.5,0.8193190621722157,0.11169385148671813,0.002736707182819231,0.1565873484770567,0.843307528238887,0.9459383789128993,0.307176489077963,0.0153758923575825,0.5119508585512839,0.936010899694604,0.8791273838127953,0.7499852743093401,0.0717423081278017,0.16708686798831976,0.7495217991229665,0.5448209052108752,0.4028312231133555,0.2269402464322264,0.6308989837726519,0.32851691410508727,0.39659291659390566,0.33018994226616744,0.15555251820612195,0.22441314777928992,0.046071438082483235,0.09861643036557541
A_1mgkg,41.0,0.8196984852835921,0.11144491545185048,0.0027374398496066085,0.15655506407650926,0.8433398230803595,0.9459596807802158,0.30676484353883926,0.015355278457443272,0.5123166655491094,0.9362005404744974,0.8792706673746397,0.750313964296363,0.07168590943930482,0.1670459642084295,0.74956767630904,0.5448815265576754,0.40257099636031973,0.2267027175870425,0.6273546916326632,0.32829608227469353,0.3964320848122597,0.33004122541204195,0.15726858482399633,0.2265476770592103,0.04652167900384458,0.0995759523042826
A_1mgkg,41.5,0.8201353063527028,0.11113625211189022,0.002738105281814045,0.1565221054920838,0.8433727926342299,0.9459820727418121,0.3063742539215685,0.015335304345196891,0.5126730994113092,0.9363725718095889,0.8794101408990815,0.7506356444739448,0.0716288771127044,0.1670045104558393,0.7496145078393834,0.5449434240712414,0.40231656034602387,0.22646890928744776,0.6238368379602678,0.3280809097369239,0.3962731561693876,0.32989423808331125,0.15901640151914956,0.22866496788758836,0.04696885929243736,0.10052933485970711
A_1mgkg,42.0,0.8205057548881952,0.1108938000478541,0.0027388251044478235,0.1564907277728216,0.8434041806480123,0.9460028614157406,0.3059737930466055,0.01531525782331722,0.5130288773539856,0.9365576753978667,0.8795491164206252,0.7509545003437587,0.0715741481093948,0.16696475657788576,0.749659101192595,0.5450023602926769,0.4020640455050431,0.2262384559709986,0.6203451275078609,0.32786580476673544,0.39611636695962754,0.3297492868003542,0.16079564626012216,0.2307652442834002,0.047413013359001124,0.10147661484973841
A_1mgkg,42.5,0.8209334908212046,0.1105917202221298,0.0027394780766948077,0.15645866620165197,0.8434362529423985,0.9460247528596905,0.3055940450342042,0.015295837395924761,0.5133755158108598,0.9367253708170598,0.8796843933803619,0.7512665858957122,0.07151876197777755,0.16692443951389185,0.7497046623549546,0.5450625906522414,0.4018171326834335,0.22601156344822834,0.6168792364129294,0.32765623610516725,0.39596140576446115,0.3296059946994507,0.16260570946489028,0.23284872841395965,0.04785416953821757,0.10241786563489427
A_1mgkg,43.0,0.8212951668960378,0.110355519791415,0.0027401849934744473,0.15642815774085345,0.843466771555848,0.9460450451266854,0.30520431290570776,0.015276334886233022,0.5137216717059553,0.9369060968147277,0.8798192522612149,0.7515760414151686,0.07146562993096496,0.16688578788239522,0.749748024692558,0.5451199105985544,0.40157198847117215,0.2257878750884511,0.6134388810802,0.3274466353349575,0.39580850724682676,0.32946466651815737,0.16444623842980519,0.23491563514886818,0.048292361141780926,0.10335312262915172
A_1mgkg,43.5,0.8217140258899083,0.11005979516241506,0.0027408254629790046,0.15639695661033712,0.8434979831734788,0.9460664520134695,0.3048349683534254,0.015257445561085646,0.5140589086318175,0.9370696073636844,0.8799505173674593,0.7518789514537443,0.071411819139854,0.16684656093241393,0.7497923671196317,0.5451785410939687,0.40133226925352966,0.22556759783155433,0.6100237491482841,0.32724245486578285,0.3956573660082161,0.3293249312854112,0.1663165966666406,0.2369661777362557,0.04872761551752139,0.10428245759793946
A_1mgkg,44.0,0.8220671346190139,0.10982963074556201,0.0027415194843923444,0.1563672823364129,0.8435276674571273,0.9460862639448331,0.3044555343175425,0.015238465087879908,0.5143958257767568,0.9372461090039127,0.8800814391777126,0.752179413637588,0.07136021597781932,0.1668089669051623,0.7498345479318091,0.5452343093109764,0.4010941760043537,0.22535038306134397,0.60663356803945,0.32703814848751406,0.3955082149990862,0.3291870919023358,0.1682164039803433,0.2390005624161723,0.049159964931962,0.10520590461241636
A_1mgkg,44.5,0.8224773327198639,0.10954004297595013,0.0027421474826095898,0.15633690716731155,0.8435580528735431,0.946107202392365,0.30409617732724886,0.015220085545563542,0.5147240333493901,0.9374055812320682,0.8802088664054988,0.7524735431198435,0.07130791386832722,0.1667707862836072,0.7498777202696216,0.5452914034036865,0.4008613406404713,0.22513643786866,0.6032680362922709,0.3268391521179168,0.3953607539692994,0.32905078249447106,0.1701450000842871,0.24101899401516674,0.04958943579548151,0.10612353389708166
A_1mgkg,45.0,0.8228220884427837,0.10931570544394535,0.002742828671925572,0.1563080337928837,0.8435869361195653,0.9461265494008215,0.30372663621361123,0.015201606359716529,0.5150520741364115,0.9375780024802438,0.8803360200024359,0.7527653950332422,0.07125777526428399,0.16673420749473486,0.749918766553899,0.545345681194169,0.40062999799825727,0.2249254222254024,0.5999268917626808,0.3266399413837472,0.3952152144502019,0.32891630438576913,0.17210198038020946,0.24302167061805058,0.050016059378834216,0.10703537824043555
A_1mgkg,45.5,0.8232238424234638,0.10903204953543529,0.0027434442819269968,0.1562784521688444,0.8436165277649962,0.9461470339674058,0.3033768743287004,0.015183716441151313,0.515371604463643,0.9377335752412945,0.8804597727943846,0.7530511149032375,0.07120691929130095,0.16669703186780033,0.7499608145947055,0.5454012985818397,0.4004037557084855,0.22471754313920198,0.596609843327123,0.32644593564950203,0.39507130127852075,0.3287832967348252,0.17408666387524385,0.2450087890921403,0.05043986120143434,0.10794150637930347
A_1mgkg,46.0,0.823560456362415,0.10881334543804078,0.0027441127507404285,0.1562503482850785,0.8436446413780849,0.9461659308706936,0.3030168425468872,0.015165718954007642,0.5156911114323293,0.9379020541883416,0.8805833172475723,0.7533347175800653,0.07115818467527678,0.1666614284048851,0.750000770677603,0.5454541438106651,0.4001788811026714,0.22451246791111099,0.593316638729894,0.3262516324916157,0.3949292443281485,0.3286520590569241,0.1760986245737299,0.24698053980987061,0.05086087158404707,0.1088419498761894
A_1mgkg,46.5,0.8239539801307353,0.10853543011390247,0.002744716083530588,0.15622152937600314,0.843673470081929,0.9461859757329947,0.3026763079525427,0.01514829973173466,0.5160022960145619,0.9380538571373241,0.8807035492111702,0.7536123770391305,0.07110871561785616,0.16662521863141186,0.750041737939879,0.5455083412961222,0.39995895868997433,0.22431040423047469,0.5900469966545775,0.32606243522422995,0.3947887536620125,0.3285222356594636,0.1781371638164765,0.24893711211256167,0.05127911519883256,0.10973677603402932
A_1mgkg,47.0,0.824282666792963,0.10832217243613096,0.0027453719786731563,0.1561941654591924,0.8437008435888739,0.9462044366930251,0.30232542335852974,0.015130765472719137,0.5163135924201234,0.9382185253299146,0.8808236339087893,0.7538880695373907,0.07106132815477298,0.16659055292500083,0.7500806455128883,0.5455598083780315,0.39974028696231634,0.2241110264714365,0.5868006742105868,0.3258728619803869,0.39465005751596816,0.32839412429918524,0.18020183723695532,0.2508786890862269,0.05169462146187175,0.11062601524131564
A_1mgkg,47.5,0.8246681794666296,0.10804981020250448,0.0027459631985962784,0.15616608039352156,0.8437289382287277,0.9462240558114392,0.30199376343436424,0.015113798935821626,0.5166167463438714,0.9383666867339656,0.8809404901755999,0.75415799818915,0.07101319053719557,0.16655527226035644,0.7501205727738309,0.5456126391727671,0.39952642688948076,0.22391454185490967,0.5835773994051888,0.3256882995732257,0.39451287037870597,0.3282673736958802,0.18229193140712782,0.2528054529450236,0.05210741423832835,0.11150973341146096
A_1mgkg,48.0,0.8249891473207831,0.10784182567351332,0.0027466066964143493,0.15613942832250532,0.8437555997552592,0.946242093996986,0.3016516831755968,0.015096710352975414,0.516920139581998,0.9385276687586005,0.8810572564283498,0.7544261014544208,0.07096709629619523,0.1665215085219595,0.7501584715590839,0.5456627799689081,0.39931370735661886,0.22372063144602194,0.580376938248491,0.3255032868524757,0.39437741867825166,0.3281422796700989,0.18440698639919534,0.254717579863642,0.052517522078864974,0.1123879598090033
A_1mgkg,48.5,0.8253668573217962,0.1075748460896965,0.0027471859720400358,0.15611204947228158,0.8437829879629785,0.9462612999790386,0.3013285690059308,0.01508017954548681,0.5172155603842168,0.9386723056806321,0.8811708735763274,0.7546886100332335,0.07092023733088125,0.16648712186167622,0.7501973978414734,0.5457142950252248,0.39910566696781186,0.22352950267005864,0.577199027610427,0.3253231952729141,0.3942434218920956,0.328018495835957,0.18654627687326136,0.2566152453015314,0.052924968079463904,0.11326075900857842
A_1mgkg,49.0,0.8256803163959152,0.10737196556607825,0.002747817267083812,0.15608608277653221,0.8438089639780763,0.9462789285265292,0.3009949688655768,0.01506352012692004,0.5175113401497746,0.9388297209432968,0.8812844542675873,0.7549494259867967,0.07087538561689813,0.16645422646427507,0.7502343252171494,0.5457631583651661,0.3988986640142616,0.22334084313397706,0.5740434419408663,0.32514258349585584,0.39411110484046047,0.3278963162901253,0.18870933020188893,0.25849861889446313,0.053329779965402425,0.11412815919926902
A_1mgkg,49.5,0.8260504366607611,0.10711019892619074,0.002748384802233989,0.15605938426802773,0.8438356716322424,0.9462977341659444,0.3006800850934079,0.015047408947343624,0.5177993101656622,0.9389709493800175,0.8813949613314682,0.7552048078195163,0.07082975583943145,0.1664207009042855,0.7502722870724714,0.5458134054104642,0.39869621451465637,0.22315485973597043,0.570909926542936,0.3249668068281067,0.3939801912048719,0.3277753988403721,0.1908954118773413,0.2603678697004414,0.05373198009973488,0.11499022365688871
A_1mgkg,50.0,0.8263565891071873,0.10691226558342701,0.002749004110155401,0.15603407779935552,0.8438609872888557,0.946314965183981,0.30035465698554403,0.015031162956476836,0.5180877524971476,0.9391249118180383,0.8815054823293716,0.7554586224802589,0.07078609862245099,0.16638864184301025,0.7503082785722943,0.5458610377102683,0.3984947051042975,0.22297124596218243,0.5677982638983212,0.3247904434778499,0.3938509038683342,0.327656035544579,0.1931040391892606,0.26222316114560096,0.054131595417384014,0.11584697953869502
A_5mgkg,0.0,0.907788566755719,0.05483583659888906,0.0019424333375859507,0.10624475794935453,0.8936792830593551,0.9488443531040935,0.05532421567651024,0.0027662107838256306,0.9478332343743369,0.9706824976755449,0.9587311669340081,0.9434762263857877,0.019207165151719992,0.10698710078055201,0.823740734122731,0.6514931718351542,0.2020573377794273,0.06646093080292503,1.0,0.1276715596243397,0.20340504148499772,0.16072694904848975,0.054619798580026115,0.0,0.0,0.0
A_5mgkg,0.5,0.8989525519092864,0.06348942901475155,0.0020028701407650367,0.11714253665906689,0.8825520380694486,0.9490683310768112,0.13230053930306743,0.004517839714288969,0.8191850635545006,0.9691433389668338,0.9495326549085941,0.923083996412061,0.026487258695617674,0.12194837747994823,0.8066200351186609,0.6264922554023064,0.22434099345750808,0.08590143703016598,0.9997448643334835,0.154439869406818,0.2160156731944364,0.1708724814098275,0.05511134192524931,6.66583981475258e-05,6.696603887088352e-05,0.00012151122949771862
A_5mgkg,1.0,0.883193002041854,0.07850173787185953,0.0021378468242765126,0.1286092269139412,0.8711383651059599,0.948195926763346,0.17647539215663757,0.006958704751436856,0.7308601345009266,0.9635105425746389,0.9374018854710564,0.8933260088564497,0.03617815986891335,0.13465383698607158,0.7896610619810722,0.6010418091141044,0.2593354218515243,0.11291697904945128,0.9989292351165776,0.20048407424522718,0.2583542618994262,0.20590170470692537,0.05914874293426206,0.0002792911755043379,0.0001803166996221112,0.0006111570082956495
A_5mgkg,1.5,0.8691032945263079,0.09132530231430991,0.00227728984918762,0.1365221043539479,0.8632735764213154,0.9472708067773687,0.2073874397462465,0.008933661637293267,0.6700873775852914,0.9562723551430199,0.9260232701289407,0.8650874299720213,0.044297363308657474,0.14354965605557837,0.7781560150975333,0.5843297932886176,0.2910643419164264,0.13693272198751635,0.9973757766729342,0.2373737901357798,0.3011026805484451,0.24268258437373486,0.06694161236239594,0.000783634585893756,0.00039902419025720506,0.0014415645509144
A_5mgkg,2.0,0.8578399903825527,0.10098783598391252,0.0023952069789488365,0.141936519808649,0.8578908548276643,0.9465742661139646,0.23092721686262221,0.010444901729885077,0.6276993270111062,0.9497016434542487,0.9162225974972472,0.8408028456695951,0.05064337444967827,0.14974368541197552,0.7703587731018156,0.5732799624817301,0.3170252335520631,0.15669068303818864,0.995071173843102,0.26296849174619313,0.3314010258877074,0.2697193717365644,0.0758028521413807,0.0016859031002037605,0.0007401168700171407,0.002502806186676861
A_5mgkg,2.5,0.8496764987613138,0.10736527917511159,0.002486713249250913,0.14572212365654302,0.8541253078900539,0.9461169629899173,0.24940773998167756,0.01161363445554732,0.59739330608129,0.944456764377648,0.9081160696326092,0.8208298151595619,0.05551410072507214,0.15414349145027187,0.7649386936050466,0.5657310430325597,0.3374348721165043,0.17247842683296197,0.9920892511817261,0.28071350064072825,0.351113095311258,0.2877464849311148,0.08377664641575162,0.0030168534398758683,0.0011818090034964098,0.0037120863749016517
A_5mgkg,3.0,0.843460099288058,0.11173759248124876,0.0025558349526491504,0.14845667663024514,0.8514036801360707,0.9458333546972604,0.2638233276541382,0.012523126537528354,0.5752543339402385,0.9407133893624656,0.9015501581704135,0.8047303474496562,0.05927476670173195,0.1573611151030496,0.7610380654218887,0.5603649116151211,0.35326545810293664,0.18498515474889027,0.9885400714571424,0.293382323067583,0.36416532767223553,0.29983374084094033,0.09020405258812873,0.00474883555830687,0.0016958022661155093,0.005015290718435381
A_5mgkg,3.5,0.8392264176318889,0.11413770147772005,0.00260719943881408,0.15047789173975587,0.849391162490139,0.945681011741802,0.27510267444956893,0.013234169371326515,0.5587872628030804,0.9380948961376002,0.8962799068953214,0.7918666358053412,0.06219450169544761,0.15976239101907944,0.7581626650503782,0.5564440247553518,0.365522123605032,0.19486920342807004,0.9845345297672393,0.30268783446961306,0.37317411233073733,0.30822207712644617,0.09512426473576578,0.006826570633807089,0.002260343332986335,0.00637855626596723
A_5mgkg,4.0,0.8359571220647757,0.1156472222131218,0.002646027118396748,0.1520058544716333,0.8478693523301127,0.9456106404089977,0.28370198051295153,0.013784060329815601,0.546467735293345,0.9364885986420648,0.8921042206034346,0.7816915369257861,0.06448140617451056,0.16158824138190175,0.7559934856527087,0.5535050755704424,0.3749800688626761,0.20264856391929326,0.9801720333597039,0.3095935549749106,0.3796046969992633,0.3142262979052533,0.0988063651095764,0.009187821315754251,0.0028604124612240343,0.007779732863317799
A_5mgkg,4.5,0.8339645371687573,0.11597500286565794,0.0026752516733038216,0.15316317116818068,0.8467165841962101,0.9456064262157068,0.2902671658696804,0.014207315432980669,0.5372123854485605,0.9355029104142664,0.8888247909331815,0.7737158785012489,0.06626143908595289,0.1629776505414975,0.7543533923156313,0.5512932580564333,0.3822566843160678,0.20872636542741896,0.9755366119365871,0.3147525011779644,0.3842784746351957,0.31859890626132986,0.10153588340899862,0.011773405913718815,0.003485457302276637,0.009204524847417078
A_5mgkg,5.0,0.8324088139020003,0.11599200944638621,0.0026980621071877597,0.15404907435091228,0.8458341544644298,0.9456388443634095,0.2950330438827522,0.01452471715275121,0.5303410086854468,0.9351192053028584,0.8863048624169395,0.7675741129361068,0.06764870788083478,0.1640423296981243,0.7530998162494597,0.5496083731337655,0.3877864320590054,0.2134136506489853,0.9706982317199752,0.3185560366519879,0.3876937787014887,0.32180074397949787,0.10355221476392812,0.014531031426427187,0.00412787515430538,0.01064286169929202
A_5mgkg,5.5,0.8317571947427197,0.11522990614471047,0.0027156356644578404,0.15471443099767435,0.8451715253788623,0.9457070541717029,0.2984786312020168,0.014759350171053048,0.5252881099416923,0.9350415561506777,0.8844007046323602,0.7629285426340812,0.06870572648012394,0.16484312465935266,0.7521596955290717,0.5483476620804647,0.39193521393622127,0.21696240054739643,0.9657138491489446,0.321332170440162,0.3901705696893841,0.32412780308129546,0.10503671812704647,0.01741623485629547,0.00478195549972192,0.012087960495038004
A_5mgkg,6.0,0.8312620893099705,0.11445206093443261,0.002729875666021295,0.1552157234022833,0.8446724066526093,0.9457901719749079,0.3007047797403809,0.014923381162954174,0.5217079987549271,0.935331281604784,0.8830213103656234,0.759535598979678,0.06950652720339211,0.165444452044599,0.751452359614563,0.5474005073285393,0.39495555238490365,0.21957445648726315,0.9606299835008353,0.32327361243488123,0.3919322500963503,0.3257877847511167,0.10612448429115112,0.02039199281373152,0.005443390267590995,0.013534633417842131
A_5mgkg,6.5,0.831459224723229,0.11311134888374264,0.002741055070074869,0.15557586195989034,0.8443140315041398,0.9458942755241383,0.30208346289943466,0.015033214655463397,0.5192597273471753,0.9357554468398916,0.8820597654079269,0.7571543881762054,0.07008467977678501,0.16587567779958295,0.7509450583711283,0.5467215574827802,0.3970818094843799,0.22141933833184013,0.9554839378063299,0.32457700527277694,0.39313638449980753,0.32692671882314955,0.10691279351683453,0.02342792611050439,0.006108814892771073,0.014979321190394777
A_5mgkg,7.0,0.8316509706003369,0.11191366772480428,0.002750442805033618,0.155832664242576,0.8440586658230698,0.9460020252047253,0.3026351935342645,0.015095853621141934,0.5177536782261645,0.9364151513124137,0.8814555591745393,0.7556198232691173,0.0704938325672149,0.16617990469053215,0.7505840183961388,0.5462382305041379,0.3984691047569737,0.22263528619026143,0.9503059498889947,0.3253455222399108,0.39390326221005906,0.3276570209008307,0.10747407337856499,0.0264993233872545,0.006775649330198586,0.016419077393552
A_5mgkg,7.5,0.8324014167311476,0.11027889916917147,0.0027578980280438597,0.15599599001113368,0.8438965233934346,0.946122975450195,0.30266119052337487,0.015123518650737718,0.5169623553679382,0.9371138275321843,0.8811276436996005,0.7547560455044505,0.07075190830793346,0.1663713938558128,0.7503552049105582,0.54593129979684,0.3992775614008276,0.22334062746575783,0.9451199494120716,0.32571077460445924,0.394321970746821,0.3280613623655163,0.10786052542196611,0.029586292314571556,0.007441838773053396,0.017851919500303574
A_5mgkg,8.0,0.8330457615219057,0.10887642207159309,0.002764377564957544,0.15609386795828112,0.8437996187986763,0.9462413004546121,0.30213251218441306,0.01511998623315139,0.5167787392045666,0.9379698901679707,0.8810368073030439,0.7544513005787689,0.07090017426886826,0.1664817834593856,0.7502188814231008,0.5457476250720068,0.3996053773548411,0.22363220766474048,0.939945185136802,0.3257291858399627,0.3944649859645484,0.3282078401205602,0.10811249064782628,0.03267293281011243,0.008105814423769177,0.019276067629316326
A_5mgkg,8.5,0.834157828723046,0.10711461120230742,0.0027695555725866378,0.1561292455253816,0.8437650451909122,0.9463685138710278,0.30130045236050723,0.015094711322914144,0.5170400190920444,0.9388097459371902,0.8811210261489967,0.7545757573905012,0.07094704633127429,0.16651714561544464,0.7501708701793526,0.5456815172229201,0.3995666880588391,0.22359368272304148,0.9347965666932058,0.325495889705576,0.39438733413185767,0.32814749106153174,0.10825942513105703,0.03574670689772376,0.008766318029400779,0.020690408379670316
A_5mgkg,9.0,0.8350982935326487,0.10563566771489509,0.0027742223211488573,0.1561242418462319,0.8437707114510636,0.9464894568421419,0.30010439635424785,0.015049351359905408,0.5176875122110947,0.9397582412437351,0.8813564444221805,0.7550553995131501,0.07092534060228839,0.16650205997018633,0.7501798699877141,0.5456913036395158,0.39922359810154895,0.22329307656324668,0.9296859205827155,0.32504018521473704,0.39413601719319696,0.32792469848928657,0.10832537298388736,0.03879782773278874,0.009422413860254936,0.02209383782424135
A_5mgkg,9.5,0.8364414724564088,0.10384721091148619,0.0027779703083425263,0.15607779042570333,0.8438177060415035,0.9466168583040727,0.29875833605308955,0.01499142384397744,0.5185991845044928,0.940658143567572,0.8816954065767318,0.7557941457421046,0.07083725802702381,0.16643774138646641,0.7502473966048571,0.5457790137436545,0.3986594498103182,0.22278930807377376,0.924622051079619,0.32443453662410365,0.3937469270321442,0.3275726594686641,0.10832803334827451,0.04181882385976728,0.010073354344971848,0.02348577071564209
A_5mgkg,10.0,0.8375697663009151,0.10236909934871352,0.002781489411733792,0.15600802854149132,0.8438879146297602,0.946735846539675,0.2971809278954386,0.014921131293996161,0.5197470201290335,0.9416353872263504,0.8821252777543288,0.7567453340776827,0.0707094127614348,0.16634394961816923,0.7503478120895407,0.5459105578359783,0.397911995682417,0.22212954518507202,0.9196117632035374,0.32369106235219297,0.39325187342330836,0.3271215610871071,0.1082827630452257,0.044804092908833526,0.010718615754725812,0.024865528132903606
A_5mgkg,10.5,0.8390531166878507,0.10061387350698092,0.0027843377101653497,0.15591139452171454,0.8439849085557057,0.9468599560430021,0.29555737108330726,0.014844575921307767,0.5210367328165789,0.9425454528323639,0.8826093372537982,0.7578380500387578,0.07053977191687819,0.16621882214188163,0.750486155265697,0.5460926977167703,0.3970428400216835,0.221354599521108,0.9146597409297174,0.322866944764493,0.392674855071072,0.32659348040198033,0.1082007770490941,0.04774960394083237,0.011357786627039599,0.026232868502411
A_5mgkg,11.0,0.8402932319135239,0.099182064909455,0.00278713636759288,0.15580313009144706,0.8440934682375378,0.9469744205030494,0.29379293109340016,0.014760939169851819,0.5224608543963273,0.943512609568421,0.883143098537439,0.7590455488458996,0.07035022647433184,0.1660785913319526,0.7506408968685906,0.5462967869964476,0.39607271552470136,0.2204963389409073,0.9097694239206191,0.3219627221097362,0.39203776470667967,0.32600931280538753,0.10809242787191789,0.05065256697595925,0.011990615039576253,0.027587394063845694
A_5mgkg,11.5,0.8418530298212318,0.0974942017299692,0.0027894313763317563,0.15567806331072506,0.8442187660606548,0.947093332887499,0.2920503106310369,0.014675269891632235,0.5239448898838212,0.9444027467305974,0.883698097200649,0.7603156568557434,0.07013583225115563,0.16591937604418605,0.7508193408863824,0.5465326161631053,0.39504748607989887,0.21958228234954263,0.9049427613013062,0.3210247238041952,0.3913566348136198,0.3253836759145897,0.10796504680851542,0.053511232301052265,0.01261691134355625,0.028929095054085616
A_5mgkg,12.0,0.8431516206648637,0.0961337109057433,0.0027917918827517,0.15554923915612842,0.844347780125102,0.94720193817522,0.290226640259059,0.014586036113300182,0.5254954733035994,0.9453369882474014,0.8842756230564859,0.7616359283938745,0.06991484355100386,0.16575473179827593,0.7510030716914515,0.5467756383623443,0.3939758923594017,0.21863314833998826,0.9001809918289457,0.32004544047859995,0.3906464828247715,0.3247310141450161,0.10782585334518363,0.05632464346655972,0.01323660137650821,0.030257763327986485
A_5mgkg,12.5,0.844743468533079,0.0945307259121103,0.0027937629619123137,0.15541044787937067,0.8444867131218676,0.9473147286109629,0.28846702994613865,0.014497502499108994,0.5270525105097494,0.9461900006178079,0.8848533370184716,0.7629679407152202,0.06968035732301636,0.1655794568088351,0.7512008485227947,0.5470375905350126,0.3928923666086461,0.21766683399319822,0.895484307670762,0.31906331023475126,0.3899177739881559,0.32406073084537274,0.10767966781650076,0.05909250687900138,0.013849639232362746,0.03157354621787398
A_5mgkg,13.0,0.84606344764063,0.09325335562880163,0.0027958718904139354,0.15527303979400592,0.8446242394197275,0.947416910665684,0.28666433140104514,0.014407652263456945,0.5286322743418305,0.9470789736342732,0.8854364681714427,0.7643092256783783,0.06944783967732042,0.16540505021860977,0.7513966573390268,0.5472970783855864,0.3917973166450194,0.21669610063256967,0.8908525664745297,0.3180652221246952,0.3891806179633018,0.3233826636716336,0.10753161228219044,0.06181500758163233,0.014456063663740035,0.032876362280098034
A_5mgkg,13.5,0.8476568255929403,0.09174213041448777,0.0027976688668508603,0.15513016717131353,0.8447671933683553,0.9475232652840498,0.2849499287748548,0.014320171983024989,0.5301851614683194,0.9478861026985598,0.8860071259372188,0.7656312286512051,0.069209137786294,0.16522548324501066,0.7516001489004063,0.5475670383406614,0.3907169658704154,0.21573205148245464,0.8862848883406573,0.3170838594350142,0.38844153853165625,0.3227025271783667,0.1073847952590835,0.06449273031334103,0.015055918406140149,0.034166462939861836
A_5mgkg,14.0,0.848972790305374,0.09055133726114173,0.0027996463578065056,0.1549918695285552,0.8449055619528504,0.947618934515248,0.28321521303644925,0.014232732269026774,0.5317338399774375,0.9487242473384906,0.886573082663822,0.7669381653311188,0.06897760139298584,0.16505067638571136,0.751797167565251,0.54782851300305,0.3896461113379012,0.2147819352318227,0.8817803196263735,0.316102303884367,0.3877071288675467,0.3220268587887287,0.10724287744463613,0.06712652211704878,0.01564931009897234,0.035443848157605595
A_5mgkg,14.5,0.8505471130035184,0.08913216972832057,0.002801363252171951,0.1548509512422637,0.8450465220366624,0.9477189105330864,0.2815808512176717,0.014148599217132133,0.5332362760446528,0.9494821476151851,0.8871196111967817,0.7682083847540865,0.06874435574111337,0.16487413427851416,0.7519978473661941,0.5480950989183365,0.3886051944046177,0.21385221070495147,0.8773373775288608,0.31514908212672804,0.38698115156875806,0.3213587926331643,0.10710777126825838,0.06971745268572568,0.016236334849133092,0.03670883493628085
A_5mgkg,15.0,0.851842011018642,0.08802636079657053,0.0028032826598166968,0.15471644018112027,0.8451810741460147,0.9478082578901319,0.2799387624251246,0.014065258152400341,0.5347191568886606,0.9502681844324579,0.8876560023338429,0.7694503454973224,0.06852115920218482,0.16470457087703583,0.7521894681959945,0.5483497206653637,0.3875854094858672,0.21294644515579433,0.8729546801154755,0.31420480160446856,0.3862677120788091,0.3207025324578202,0.10698210515757771,0.072266711128247,0.016817136575286693,0.037961472180991135
A_5mgkg,15.5,0.8533837402769683,0.08669570665891582,0.00280497437376324,0.1545810028241151,0.8453165284616359,0.947902125195216,0.27840118707205985,0.01398567282061578,0.5361458385690671,0.9509768538341687,0.8881697397846401,0.7706471052084333,0.06829879789795029,0.1645352856917605,0.7523823520244148,0.548606244216551,0.38660321437961587,0.21206803728868787,0.8686304527111253,0.31329503059217434,0.385568690640722,0.3200594567872562,0.10686695492982182,0.07477559410500999,0.01739183860325134,0.03920211458061325
A_5mgkg,16.0,0.8546464168145258,0.08567046631136253,0.002806876527861615,0.15445288669987356,0.845444667745051,0.9479854943492422,0.2768619116884718,0.013907234748445761,0.5375453095441882,0.9517120656202154,0.8886709091597909,0.7718096182521013,0.06808783895374597,0.16437407275820173,0.7525648872932806,0.5488490474553431,0.3856476471246333,0.21121820126381388,0.86436313346996,0.31239888364491897,0.3848864740707993,0.31943215780517553,0.10676422359687038,0.07724542773108456,0.017960601825852265,0.040430836973103054
A_5mgkg,16.5,0.8561469480522702,0.08442276962459871,0.0028085711837005927,0.15432476827664296,0.8455727882990628,0.948073631726224,0.2754264522739712,0.013832691370939227,0.5388847196486161,0.9523734374195996,0.8891485226508621,0.7729240800404896,0.06787899619351785,0.16421421052633647,0.7527473759521935,0.5490919895169798,0.3847324799259115,0.21039840561023343,0.8601508526599682,0.311539853088397,0.3842217113458274,0.31882086875221893,0.10667441107029528,0.07967757475215306,0.018523560439529532,0.04164801214834996
A_5mgkg,17.0,0.8573703833519243,0.08347230026273021,0.0028104750683895117,0.15420429007292044,0.8456932797686342,0.9481514384484491,0.2739912988730993,0.013759403432038448,0.5401941554177888,0.9530605199012303,0.8896129723207544,0.7740027403097217,0.06768194205831102,0.1640627891375902,0.7529190670248216,0.5493205763406585,0.3838456010008105,0.20960843999502685,0.8559920213785043,0.31069626194099464,0.38357563703460223,0.31822710147063715,0.10659891925190723,0.08207337403026353,0.01908087941479907,0.04285372517643355
A_5mgkg,17.5,0.8588245429295879,0.08230115130317237,0.0028121832694511426,0.15408423793861312,0.8458133257902307,0.9482342694801588,0.2726564827064278,0.013689962721286654,0.5414434239180229,0.9536775386458913,0.890054325895964,0.7750338466045644,0.06748749478642488,0.1639131893863718,0.7530901027223478,0.5495484733395681,0.38299900450221425,0.2088486189801169,0.8518847924319234,0.309890157568482,0.3829481395587743,0.317650384492779,0.10653786239006545,0.08443416018415775,0.01963269368421652,0.044048353699702614
A_5mgkg,18.0,0.8600045766746199,0.08141919251780547,0.002814093973564377,0.15397177904873408,0.8459257931745335,0.9483069494615722,0.27132166866533525,0.013621740559519513,0.54266290106329,0.9543198559731432,0.8904829687184878,0.7760301556526523,0.06730464586514445,0.16377195615254433,0.753250409108958,0.5497620735784151,0.3821801001069126,0.20811793177082744,0.8478276376495679,0.30909955393399197,0.38233970637605963,0.3170915288631791,0.10649230426218878,0.08676121497068075,0.02017916456252546,0.04523198281722625
A_5mgkg,18.5,0.8614095322300269,0.08031805864814576,0.002815815580128662,0.15385987096659867,0.8460376910591975,0.9483849010978246,0.27008229621779195,0.013557214773653521,0.5438242631172553,0.9548958852509631,0.8908897055383534,0.7769812413377339,0.06712442729827162,0.16363265004662597,0.7534098810589883,0.5499747304636003,0.3813997190559629,0.2074160522339167,0.8438187972175827,0.308345492293853,0.3817497950702454,0.3165496664358087,0.106462110181501,0.08905579448403433,0.020720421825123535,0.046404986473259656
A_5mgkg,19.0,0.8625439662169907,0.07949843026743567,0.00281773000937747,0.1537552996487965,0.8461422692265601,0.9484528807169693,0.26884142097015346,0.013493792949789678,0.5449576568004874,0.9554970051480435,0.8912847255170193,0.7778998737207315,0.0669553006176722,0.1635013850388309,0.7535589883182878,0.5501735490235549,0.3806452209320506,0.20674157276633473,0.8398568485550982,0.30760599626608826,0.38117842732590884,0.3160251706909221,0.10644812178058412,0.09131908884146829,0.021256618914793426,0.0475674436886401
A_5mgkg,19.5,0.8638985084127021,0.07846103021820534,0.002819458927752438,0.1536512296496833,0.8462463274448807,0.9485263625656823,0.26769052673770366,0.0134338666010609,0.5460360999545804,0.9560354720728902,0.8916593627140686,0.7787764858624727,0.06678857289085366,0.16337194546034967,0.7537073289129911,0.5503715027502177,0.379926675318678,0.206093850339626,0.8359401498628338,0.3069013939883994,0.3806248506746563,0.31551698274622064,0.1064500510759486,0.09355225310955141,0.021787877411705837,0.048719719615908826
A_5mgkg,20.0,0.864986498478616,0.07769791089383565,0.002821369768741806,0.1535541329554351,0.846343431116754,0.9485900435494745,0.2665361092417312,0.013374894387508836,0.5470891974702039,0.9565988973976289,0.8920235049042181,0.7796235712320657,0.06663228058678693,0.16325009554263473,0.7538458208354678,0.5505562833552323,0.3792316493156241,0.2054713307344931,0.8320674035291975,0.3062099190262744,0.3800888092546663,0.31502521439929076,0.10646859785138485,0.09575637202511336,0.022314340803258025,0.04986188364243116
A_5mgkg,20.5,0.8662904948488149,0.07671844809891247,0.002823097182446864,0.15345739840645867,0.8464401537178067,0.9486594357344709,0.2654661532674629,0.013319199522703247,0.5480909627034357,0.9571030938900513,0.8923688815825588,0.780432126872602,0.06647803586566303,0.1631298647111826,0.753983741195528,0.5507404502150257,0.37856970724751654,0.20487325310532192,0.8282370957295914,0.3055513773344206,0.37956948460635775,0.31454875008353256,0.10650338565714645,0.09793249365299546,0.02283612122258648,0.050994289394826656
A_5mgkg,21.0,0.8673321095752317,0.07600652207659923,0.00282499551356487,0.1533672311493515,0.846530329018019,0.948719186529596,0.2643905376003427,0.013264299017438369,0.5490702907507959,0.9576321218145595,0.8927050300674181,0.7812142176905646,0.06633352155158087,0.16301672393629396,0.754112389232389,0.550912193915026,0.37792876365717665,0.20429805717425478,0.8244480564553642,0.3049043270148327,0.3790664619362513,0.3140875507773562,0.10655502587066283,0.10008159677851874,0.023353351621534173,0.052116995144582755
A_5mgkg,21.5,0.8685861699644138,0.07507974381708682,0.0028267119283070094,0.15327724824367636,0.8466203005288313,0.9487848361356034,0.2633940867997293,0.013212459437608315,0.5500019688417784,0.9581051013842483,0.8930239916920162,0.7819612283624215,0.06619066259940842,0.16290495321364573,0.7542407157889721,0.5510836507431278,0.37731803324533,0.2037449778205908,0.8206988984632204,0.30428817270753133,0.37857894351160687,0.3136405246651688,0.10662309562466475,0.10220462538821076,0.023866134456695436,0.05323034169187381
A_5mgkg,22.0,0.8695820980634019,0.07441423783654495,0.0028285887970695713,0.1531934225292552,0.8467041357570572,0.9488409906681343,0.2623899420060441,0.013161258802940955,0.5509141049519404,0.9586027555928542,0.8933349371422202,0.782684724632446,0.06605683892261126,0.16279977093774323,0.7543603522610905,0.5512434458302486,0.3767258461269575,0.2032125285043615,0.8169885737741776,0.30368185750111276,0.37810643036773234,0.3132075516436313,0.10670815229556344,0.10430245808695845,0.024374592326246846,0.054334375812617505
A_5mgkg,22.5,0.8707873226136429,0.07353545097405076,0.0028302852437315264,0.15310959546103178,0.8467879522922492,0.9489032105682924,0.2614600237741431,0.013112914411570116,0.5517821215009607,0.9590472958321158,0.8936301676937923,0.7833763762803413,0.06592428322901425,0.16269570364240796,0.7544799288356534,0.5514032981896017,0.37616115918404425,0.2026999970357547,0.813315813988424,0.30310445821863896,0.37764819472651645,0.3127876091741141,0.1068097528060287,0.10637594243526909,0.024878818398084097,0.055429425178222864
A_5mgkg,23.0,0.871738671248392,0.07291211850258136,0.0028321325540467015,0.15303153235536018,0.8468660264788872,0.9489560693599136,0.2605205852525542,0.013065065160347642,0.5526333192499253,0.9595163089916432,0.8939184914460842,0.7840472317143714,0.06580010784393005,0.16259774616088007,0.7545913737404415,0.5515522213942814,0.3756127399141856,0.20220600774557476,0.8096796834347431,0.3025353280942788,0.37720369653742797,0.3123805362562415,0.10692842168301142,0.1084258656635945,0.02537892552321864,0.056515525378443635
A_5mgkg,23.5,0.872896483269048,0.07207715719170998,0.0028338012090003317,0.15295329093705798,0.846944258298392,0.9490151402079183,0.2596508440248213,0.013019883774576187,0.5534436701124206,0.9599349069013074,0.8941924373009307,0.7846891882490861,0.06567684125507631,0.16250066218750395,0.7547030082099919,0.551701531304902,0.375089339363303,0.20172992769533735,0.8060790221252887,0.301993259478145,0.3767723030513294,0.31198540264818825,0.10706371104195966,0.11045298839764735,0.025874998264484125,0.05759299121257968
A_5mgkg,24.0,0.8738046351902826,0.07149223922574897,0.002835612141516147,0.15288044743516352,0.8470171143792486,0.9490649725790736,0.2587700021991465,0.012975068299624675,0.5542396812356103,0.9603777289438855,0.8944604657155468,0.7853127881178429,0.0655613537075202,0.16240924438073884,0.754807030968394,0.5518405957035071,0.37458015754088686,0.20127050419881246,0.8025129954628301,0.30145801936027816,0.37635345632965433,0.3116020280950867,0.10721612487258035,0.11245801624973965,0.026367140522119175,0.058661847765310825
A_5mgkg,24.5,0.8749166640060391,0.07069741614868504,0.0028372465774084954,0.152807265383989,0.8470902877116135,0.9491211456839915,0.25795473966288784,0.012932749976604261,0.5549978207677008,0.9607726159646712,0.89471531271006,0.7859101254662534,0.06544645388470945,0.16231848141564126,0.754911469289325,0.5519803460173062,0.37409376766774544,0.200827191074597,0.7989805407399511,0.3009481406768702,0.37594662858288513,0.31122958359370634,0.10738521881519288,0.1144416326888698,0.026855429051082798,0.0597223975200955
A_5mgkg,25.0,0.8757831771847049,0.07014759080261072,0.002839015713170937,0.15273914620763598,0.8471584208172864,0.9491681926969386,0.2571270437882543,0.012890683459593405,0.5557438339412599,0.9611914345739778,0.8949651110462943,0.7864912622244096,0.0653387892079023,0.1622329801377051,0.7550087719664025,0.5521104777699924,0.37361978333990664,0.20039885739360896,0.7954809131592474,0.30044379549895295,0.3755512551678015,0.31086788008552785,0.1075714829794568,0.11640447128269392,0.02733995964917565,0.060774655908882154
A_5mgkg,25.5,0.876851181510917,0.06938963705595136,0.002840610924785906,0.15267054791944418,0.8472270111549345,0.9492216932899762,0.2563611965680996,0.012850960635647847,0.5564546513119627,0.9615646005640526,0.8952027903278867,0.7870484739759955,0.06523143170014632,0.16214794101879912,0.755106688514802,0.5522415584866409,0.3731666141755453,0.19998504104314627,0.7920131365311494,0.299963271602616,0.3751669143220203,0.31051619053121116,0.10777448045253703,0.1183471476048317,0.027820802071052638,0.061818913792965016
A_5mgkg,26.0,0.8776777134880251,0.06887197148221398,0.0028423342001602583,0.15260670857689648,0.8472908656033865,0.9492661705363719,0.25558181411315467,0.012811389888777629,0.5571552965178582,0.9619613671442016,0.8954361772417749,0.7875913746503025,0.06513082106628218,0.16206779801944873,0.7551979014245722,0.5523635902780788,0.3727242618150644,0.19958472473208372,0.7885765453069413,0.299487130888188,0.37479303864819746,0.3101743207981688,0.10799469062567175,0.12027023200836019,0.028298044835583527,0.06285517784911354
A_5mgkg,26.5,0.8787035119529858,0.06814799389437184,0.0028438864875540435,0.15254226915388847,0.8473552977136304,0.9493172001181281,0.25486090606222983,0.01277402544222437,0.5578231385480849,0.9623145823554667,0.8956583849847488,0.7881124134120928,0.06503027567395164,0.1619879501030879,0.7552898988975147,0.5524867978015858,0.3723009795267247,0.1991975230210614,0.785170239926207,0.29903342523271126,0.3744293088597661,0.30984164224712324,0.10823168532046429,0.1221742805539146,0.028771751460210916,0.06388372805966618
A_5mgkg,27.0,0.8794917798582924,0.06765988311476241,0.0028455610542782845,0.15248231439414778,0.8474152685708182,0.9493593016431667,0.254125563935521,0.012736726467698084,0.5584825221510948,0.9626910394355406,0.8958769557084205,0.7886207898155234,0.0649360405905908,0.16191266965342208,0.7553755826999728,0.5526014711511587,0.371887129490491,0.1988225218749054,0.781793624553027,0.2985830886237317,0.37407515582057116,0.309517956640247,0.10848593443032954,0.1240598082643695,0.029242003948982027,0.06490456323362025
A_5mgkg,27.5,0.8804772170812628,0.0669673073897566,0.00284706788432196,0.15242165706316754,0.8474759190998379,0.9494080413084832,0.25344563783719654,0.012701510734172,0.5591112392030014,0.963025886442489,0.8960851786344578,0.7891091231416635,0.06484166419437154,0.16183754105471612,0.7554621957237014,0.5527175126242626,0.3714908118552232,0.19845940291998498,0.7784458674429878,0.2981539411397154,0.37373035590322473,0.3092027272606591,0.10875701837355221,0.1259273190887673,0.02970886027850224,0.06591795318974153
A_5mgkg,28.0,0.8812289505296429,0.06650643957872575,0.00284869194321707,0.1523652367628023,0.847532356325862,0.9494479413250958,0.2527505573352787,0.012666285426724967,0.5597329973990036,0.9633835918268531,0.8962903316925013,0.7895862317105432,0.06475320743829281,0.16176668432412097,0.7555428472601745,0.5528254852132621,0.3711027219607768,0.19810734336418964,0.7751264340797233,0.29772727065370824,0.3733943363516659,0.3088957500568707,0.10904539753387886,0.1277772796021983,0.030172396623461273,0.0669238896946157
A_5mgkg,28.5,0.8821758628168411,0.06584297065755793,0.0028501517534869104,0.15230802784491623,0.8475895588330383,0.9494945541309201,0.25210811504417646,0.012633033047993247,0.5603259972512269,0.9637014846229888,0.8964858734532262,0.7900449023909124,0.06466443384714671,0.16169585747872306,0.7556245494634928,0.5529349876284269,0.3707308087511704,0.197766082735556,0.7718345528123219,0.29732066985534067,0.3730669625805383,0.3085965738670914,0.10935065999010425,0.12961014805962004,0.03063266603743204,0.06792263309062403
A_5mgkg,29.0,0.8828927831478224,0.06540728154879487,0.002851724371429154,0.1522548323087578,0.8476427719757744,0.9495324099331769,0.2514499496966444,0.012599706143919304,0.560913349218577,0.9640418349343239,0.896678836155465,0.7904936022660287,0.06458122997291209,0.16162903653008903,0.7557006083474999,0.5530368418295133,0.37036607566644913,0.19743487878899016,0.7685697431172602,0.29691576246414786,0.3727476561821215,0.30830498699753905,0.10967325616843705,0.13142634854692345,0.03108973947464778,0.06891416886116654
A_5mgkg,29.5,0.8838029821864777,0.06477086040125375,0.0028531363983202032,0.15220077645950128,0.8476968217053723,0.9495770433570808,0.25084189164972787,0.012568252999455961,0.5614736505218595,0.9643440413570804,0.8968628417558694,0.7909252840620605,0.06449756059439883,0.1615621420206937,0.755777819095677,0.5531403607199147,0.3700163217848566,0.19711351996267662,0.7653312867219225,0.296529916948749,0.37243636434801164,0.30802061694968613,0.11001278060095455,0.13322629916515621,0.031543665610145634,0.06989874850277344
A_5mgkg,30.0,0.8844867779658677,0.06435850449726245,0.002854657346977206,0.15215053157533337,0.8477470847459851,0.9496129971211474,0.25021766903301473,0.01253666906804133,0.5620294513636331,0.9646682932607189,0.8970446939159157,0.7913480914708919,0.06441914667918983,0.1614990136070257,0.7558496745472296,0.55323661249439,0.3696728350791094,0.1968013344474525,0.7621187507595096,0.29614507584295846,0.37213250067285875,0.30774324225115723,0.11036967305418556,0.13501038663033937,0.03199451071199794,0.07087635189815078
A_5mgkg,30.5,0.885362023896311,0.06374728717738723,0.0028560214651906133,0.15209936697957663,0.8477982434281489,0.9496557842115843,0.24964124113184497,0.012506869456770198,0.5625597340007741,0.9649559530742087,0.897218171958997,0.7917551404002596,0.06434014151991227,0.16143572404852802,0.7559227657149398,0.5533346407848991,0.3693432668398816,0.19649815198911055,0.7589314645262429,0.29577838684939195,0.37183608735802004,0.30747256264758493,0.1107435332215106,0.1367789936461966,0.03244231955178278,0.07184722227577552
A_5mgkg,31.0,0.8860143434770805,0.06335660218768387,0.002857491066154871,0.15205182954370497,0.8478457994618064,0.9496899651130746,0.2490483143428788,0.0124768902880941,0.5630865219638117,0.9652652391340946,0.8973898663487895,0.7921542760212658,0.06426610860650894,0.16137598369953507,0.7559907631835817,0.5534257483282582,0.3690191686406334,0.19620336237151212,0.7557690373301443,0.2954120957054893,0.3715465279718283,0.3072083450530865,0.11113478951050798,0.138532473957812,0.03288715417964799,0.0728113345323936
A_5mgkg,31.5,0.8868563491125467,0.06276891720942576,0.002858807652929469,0.15200332355335913,0.8478942996716033,0.9497310275038231,0.24850106049408097,0.01244861449204236,0.5635891712397472,0.965539381519031,0.8975537081606637,0.7925387746896907,0.06419137830390374,0.1613160083069588,0.7560600653114887,0.553518724406089,0.36870804602608626,0.19591682964366167,0.7526308411410998,0.29506313297046904,0.3712639136223182,0.30695035566210493,0.11154304560083944,0.14027117887838114,0.03332905586237346,0.07376892411814336
A_5mgkg,32.0,0.8874787800471072,0.06239841052809559,0.0028602266613202937,0.15195827731116596,0.8479393648628126,0.9497635525916814,0.2479370620876354,0.012420116705264746,0.5640892107061011,0.9658347276177627,0.8977160887479828,0.792916205645014,0.06412136411476231,0.16125938526769593,0.7561245120660948,0.5536050954793359,0.3684016948121815,0.1956379982423682,0.7495165224662993,0.2947140319741286,0.3709876354912475,0.3066983476698885,0.11196871775365666,0.14199543311114252,0.033768082872496295,0.07471996155005947
A_5mgkg,32.5,0.8882891909436721,0.06183274836762833,0.002861496480069337,0.15191222237551094,0.8479854140965157,0.9498030003706233,0.24741678409747736,0.012393248696310566,0.5645663587529757,0.9660962833678235,0.8978710853994178,0.7932800027356737,0.06405056267756093,0.16120246461317964,0.7561903201420387,0.5536934107630233,0.3681074773394684,0.1953667600866826,0.7464254914881229,0.2943815101540023,0.3707178476465454,0.3064521480900479,0.11241141245671717,0.14370556015917887,0.03420427334640326,0.07566467500629204
A_5mgkg,33.0,0.8888832653813462,0.061481064039653546,0.0028628659618193243,0.1518694741494501,0.8480281815423726,0.949833976809215,0.2468795924843296,0.012366121880528621,0.5650416753071239,0.9663786185110208,0.8980249022621691,0.7936374776965858,0.06398424483713512,0.16114871713427875,0.756251490729084,0.5537754099042502,0.3678174178830558,0.19510260702811094,0.743357428327341,0.2940483769666905,0.37045392865620036,0.3062114961668056,0.11287153353744334,0.14540185861402535,0.03463768207352492,0.07660303098510576
A_5mgkg,33.5,0.8896636583241473,0.06093605371575046,0.0028640900552514034,0.15182568476495784,0.8480719652559757,0.9498719107961167,0.24638431810985062,0.012340557738265786,0.56549523103201,0.9666284319888386,0.8981717575746083,0.7939822182854956,0.06391706412979604,0.16109461943150782,0.7563140684699088,0.5538594144958192,0.3675387383972842,0.1948454558534819,0.7403117774647753,0.29373113992852995,0.37019609049203295,0.305976274981751,0.11334868928829071,0.14708462728513255,0.03506834439258774,0.07753525085750111
A_5mgkg,34.0,0.8902308424861577,0.060601961306604266,0.0028654113142326525,0.15178506171626413,0.848112607731737,0.9499014363132476,0.24587202323455382,0.012314702682181804,0.5659476430531001,0.9668986021872507,0.8983176797619509,0.7943212969206143,0.06385415515590985,0.16104353117092665,0.7563722086104993,0.5539373681035282,0.3672636761628015,0.19459484003755445,0.7372882488214523,0.2934128717487717,0.36994369740775385,0.3057462083332942,0.11384327057563404,0.14875414161935743,0.03549631195651973,0.07846129760266685
A_5mgkg,34.5,0.8909827257561663,0.06007635102576055,0.0028665909363534345,0.15174337139473434,0.8481542923744212,0.9499379489393872,0.2453999749676962,0.01229034887619879,0.5663793230532631,0.9671374424468624,0.898457022746252,0.7946484513933735,0.06379031958013526,0.16099204842979079,0.7564317927634812,0.554017376446247,0.3669993160100376,0.19435069613805786,0.7342863180246615,0.2931098745937223,0.36969701482497025,0.30552123113092483,0.11435488673144699,0.15041067826931342,0.035921617565381196,0.07938138614064018
A_5mgkg,35.0,0.8915244176794394,0.059758730618265865,0.002867865440798909,0.1517047181843892,0.8481929651657132,0.9499661130718867,0.24491085207954855,0.012265676128313327,0.5668104685974711,0.9673962193257896,0.8985956493365587,0.7949705303172464,0.06373056195499696,0.1609434249659977,0.7564871233591834,0.5540915780819895,0.36673809484346176,0.1941125949240779,0.7313057217075788,0.29280547306892774,0.369455391823518,0.3053010509846818,0.11488391533709483,0.15205449196394716,0.03634431001200382,0.08029547631646644
A_5mgkg,35.5,0.8922492262503899,0.05925137699747097,0.0028690019809141493,0.15166497693169645,0.8482327007047362,0.9500012887312106,0.24446042565575216,0.01224244825894885,0.5672218209026499,0.9676247857240522,0.8987280437988996,0.7952814169059582,0.06366982408029465,0.1608943698086312,0.7565439272864325,0.5541678736688851,0.3664869642127703,0.1938804896328656,0.7283459637674019,0.29251576897938025,0.36921914356893204,0.30508565109410435,0.1154299660769908,0.15368583947221104,0.03676441979923058,0.08120377696115294
A_5mgkg,36.0,0.8927667551354728,0.05894920620455058,0.002870231308647899,0.1516281536437977,0.8482695436810036,0.9500281738156404,0.243992912010112,0.012218876948486642,0.5676331795714368,0.9678728758175051,0.8988599128807213,0.7955877504924177,0.06361298654951338,0.1608480360361513,0.75659664735233,0.5542385879243927,0.36623854832219416,0.19365398415918106,0.7254068048422241,0.292224328127678,0.3689876035879326,0.3048747225835436,0.11599340308593274,0.15530495692173904,0.037181993105280205,0.08210624513075328
A_5mgkg,36.5,0.8934658531008672,0.05845906011358173,0.002871326260378221,0.15159022606175224,0.8483074654903723,0.9500620904508678,0.24356265051689552,0.012196698540198937,0.5680256053173199,0.9680918106235158,0.8989858663024946,0.7958835557088246,0.06355512368319635,0.1608012393476196,0.7566508636930777,0.5543114268291286,0.36599966880695445,0.1934330452311421,0.7224877745864983,0.2919470559399243,0.3687611326077065,0.30466829302256365,0.11657383580971482,0.15691208317887378,0.03759705834846214,0.08300308388616255
A_5mgkg,37.0,0.8939604814658513,0.05817140125845681,0.002872512050620823,0.15155510602867237,0.8483426052811729,0.9500877722379053,0.24311532715574785,0.012174155289536536,0.5684185184037144,0.9683298604382986,0.8991114629341098,0.796175274839696,0.06350099756644309,0.16075703676145048,0.7567011534485094,0.5543788934046341,0.36576312662815796,0.1932173066034622,0.7195886552744458,0.29166775049668003,0.36853904846675883,0.3044660369438085,0.11717161479025866,0.15850743760946595,0.038009659308197594,0.08389424780788722
A_5mgkg,37.5,0.8946351604341848,0.05769749969314092,0.0028735669544683053,0.15151886937853049,0.8483788360823359,0.9501205014602367,0.24270390760571617,0.012152956921132586,0.5687932886587105,0.9685397508878075,0.8992314331618845,0.7964570693547934,0.06344580848426883,0.1607123452625972,0.7567529568782329,0.5544485079103976,0.36553561737331197,0.19300674642652346,0.7167090000939909,0.2914021254334984,0.36832175459901045,0.30426802356401084,0.11778634880094956,0.1600912429121314,0.0384198225066378,0.08477993448723647
A_5mgkg,38.0,0.8951080850322911,0.057423490591161,0.0028747108768731955,0.15148533779437987,0.8484123874609355,0.9501450497904775,0.24227548168813112,0.012131374995888643,0.5691689748691626,0.968768354788936,0.8993511957724409,0.7967351961493285,0.06339420517105139,0.1606701301996052,0.7568009797032602,0.5545129441946353,0.36531010877485287,0.19280102517249925,0.7138486108642971,0.29113420217615804,0.3681085529307234,0.30407391067282,0.11841837478065771,0.16166370331029403,0.03882758951789144,0.08566009630751367
A_5mgkg,38.5,0.895759569349668,0.05696494415641146,0.0028757272929888517,0.15145068053861593,0.8484470387791658,0.9501766576309937,0.24188169909548207,0.012111093473264509,0.5695272457826853,0.9689697394792556,0.8994655970776534,0.7970039488760772,0.06334150756379979,0.16062740461478464,0.7568505289966675,0.5545795455177873,0.3650931743324312,0.19260013055935948,0.7110070623380101,0.2908795071955262,0.3678998866819532,0.30388380636607615,0.11906730046627276,0.16322502686053048,0.03923298513509629,0.08653492566635951
A_5mgkg,39.0,0.8962119185238979,0.05670379438690443,0.0028768310242380255,0.15141863306736275,0.8484791060543391,0.9502001370384762,0.2414709890695783,0.01209041199644592,0.5698868156131849,0.9691894454974469,0.8995799231536412,0.7972694099232419,0.06329225610160523,0.16058704651151798,0.7568964334058504,0.5546411491928428,0.3648779393467279,0.19240374701744672,0.7081841740330308,0.2906222766628431,0.36769504190993374,0.30369735177729307,0.11973344924594183,0.1647754040686842,0.03963604890009357,0.08740437299818803
A_5mgkg,39.5,0.8968413647852862,0.05625978242707012,0.002877810521226221,0.1513854536122411,0.8485122794721637,0.9502306848755528,0.2410937401327238,0.012070989568190643,0.5702296424979953,0.9693828222071516,0.8996891318198678,0.7975260009175693,0.06324188436094869,0.16054616001372016,0.7569438732084336,0.5547049298327104,0.3646708588160146,0.19221186992302325,0.705379540529084,0.290377854195727,0.3674944985802692,0.3035146910217089,0.12041642749488148,0.16631502969036496,0.04003680402499528,0.08826862575555197
A_5mgkg,40.0,0.897274207065277,0.05601075979855559,0.002878875718122755,0.1513547949922256,0.8485429578839582,0.9502531549266273,0.2406996650589697,0.01205115285967294,0.5705741107300729,0.9695941346161501,0.8997983827626415,0.7977796387848695,0.06319482912312296,0.16050753966459558,0.7569877948344025,0.5547638814974554,0.3644652076740256,0.1920242057056163,0.7025929974094776,0.2901306834846977,0.36729752723087133,0.30333544891898123,0.121116545119192,0.1678440817652235,0.040435288173065506,0.08912763265222957
A_5mgkg,40.5,0.8978827081230845,0.055580521877074976,0.002879819840637658,0.15132300050815845,0.8485747462226316,0.950282699482682,0.24033794029442748,0.012032536701617445,0.5709024582649116,0.9697799613485723,0.899902741102772,0.798024868796005,0.06314663235811498,0.16046837638629977,0.7570332573427733,0.5548250174492626,0.3642673262634876,0.19184075612179674,0.6998241575211299,0.2898959299101763,0.36710464247605934,0.3031598036009141,0.12183340693752906,0.16936274293827247,0.04083152310828479,0.08998157643230889
A_5mgkg,41.0,0.8982970492399438,0.055342951788967656,0.0028808481305627803,0.15129364370995074,0.8486041227816177,0.9503042154491892,0.23995950770132574,0.012013493727074621,0.5712327540375598,0.9699833467961405,0.9000072462884796,0.7982674513385197,0.06310163152213884,0.16043138489477296,0.7570753201210861,0.5548814821876588,0.3640706315026975,0.19166124748277577,0.6970728710581846,0.2896582370467485,0.36691509933054484,0.30298736363205364,0.12256730953260377,0.17087117989774786,0.041225544754781046,0.09083040428928257
A_5mgkg,41.5,0.8988856358423044,0.05492578300964021,0.0028817583933934427,0.15126314919434852,0.84863461103921,0.9503328093108869,0.23961238000864876,0.011995635358518036,0.5715475066568119,0.9701620469085899,0.9001070666509251,0.7985020510657247,0.06305547193238252,0.16039383874121557,0.7571189264149406,0.5549401346977929,0.36388135274894506,0.19148568675267863,0.6943387677450961,0.2894325965026562,0.3667294448333838,0.3028183390467822,0.12331785599219952,0.1723695642325428,0.041617373546943746,0.09167429447541336
A_5mgkg,42.0,0.8992824242728864,0.05469904016079057,0.002882751360542994,0.15123501445872575,0.8486627654886395,0.9503534224943851,0.2392486773898919,0.01197733924048148,0.5718644826256809,0.9703579371341092,0.9002071269797908,0.7987342797752646,0.06301239585749899,0.16035837631622443,0.7571592439509461,0.5549942638862989,0.3636930420608929,0.1913138184422793,0.6916217110871509,0.28920384515739794,0.3665469188648536,0.3026523225446089,0.12408532975671324,0.17385805226826742,0.04200704379502198,0.09251319284955592
A_5mgkg,42.5,0.8998520682494436,0.054294285579258555,0.0028836292348217722,0.15120574189400626,0.8486920316788964,0.9503811145366609,0.23891529442045015,0.0119601941138209,0.5721664524185727,0.970529902001921,0.9003026949107346,0.7989589173226018,0.06296814729818341,0.16032234993896025,0.757201105179572,0.5550505810302389,0.36351182144069927,0.19114565378180648,0.6889213464357713,0.2889868051724111,0.36636809892523875,0.3024895541992374,0.12486933208208689,0.17533680547913505,0.0423945747106956,0.0933472733743938
A_5mgkg,43.0,0.9002321980982556,0.05407778915401326,0.0028845884144773704,0.15117875602051026,0.8487190372055416,0.9504008726653358,0.23856548067459274,0.011942601704551489,0.57247089258708,0.9707186976551616,0.9003985858677064,0.7991814344063581,0.06292687728374391,0.1602883249974125,0.757239781756341,0.5551025136695867,0.36333137165201357,0.19098095393685607,0.6862375494450127,0.28876650016778044,0.36619221009095776,0.30232961119285595,0.12567013349337175,0.17680597071120863,0.04277999910403249,0.09417648073974193
A_5mgkg,43.5,0.9007838152798129,0.05368483930980989,0.0028854353253486465,0.1511506336726164,0.8487471530602662,0.9504277083889665,0.23824505634533386,0.011926128770500817,0.5727608271032955,0.9708842904481275,0.9004901630874725,0.7993967221588961,0.06288442405224155,0.16025372889712833,0.7572800001368521,0.5551566316670892,0.36315771077524406,0.19081973346273334,0.6835699799712153,0.28855758701974554,0.3660198583389468,0.3021727617625156,0.12648733333863138,0.17826570016370594,0.04316333505997729,0.09500098480509761
A_5mgkg,44.0,0.9011481281425144,0.05347804977938992,0.002886362197804786,0.15112472928708515,0.848773077026483,0.9504466559240726,0.23790835489408205,0.011909200268796378,0.5730534539477237,0.9710663635675701,0.9005821374789659,0.7996101169679943,0.06284485110713323,0.1602210571551754,0.757317131754667,0.5552064957600088,0.36298464241897727,0.19066176888152064,0.6809185247752173,0.28834527016575107,0.36585025439484276,0.30201856802054144,0.12732118946759197,0.1797161319908737,0.043544613991126434,0.09582072924277843
A_5mgkg,44.5,0.9016825831279917,0.05309633481986559,0.0028871795186367825,0.15109769106319113,0.84880010863891,0.9504726777912148,0.23760016307389395,0.011893361635248626,0.5733320425903083,0.9712259216154384,0.9006699643272165,0.7998166173162962,0.06280408685581353,0.16018780887519912,0.7573558014871674,0.5552585401815308,0.3628180841722911,0.19050707741793854,0.6782828572043611,0.28814404521207104,0.36568403103080255,0.3018673247742443,0.1281712993003323,0.1811574098695903,0.043923852942493034,0.09663587998355117
A_5mgkg,45.0,0.9020318695824576,0.052898751607799506,0.0028880755066909443,0.15107280604523704,0.848825013155069,0.9504908560837706,0.23727585543192023,0.011877060248622343,0.573613523246297,0.9714016183131029,0.9007582546465066,0.8000214318317229,0.06276611071571474,0.16015641262001074,0.7573914766762615,0.5553064538074639,0.3626519568458177,0.19035544957753103,0.6756628741914981,0.28793929169161936,0.3655203849176316,0.3017185793760121,0.1290379082710909,0.18258966396815038,0.04430108202250803,0.09744637981783905
A_5mgkg,45.5,0.9025499767655516,0.05252773952447414,0.0028888645537958582,0.15104679092564752,0.8488510215445617,0.9505161037198029,0.23697922473799293,0.011861820899293567,0.5738814026488406,0.9715554549929262,0.9008425522158758,0.8002196622046698,0.06272693749010258,0.1601244360578863,0.7574286847412229,0.5553565406404996,0.36249208112727394,0.1902069049105742,0.6730582617437824,0.28774534833809107,0.36535997433869344,0.3015726519606469,0.12992061193152568,0.18401303006478037,0.044676317302950366,0.09825239088848238
A_5mgkg,46.0,0.902884981962859,0.05233889489891083,0.0028897310204995317,0.1510228679136254,0.8488749639667373,0.9505335512947743,0.23666664518422245,0.011846112560529197,0.5741523541456759,0.9717250975944765,0.9009273726057551,0.8004163955968351,0.06269046577611642,0.160094243511721,0.7574629852722556,0.5554026128859589,0.3623324896446902,0.19006124668928373,0.6704689259423441,0.2875477636767601,0.36520198198617926,0.3014290752521548,0.13081964348219793,0.18542763108375462,0.04504958769734733,0.09905385527654942
A_5mgkg,46.5,0.9033875040957973,0.0519780928304992,0.0028904930569828013,0.1509978193891739,0.8489000056409305,0.9505580615896609,0.23638095258386035,0.01183144000799377,0.5744101142718403,0.9718735051071158,0.9010083449952986,0.800606833694467,0.06265279307059156,0.16006346820739017,0.7574988122289222,0.5554508495956256,0.36217890903588557,0.18991849591094642,0.6678945645387796,0.2873607235355376,0.3650470899928736,0.3012881931315576,0.13173459660797776,0.18683359556073442,0.04542090838626981,0.09985093151421157
A_5mgkg,47.0,0.9037089321896336,0.051797547199404936,0.0028913313002562344,0.15097480526585833,0.8489230390794,0.9505748146866819,0.2360794841506038,0.011816293170701885,0.5746711077526844,0.972037393585707,0.9010898929878651,0.800795946505894,0.06261774043600431,0.16003441294253617,0.757531813828275,0.555495181521939,0.36202547987624967,0.18977846830503203,0.6653350923556459,0.2871699413553163,0.3648944683028739,0.30114952482636487,0.1326656928336448,0.18823103953728448,0.04579030711859152,0.10064356098847348
A_5mgkg,47.5,0.9041965953484069,0.051446486027988396,0.002892067528161892,0.1509506710762417,0.8489471663019558,0.9505986224170414,0.23580415238177962,0.011802157340332006,0.5749192944545014,0.9721806438856154,0.9011677283027557,0.8009790326266433,0.06258148473259639,0.1600047737306814,0.757566334202159,0.5555416675373985,0.36187783758526254,0.18964118588999088,0.6627902180321921,0.28698945319754837,0.36474482139426095,0.3010134365697984,0.13361252396248385,0.18962008491615834,0.04615779826178428,0.10143189878986046
A_5mgkg,48.0,0.9045051039841474,0.05127383363750786,0.002892878793373977,0.1509285167105029,0.8489693398815555,0.9506147147588493,0.2355132199795097,0.011787542660259926,0.5751708602516457,0.9723390599350423,0.9012461866574611,0.8011609508042737,0.06254777236143594,0.15997679428183917,0.7575981069229172,0.5555843526611346,0.3617302256266895,0.18950647548349156,0.6602598642651122,0.28680513189192247,0.36459730638272503,0.30087943406764517,0.13457530003892065,0.1910008414786197,0.046523408495124166,0.10221588576113907
A_5mgkg,48.5,0.904978588337849,0.05093207760840277,0.0028935903621897735,0.15090524832372784,0.8489926011860448,0.9506378523445226,0.23524771155964747,0.011773915561294016,0.5754099809283777,0.9724774074404038,0.9013210591390467,0.8013370928068881,0.06251285625853109,0.1599482306566442,0.7576313899280002,0.555629180358629,0.3615881914236874,0.18937435981622777,0.6577437499857562,0.28663086789100833,0.3644526488923644,0.30074790474363416,0.13555361112730185,0.19237342493443949,0.046887151419088356,0.10299567366071091
A_5mgkg,49.0,0.9052747989582328,0.050766936250547186,0.002894375831150376,0.1508839080162225,0.8490139606020743,0.9506533155353486,0.2349667808148019,0.01175980575292204,0.5756526118676409,0.9726306133480127,0.901396597062592,0.8015122108059523,0.062480411016914754,0.1599212698637645,0.7576619989442229,0.555670305704254,0.3614460772731591,0.18924467615439633,0.6552418051391968,0.2864526888677244,0.3643099938015543,0.30061834135390686,0.13654765612485112,0.1937379392712354,0.04724905270845585,0.10377120288110683
A_5mgkg,49.5,0.9057347450819065,0.05043407672401464,0.002895063831383144,0.15086146030733955,0.8490364011151585,0.9506758133999299,0.23471059612387102,0.011746661365397487,0.5758831379743792,0.9727642952328777,0.901468668059371,0.8016817864573003,0.06244676270622889,0.15989372559011145,0.7576941089444158,0.5557135610118038,0.3613093455066371,0.18911744772207364,0.6527537583143259,0.2862843434184666,0.3641700868912611,0.3004911515595177,0.13755702348345653,0.1950944944570551,0.047609125250617244,0.10454262197799659
A_5mgkg,50.0,0.9060192430150359,0.050276087987312826,0.0028958246287490393,0.1508408916292705,0.849056988793102,0.95069067710535,0.23443916873217055,0.01173303102343697,0.576117292463788,0.9729125368881641,0.9015414424224926,0.8018504699293447,0.062415516811967456,0.15986773037990512,0.7577236147749018,0.5557532074081567,0.3611724332601455,0.18899252151178442,0.6502795461335866,0.28611200932440123,0.36403206117629655,0.3003658155548803,0.13858190132135845,0.1964431891126165,0.04796739377644549,0.10530987097734662
