id,onset_years,diagnosis_DA,arm,DA_18mo,motor_18mo,loss_mito,loss_inflam,loss_proteo
0,3.818255238497574,0.6375167815728345,placebo,0.554216269665142,0.2131065757183962,0.0015804655597768662,0.026500472218969742,0.05521957412894685
0,3.818255238497574,0.6375167815728345,A_10,0.5617272399725088,0.20118768728456107,0.0008261645737085436,0.023331383195837843,0.05163199383077376
0,3.818255238497574,0.6375167815728345,A_30,0.568302911631853,0.19236870865314815,0.0005518265338136086,0.021050610868293,0.04761143253886198
0,3.818255238497574,0.6375167815728345,A_60,0.5723985274723412,0.18747603990008263,0.0004474338910035683,0.019809119485786713,0.04486170072371179
0,3.818255238497574,0.6375167815728345,B_10,0.5578677698744509,0.2070439663190437,0.0011159080408194928,0.024883494777302104,0.0536496088802697
0,3.818255238497574,0.6375167815728345,B_30,0.5626103760571677,0.19992401741484905,0.0007773280275089867,0.02300009475026491,0.05112898273789743
0,3.818255238497574,0.6375167815728345,B_60,0.5667829196354723,0.19429360127334946,0.0006004268260787962,0.021542530041921106,0.048590905069368764
1,1.9293877754665003,0.5815076339634223,placebo,0.440488364121537,0.31132027586680444,0.07449404326305446,0.02311565606948265,0.043409570509357696
1,1.9293877754665003,0.5815076339634223,A_10,0.47424694421332975,0.26685934883198525,0.05735246731070052,0.0190449372853975,0.030863285153983507
1,1.9293877754665003,0.5815076339634223,A_30,0.4922844255904734,0.24426249620272916,0.04962611709840911,0.01657767932402558,0.02301941195051648
1,1.9293877754665003,0.5815076339634223,A_60,0.5005611155495329,0.234243277623134,0.0462966776722811,0.015342315971159448,0.019307524770450803
1,1.9293877754665003,0.5815076339634223,B_10,0.4592610726475917,0.2862790510460729,0.06444723064314854,0.02092015899326676,0.0368791716794197
1,1.9293877754665003,0.5815076339634223,B_30,0.4771331371313177,0.26318290404615885,0.05606378636206675,0.018667647012730375,0.029643063457311516
1,1.9293877754665003,0.5815076339634223,B_60,0.4887313943332296,0.2486379991331178,0.05109183885388105,0.01708608383613265,0.02459831694017308
2,4.225233920337865,0.6432893303020736,placebo,0.566835066901608,0.19264225051915845,0.0020375924247537183,0.019129504202669352,0.05528716677304178
2,4.225233920337865,0.6432893303020736,A_10,0.5795862717239786,0.17761920743862342,0.001514445651461889,0.01648739825124068,0.045701214675404334
2,4.225233920337865,0.6432893303020736,A_30,0.5871545228253245,0.16983563499595952,0.001319025564892706,0.015099312031686303,0.03971646988016379
2,4.225233920337865,0.6432893303020736,A_60,0.5908112615976424,0.16634737051452267,0.0012398386302065168,0.014451797646347077,0.03678643242789114
2,4.225233920337865,0.6432893303020736,B_10,0.5736864303235117,0.18423352111684493,0.0017130714238406453,0.0176448274172036,0.05024500113750709
2,4.225233920337865,0.6432893303020736,B_30,0.5807627555029744,0.17635962439201774,0.0014805154620560418,0.01626587735309008,0.044780181983941826
2,4.225233920337865,0.6432893303020736,B_60,0.5856220645926522,0.17135118264312033,0.0013547329728310447,0.01537428222861293,0.040938250507977815
3,0.545304001777399,0.3571952070183274,placebo,0.1304118268605312,0.7036259699304027,0.1780492163516122,0.03398001839219709,0.014754145413984286
3,0.545304001777399,0.3571952070183274,A_10,0.13162710762469176,0.6988990620807384,0.17844936748795692,0.032323313819291065,0.014795418086391447
3,0.545304001777399,0.3571952070183274,A_30,0.19714698945274217,0.6108321427972571,0.1252542784130149,0.021415411727028873,0.013378527425544854
3,0.545304001777399,0.3571952070183274,A_60,0.22909952493672872,0.5730525088300327,0.09851890292753591,0.017361202127310703,0.012215577026747134
3,0.545304001777399,0.3571952070183274,B_10,0.13089387781561979,0.7016539903050822,0.17821764906232582,0.033312878851524834,0.014770801288860545
3,0.545304001777399,0.3571952070183274,B_30,0.13184778500461308,0.6981092431261838,0.17851015561883904,0.03203478731084145,0.01480247908403633
3,0.545304001777399,0.3571952070183274,B_60,0.17714057282976878,0.6330414005478935,0.1420424768246141,0.024198233620661643,0.013813923743283838
4,0.8978423700252232,0.4690964607006841,placebo,0.2575874947143822,0.5823501887171131,0.14115020735798237,0.040555820333123396,0.029802938295196233
4,0.8978423700252232,0.4690964607006841,A_10,0.25933161680514744,0.5730349933451772,0.14143559834820088,0.03845990532078975,0.029869340226553666
4,0.8978423700252232,0.4690964607006841,A_30,0.2610283160253,0.5664938115826328,0.14171112154615742,0.03641465478939561,0.029942368339844264
4,0.8978423700252232,0.4690964607006841,A_60,0.3060039187383111,0.49151351599703363,0.10301937867131927,0.029794979280757573,0.03027818401031097
4,0.8978423700252232,0.4690964607006841,B_10,0.2583124141939685,0.5779723818441987,0.14126665943463865,0.0396880183617355,0.029829368710347897
4,0.8978423700252232,0.4690964607006841,B_30,0.2595614118210061,0.5720764785952208,0.14147496717575914,0.03818110499183616,0.02987897671209303
4,0.8978423700252232,0.4690964607006841,B_60,0.26061810852886,0.5680376503289915,0.1416519487463887,0.036901499625848926,0.029924903799585928
5,13.404311287278562,0.6816128663531245,placebo,0.6549755425131968,0.11605648906868057,0.008722354206897251,0.008883037474687557,0.009031932158332683
5,13.404311287278562,0.6816128663531245,A_10,0.6619767008320954,0.10725314783465639,0.007486842097575776,0.007005280344873478,0.005144043078592574
5,13.404311287278562,0.6816128663531245,A_30,0.6643060606628696,0.1044029733767544,0.007072075049831481,0.006271450087072673,0.003963280553380856
5,13.404311287278562,0.6816128663531245,A_60,0.6652296267552096,0.10334472370551359,0.006906654330159967,0.005963497424749476,0.0035130878430230453
5,13.404311287278562,0.6816128663531245,B_10,0.6594815574928645,0.11040666545984167,0.007927992229024693,0.007726942116116993,0.00647637451512388
5,13.404311287278562,0.6816128663531245,B_30,0.6623883926175272,0.10673851103978255,0.007413775494755393,0.006879951886171053,0.004930746354685346
5,13.404311287278562,0.6816128663531245,B_60,0.6638869303422096,0.10490129584167031,0.007146960005910391,0.006407982521471571,0.004170993483570391
6,9.82328041445165,0.6750305573898631,placebo,0.6392920627485446,0.12043937090866415,0.027510330466260224,0.005005389892559419,0.003222774282521994
6,9.82328041445165,0.6750305573898631,A_10,0.6442236741580056,0.11300157075972518,0.02484333815821682,0.00402850401018642,0.0019350410634469256
6,9.82328041445165,0.6750305573898631,A_30,0.6467418541052943,0.10903970332806741,0.023464204310804405,0.0034592274540381435,0.0013652715197545367
6,9.82328041445165,0.6750305573898631,A_60,0.6478941892471535,0.10725502281336596,0.02282870226139681,0.0031813725389492854,0.0011262933423906714
6,9.82328041445165,0.6750305573898631,B_10,0.6420824965772115,0.11630429483414634,0.026006102244743673,0.00447372249213166,0.0024682360757870125
6,9.82328041445165,0.6750305573898631,B_30,0.6446294952801854,0.11236572336103068,0.024621967491934963,0.003940191897822523,0.0018389027199097916
6,9.82328041445165,0.6750305573898631,B_60,0.6462479587282733,0.10981611453045857,0.02373574137060499,0.003574938909628822,0.0014719183813676694
7,9.415219005840598,0.673967578499272,placebo,0.636780685813835,0.12916717573238576,0.00031214784063182183,0.022610141799437287,0.014264603045385396
7,9.415219005840598,0.673967578499272,A_10,0.6469827536306046,0.11844090305679168,0.0002673416565126484,0.018199599826280444,0.008517883385875709
7,9.415219005840598,0.673967578499272,A_30,0.6509092404290077,0.11450123864374172,0.00025092287036353373,0.016282103521457873,0.006525311678483532
7,9.415219005840598,0.673967578499272,A_60,0.6525311411752427,0.11296626779331038,0.00024422283097685904,0.015450088627097736,0.005742125865964999
7,9.415219005840598,0.673967578499272,B_10,0.6430671473263866,0.12251890256597896,0.0002840818623712343,0.019982547782599048,0.01063380152790952
7,9.415219005840598,0.673967578499272,B_30,0.6476583055821332,0.11774841958537964,0.0002644941856407173,0.017879246996783435,0.008165531734714099
7,9.415219005840598,0.673967578499272,B_60,0.6501846115405068,0.11520929595552337,0.0002539306827742172,0.01664619949024728,0.006882836785773479
8,14.310344331134875,0.6827632698411247,placebo,0.6577399993309777,0.11684865417626662,0.006250604985444834,0.011639439125622023,0.00713322639907303
8,14.310344331134875,0.6827632698411247,A_10,0.6626063962444848,0.11041182163901014,0.005596257845450962,0.009811815653617762,0.004748800097579701
8,14.310344331134875,0.6827632698411247,A_30,0.6651100782813332,0.10709981138671386,0.005265458035904897,0.008758660055562592,0.0036290734683456097
8,14.310344331134875,0.6827632698411247,A_60,0.6662597846849887,0.10563522698149251,0.005114207152170551,0.008246690605863468,0.0031425873981320717
8,14.310344331134875,0.6827632698411247,B_10,0.6604872618427974,0.11323660955332603,0.0058787331715668195,0.010640865121155845,0.0057564097056094325
8,14.310344331134875,0.6827632698411247,B_30,0.6630090451877285,0.1098745632298336,0.005542885266443164,0.009647997737768815,0.004563341649172758
8,14.310344331134875,0.6827632698411247,B_60,0.6646180481154489,0.10774219212417885,0.005330292186232246,0.008972230592235675,0.00384269894724291
9,11.391912424095668,0.6784151711506781,placebo,0.6473280178321853,0.12440823548243236,0.003627312720736721,0.020067245780233132,0.007392594817504416
9,11.391912424095668,0.6784151711506781,A_10,0.6545533916519516,0.1156253992463754,0.0029885093369624058,0.016330349728288795,0.004542920433503786
9,11.391912424095668,0.6784151711506781,A_30,0.6575335495775176,0.11218125906374705,0.002749457212555385,0.014634394417808444,0.0034977699428367162
9,11.391912424095668,0.6784151711506781,A_60,0.6587965594779153,0.1108136858733699,0.0026514807677485534,0.01388709477664821,0.003080036128387162
9,11.391912424095668,0.6784151711506781,B_10,0.651694522860095,0.11906822264154,0.0032298995717262224,0.0178697027079824,0.005621046010876706
9,11.391912424095668,0.6784151711506781,B_30,0.6550580494524447,0.11502805583212265,0.0029471900991840795,0.016049802659087824,0.0043601289399754165
9,11.391912424095668,0.6784151711506781,B_60,0.6569751228015344,0.11280799817449312,0.0027933790168584555,0.01495939861126524,0.0036872707210576726
10,2.5593103878738113,0.6089011529815138,placebo,0.4941570420920568,0.22370783608031683,0.10839572677597589,0.0036108022335599524,0.0027375818799230526
10,2.5593103878738113,0.6089011529815138,A_10,0.498653962405788,0.2160556929995956,0.10533911229907224,0.003043013524898527,0.0018650647517479224
10,2.5593103878738113,0.6089011529815138,A_30,0.5014117426647889,0.21140338451420893,0.10340691618193903,0.002675338066740861,0.0014071560680374772
10,2.5593103878738113,0.6089011529815138,A_60,0.5027934465581784,0.2091275686858443,0.1024241150418234,0.002485590505487511,0.0011980008760739823
10,2.5593103878738113,0.6089011529815138,B_10,0.49656824738069083,0.21960775138795172,0.10677186274716585,0.003311307380359676,0.00224973547329298
10,2.5593103878738113,0.6089011529815138,B_30,0.49907508858240696,0.21534019458365347,0.10504676417177275,0.002987815254952529,0.001791484972376122
10,2.5593103878738113,0.6089011529815138,B_60,0.5008430033632494,0.21235423306220522,0.10380873153707156,0.0027523612848743147,0.0014970567963135944
11,1.3506614714849055,0.5366997819842018,placebo,0.3605436588813589,0.41463628687467863,0.11618479544901739,0.021106384294977586,0.038864943358846535
11,1.3506614714849055,0.5366997819842018,A_10,0.4113564880190996,0.3420056843376082,0.08249821435881662,0.016021037765467726,0.026824041840818682
11,1.3506614714849055,0.5366997819842018,A_30,0.42806010013056073,0.31940033877775176,0.07241476683688546,0.014387434850857344,0.0218374801659012
11,1.3506614714849055,0.5366997819842018,A_60,0.434670763795838,0.31069764887395795,0.06853757998858208,0.013720157896685937,0.01977128030309501
11,1.3506614714849055,0.5366997819842018,B_10,0.3934500656957088,0.3669750752976367,0.0938352213329825,0.017733836017458753,0.03168065893805126
11,1.3506614714849055,0.5366997819842018,B_30,0.4143103786625264,0.33795417787985954,0.08068268258925129,0.015736324843049126,0.025970395889379175
11,1.3506614714849055,0.5366997819842018,B_60,0.42505706137062466,0.32340521874099487,0.07419613492560406,0.014686092054555823,0.02276049363342043
12,1.9396361172735002,0.5821320792396695,placebo,0.4416707144786749,0.30274879551790684,0.11174163119749198,0.007913222918549491,0.02080651064496136
12,1.9396361172735002,0.5821320792396695,A_10,0.4576145269011121,0.28090001960830624,0.10174611902088314,0.0069995572564184524,0.015771876061255276
12,1.9396361172735002,0.5821320792396695,A_30,0.4700514881673486,0.26406344240478224,0.09406420309230464,0.006192132379881644,0.011824255600140537
12,1.9396361172735002,0.5821320792396695,A_60,0.4770546277728294,0.2546960601868872,0.08973854542056411,0.005689870085998433,0.009649035960280621
12,1.9396361172735002,0.5821320792396695,B_10,0.4495908522483555,0.2918610357342373,0.10674329717006092,0.007473751801797465,0.01832417801945428
12,1.9396361172735002,0.5821320792396695,B_30,0.45937707421508595,0.27850189611438686,0.10065447271725407,0.006890890991915181,0.01520964131542243
12,1.9396361172735002,0.5821320792396695,B_60,0.46731444969673724,0.26775017660594164,0.09575253885133708,0.006378455068114657,0.012686635623485215
13,2.304136238296069,0.5993728582806097,placebo,0.4750694339410345,0.27687361364717783,0.03572043566041605,0.032461360820218145,0.0561216278589455
13,2.304136238296069,0.5993728582806097,A_10,0.5080405214354522,0.2355984596477078,0.022302918042387584,0.026469384084187815,0.042560034718568576
13,2.304136238296069,0.5993728582806097,A_30,0.5253914304654967,0.21551144450054494,0.017573685132752793,0.02312136420747867,0.03328637847488549
13,2.304136238296069,0.5993728582806097,A_60,0.5333819365251662,0.20672166199841954,0.01572879314979013,0.021511551259846398,0.028750577345806952
13,2.304136238296069,0.5993728582806097,B_10,0.4935975136353532,0.25322566910605293,0.027308264335515645,0.02915194589599662,0.049315134413740705
13,2.304136238296069,0.5993728582806097,B_30,0.5108141058411115,0.2323038861684178,0.021465867262432728,0.025944757282859433,0.04114812789421548
13,2.304136238296069,0.5993728582806097,B_60,0.5219682236628432,0.21937207191500643,0.018420119610939634,0.023795977291157476,0.035188537715667684
14,23.49483155637036,0.6894518097342012,placebo,0.673951317684789,0.11084381190591869,0.004642794420788839,0.005752151710128615,0.005105545918493963
14,23.49483155637036,0.6894518097342012,A_10,0.6759493163656299,0.10739033611812804,0.00431558254190097,0.005189807494821043,0.003997103331836089
14,23.49483155637036,0.6894518097342012,A_30,0.6773524512885044,0.10494963493038417,0.0040879719147705875,0.004758401324719293,0.0032529852062229358
14,23.49483155637036,0.6894518097342012,A_60,0.6781039300684037,0.1036750877555021,0.00396627559063027,0.004513600847440514,0.0028680032277168268
14,23.49483155637036,0.6894518097342012,B_10,0.6749780576798843,0.10907957456731394,0.004473979582522913,0.0054702642861164585,0.004529508185641095
14,23.49483155637036,0.6894518097342012,B_30,0.67615489831881,0.10703150409107848,0.004282167929485648,0.005128601416035689,0.003886142069857036
14,23.49483155637036,0.6894518097342012,B_60,0.6770522524011313,0.10546833403222279,0.004136602967672596,0.004853451880384936,0.0034095024850286796
15,0.9847681879221123,0.48624893932659,placebo,0.281759576284248,0.5512001149608333,0.12097357948767509,0.047394272725495526,0.036121510829171324
15,0.9847681879221123,0.48624893932659,A_10,0.28292371421104195,0.5462533652884946,0.12113821387054673,0.04601288413736038,0.036174127107645684
15,0.9847681879221123,0.48624893932659,A_30,0.28470127090898567,0.5396169665142273,0.12138472343783303,0.043907915152064984,0.03625502982770882
15,0.9847681879221123,0.48624893932659,A_60,0.2866279595914254,0.5330671809643576,0.12162577382350567,0.041659208615065245,0.03633599729660616
15,0.9847681879221123,0.48624893932659,B_10,0.2822356383216493,0.5491097994986514,0.12104118235693193,0.04682915928501383,0.036142959363019096
15,0.9847681879221123,0.48624893932659,B_30,0.2831119519467575,0.5455043238664596,0.12116467393963538,0.04578961436972192,0.03618269907049771
15,0.9847681879221123,0.48624893932659,B_60,0.28419885166043873,0.5414060592984246,0.12131614518883643,0.04450164002412594,0.0362323024531985
16,4.4632348995124165,0.6461676634634349,placebo,0.5731908459514993,0.1739054937646849,0.050889610018566005,0.012794669010445845,0.009292538482923144
16,4.4632348995124165,0.6461676634634349,A_10,0.587010325485762,0.15952332174387115,0.04161300213729861,0.010981010088995397,0.006563325751381169
16,4.4632348995124165,0.6461676634634349,A_30,0.596022988859777,0.1500939515812063,0.03584179375927879,0.009559377785671385,0.0047435030587002075
16,4.4632348995124165,0.6461676634634349,A_60,0.6006261914335432,0.14529052469791162,0.032966608350385916,0.008741728954521893,0.0038331347250036845
16,4.4632348995124165,0.6461676634634349,B_10,0.5804422723816551,0.16636750080634197,0.045952589081542934,0.011891000629642646,0.007881801370600641
16,4.4632348995124165,0.6461676634634349,B_30,0.58836551757823,0.15810790168016367,0.04073224368247046,0.0107809130536891,0.006288989149047806
16,4.4632348995124165,0.6461676634634349,B_60,0.5941409816633806,0.15206459057728372,0.037030746439309294,0.009874809377075692,0.00512112598367255
17,16.801184999123493,0.685293229727147,placebo,0.6638441532765383,0.1189351340296993,4.659821068834226e-05,0.004615590190002568,0.01678688804991371
17,16.801184999123493,0.685293229727147,A_10,0.668286640754512,0.11389255124123818,4.222117740400421e-05,0.004115984737738881,0.012848383057488878
17,16.801184999123493,0.685293229727147,A_30,0.671065870901887,0.11073708770373787,3.9537372387700704e-05,0.0037669593025191524,0.0104208621503547
17,16.801184999123493,0.685293229727147,A_60,0.672452721792711,0.10919887952915391,3.8195883736821694e-05,0.003579548100330487,0.009222763950402623
17,16.801184999123493,0.685293229727147,B_10,0.6662021045456872,0.11626623072448698,4.425247449152976e-05,0.004358087132831828,0.01468878557413313
17,16.801184999123493,0.685293229727147,B_30,0.6687104313301302,0.11340938006535342,4.1811052643598184e-05,0.004064840134537978,0.01247614720982614
17,16.801184999123493,0.685293229727147,B_60,0.6704929024827104,0.11138313609762125,4.009033941730867e-05,0.0038416727973925764,0.010918564107631114
18,11.833850636513368,0.6792102522891014,placebo,0.6492244834943833,0.12634095074015045,0.0015601888529863184,0.010613282774847509,0.017812297166867767
18,11.833850636513368,0.6792102522891014,A_10,0.655901803639171,0.11922269801414301,0.001369951758119074,0.009187646892456627,0.012750849999349861
18,11.833850636513368,0.6792102522891014,A_30,0.6593680021816343,0.1156160369831451,0.0012758886309076406,0.008361903609610213,0.010204457866942983
18,11.833850636513368,0.6792102522891014,A_60,0.6609559872408607,0.11402983996137077,0.0012332838904381622,0.007959321196465783,0.009061659961351562
18,11.833850636513368,0.6792102522891014,B_10,0.6529760331595829,0.12233004630979302,0.0014513472491046737,0.009835467081632746,0.014947404798785906
18,11.833850636513368,0.6792102522891014,B_30,0.6564592054567085,0.11863504987467449,0.0013546876628999624,0.009059412892904406,0.012336946276588377
18,11.833850636513368,0.6792102522891014,B_60,0.6586872359409056,0.11631284901954438,0.0012942255578328166,0.008529617954873055,0.010699172835499446
19,8.069260699221752,0.6697153739675701,placebo,0.6267937051788229,0.14693700187138645,0.012708304216824885,0.01507193851614995,0.01514142605575809
19,8.069260699221752,0.6697153739675701,A_10,0.636628431242379,0.13583521018668238,0.00966776492935384,0.01260565901826101,0.010813518777575633
19,8.069260699221752,0.6697153739675701,A_30,0.6415063128237316,0.13056101001612702,0.008434423513720805,0.011258593622677244,0.008516044007457342
19,8.069260699221752,0.6697153739675701,A_60,0.6436958468204151,0.12830394209016924,0.00792051364536987,0.010620031117647042,0.007478982384169431
19,8.069260699221752,0.6697153739675701,B_10,0.6323972818471626,0.1405594529945658,0.010866935842332821,0.013702611317864833,0.012748544960212702
19,8.069260699221752,0.6697153739675701,B_30,0.6374223911041098,0.13496121345178677,0.009457367691104435,0.012392883656514992,0.010442731515854295
19,8.069260699221752,0.6697153739675701,B_60,0.6405592416197603,0.13156382624718077,0.008663602694857934,0.011527936845292696,0.00896459280766758
21,0.8107573890831912,0.4503947565376347,placebo,0.23269927333045287,0.6052403983843619,0.13764874022089496,0.029338994891585087,0.05070774809470159
21,0.8107573890831912,0.4503947565376347,A_10,0.23389247145537617,0.5985994095197651,0.1378788947045017,0.02782935295945529,0.05079403741829536
21,0.8107573890831912,0.4503947565376347,A_30,0.23540651718062985,0.591806668003004,0.13817347078621123,0.025918586481076488,0.050896182089733795
21,0.8107573890831912,0.4503947565376347,A_60,0.236829337091691,0.5862097725465009,0.13842605125857638,0.02418050333915859,0.05095886484825325
21,0.8107573890831912,0.4503947565376347,B_10,0.23320678597591893,0.6022336361181093,0.13774612820431964,0.028697352762065524,0.05074448959534162
21,0.8107573890831912,0.4503947565376347,B_30,0.23406820628759764,0.5977366447751359,0.13791321690596728,0.02760669751182822,0.050806635832260146
21,0.8107573890831912,0.4503947565376347,B_60,0.23500559790163122,0.5934869541667456,0.13809640331833326,0.02642160333953547,0.050871151978157066
22,7.480047939298124,0.667387759822815,placebo,0.6213669787423276,0.15105088939528194,0.010160685729559447,0.011161905235642687,0.02469819011530276
22,7.480047939298124,0.667387759822815,A_10,0.6279083137788817,0.1441264497813543,0.0083663027464789,0.010148185454230817,0.020964957843229232
22,7.480047939298124,0.667387759822815,A_30,0.633664194006911,0.13820345161940387,0.007087612495768743,0.009214947537441861,0.01742100578269196
22,7.480047939298124,0.667387759822815,A_60,0.6371849422966888,0.13468380855756643,0.0064037023750518835,0.008617987957883865,0.01518112719318889
22,7.480047939298124,0.667387759822815,B_10,0.6245102476682775,0.14770041924688043,0.009244405555540916,0.010680130785118806,0.022952975813874173
22,7.480047939298124,0.667387759822815,B_30,0.6286865386999401,0.14331551325324168,0.008179416143529942,0.010024569848441323,0.020497235130890898
22,7.480047939298124,0.667387759822815,B_60,0.6323434873551025,0.13954624326688816,0.007361463806347131,0.009433277692214932,0.018249530969149393
23,0.9767668526324413,0.4854062030920138,placebo,0.28054151045155223,0.5067585265333625,0.18080393391190425,0.010677364371312953,0.013383394357245382
23,0.9767668526324413,0.4854062030920138,A_10,0.2952796041658505,0.483246763971079,0.17422969274780845,0.008291684336977714,0.0076052218413811285
23,0.9767668526324413,0.4854062030920138,A_30,0.30085108048683123,0.47448139811898776,0.17157754647230003,0.007322421509348978,0.005655154623538734
23,0.9767668526324413,0.4854062030920138,A_60,0.30314447439235725,0.4709308331127029,0.17046604614608835,0.006904888207159807,0.004890794346417664
23,0.9767668526324413,0.4854062030920138,B_10,0.28967948476167527,0.4921479561720502,0.17680377220930696,0.009218864975386981,0.009704081145641906
23,0.9767668526324413,0.4854062030920138,B_30,0.2962406993119026,0.4817257877415079,0.17377825697828236,0.008128325478055375,0.007258921323778502
23,0.9767668526324413,0.4854062030920138,B_60,0.29982518578941897,0.47608371018510287,0.17207178492768746,0.0075052794302291805,0.006003952944680856
24,0.9510034507963944,0.47992516287632464,placebo,0.2726964219278899,0.5647520059416823,0.12450893355568199,0.05052441194866027,0.03219539544409225
24,0.9510034507963944,0.47992516287632464,A_10,0.2738785323690041,0.5593419659256024,0.12469285331733172,0.04911036756168432,0.03224340962831635
24,0.9510034507963944,0.47992516287632464,A_30,0.27539347204311604,0.5536383906998625,0.12495046587880658,0.047270825278562564,0.03231039967585128
24,0.9510034507963944,0.47992516287632464,A_60,0.27649562057714966,0.5500935376279068,0.12515596967094145,0.045910383542627255,0.032363189085620345
24,0.9510034507963944,0.47992516287632464,B_10,0.2731737265416738,0.5624602398821826,0.12458221338604837,0.04995470182941041,0.03221452111919476
24,0.9510034507963944,0.47992516287632464,B_30,0.2740626286827522,0.5585826107719474,0.1247226365007291,0.0488887161203508,0.03225118157251177
24,0.9510034507963944,0.47992516287632464,B_60,0.27501609779872277,0.5549551220144462,0.12488360389449374,0.04773238288637981,0.032293078296735986
25,7.8068724827655585,0.6687179759983154,placebo,0.6244648524948821,0.14687166049749945,0.0028089250202652798,0.008376706511510058,0.03306749197163348
25,7.8068724827655585,0.6687179759983154,A_10,0.6349993671801943,0.13616301662601316,0.0021973311237531413,0.007166177734524165,0.02435509995984522
25,7.8068724827655585,0.6687179759983154,A_30,0.6410308779486875,0.13039282968005533,0.0019194610430188672,0.006437454829051895,0.019330182177549542
25,7.8068724827655585,0.6687179759983154,A_60,0.6438770107045443,0.1277914216597033,0.0017987722981568583,0.006075747186187187,0.016966445809421356
25,7.8068724827655585,0.6687179759983154,B_10,0.6301828867319093,0.14095877519956837,0.00245080724008926,0.007724054060290688,0.02836022796604078
25,7.8068724827655585,0.6687179759983154,B_30,0.6359481901382444,0.13523699325293778,0.0021511528448956317,0.007054263686030919,0.023564369329154795
25,7.8068724827655585,0.6687179759983154,B_60,0.6398239950434887,0.13152337097796307,0.001972385019017213,0.006586962885390373,0.020334633050431327
26,4.824220502388663,0.6500684509329158,placebo,0.5818722639247951,0.1817549989078786,0.0018802032963742916,0.013474367994214545,0.052841615717532577
26,4.824220502388663,0.6500684509329158,A_10,0.6007559401159871,0.16024347725564586,0.0009931461135317097,0.010608594256056734,0.037710770447342584
26,4.824220502388663,0.6500684509329158,A_30,0.6107051292059386,0.15052319645516413,0.000761356141213179,0.009261555936050778,0.02934040964970839
26,4.824220502388663,0.6500684509329158,A_60,0.6151491001759721,0.1464864107230318,0.0006774717072671432,0.008657671089666624,0.02558420796002869
26,4.824220502388663,0.6500684509329158,B_10,0.5923057744350371,0.1692666995049172,0.0012751152816442178,0.011803899763535663,0.04468366145268624
26,4.824220502388663,0.6500684509329158,B_30,0.6023702631963417,0.15860413984971505,0.000950023436592422,0.010388020218958264,0.03636014408102573
26,4.824220502388663,0.6500684509329158,B_60,0.6087738053523668,0.1523389335691601,0.0008009027229690252,0.009522234889578911,0.03097150796799057
27,0.8573928699578915,0.45948422947896633,placebo,0.24460619384896812,0.5972126535243457,0.1712948615798626,0.03000902008944155,0.013574153960694607
27,0.8573928699578915,0.45948422947896633,A_10,0.24499836239150272,0.5943619056406165,0.17138208092111054,0.029522380325099053,0.013581405841258033
27,0.8573928699578915,0.45948422947896633,A_30,0.24576913596801886,0.5896904152031068,0.17155947554489578,0.02855911863813601,0.013596499327925502
27,0.8573928699578915,0.45948422947896633,A_60,0.24642027527352245,0.5865400116718408,0.1717219689156136,0.02773131643936242,0.01361066885048254
27,0.8573928699578915,0.45948422947896633,B_10,0.24474355595119054,0.5961951831638153,0.1713258295287789,0.029838127487404806,0.0135767165115592
27,0.8573928699578915,0.45948422947896633,B_30,0.24507740912274834,0.5938210171630021,0.17139957987432278,0.029424365457873133,0.013582875024012068
27,0.8573928699578915,0.45948422947896633,B_60,0.24555684529322752,0.5908540224126856,0.171508927555727,0.028826300203580856,0.013592156426444844
28,10.2957723168671,0.6761557505260104,placebo,0.6419568864492204,0.12632966765529377,0.0012394623118690117,0.015874977551019933,0.017084424213873867
28,10.2957723168671,0.6761557505260104,A_10,0.6496831028544643,0.11849906993726675,0.001108091984804115,0.013584542440137683,0.011780013246604453
28,10.2957723168671,0.6761557505260104,A_30,0.6533516554310114,0.11489043069555605,0.0010468584159366362,0.012361732092297935,0.009395504586776255
28,10.2957723168671,0.6761557505260104,A_60,0.6549804369046203,0.11336036944124256,0.001019712927533674,0.011786614591473253,0.008368986102401822
28,10.2957723168671,0.6761557505260104,B_10,0.6464240874659661,0.12178718247552953,0.0011628966185774146,0.014593469416343256,0.013975297025128385
28,10.2957723168671,0.6761557505260104,B_30,0.6502855793524522,0.11789704463045993,0.0010980152668378803,0.013390339627032127,0.011381816279686964
28,10.2957723168671,0.6761557505260104,B_60,0.6526446438796417,0.11557248657788449,0.0010586437013384883,0.012605068844283557,0.009847394100744492
29,1.025302025439257,0.4940891716928924,placebo,0.29324371990533554,0.4875913789352941,0.1898172983321796,0.005477223874277982,0.005550929581100171
29,1.025302025439257,0.4940891716928924,A_10,0.29871067567932774,0.47801204808747755,0.1866812415033814,0.004741797024419379,0.003955457485766809
29,1.025302025439257,0.4940891716928924,A_30,0.30210951523999324,0.4721225850965622,0.18465386530813546,0.004260830333478879,0.0030649608112792953
29,1.025302025439257,0.4940891716928924,A_60,0.3038196554442706,0.4692080642529161,0.18361563821094168,0.004009313259894439,0.0026445647777792684
29,1.025302025439257,0.4940891716928924,B_10,0.2961596727627628,0.4824734051361992,0.18816461909183835,0.005089775008877215,0.004675104829410206
29,1.025302025439257,0.4940891716928924,B_30,0.29922811584766335,0.4771102249913233,0.18637618656681373,0.004669968688712205,0.0038149005897082458
29,1.025302025439257,0.4940891716928924,B_60,0.3014068085787456,0.47333208823719813,0.1850773544708801,0.004362161800262328,0.0032428468430014765
30,4.150735102764798,0.6422843156673975,placebo,0.5646258509742713,0.19991906393209913,0.017117661249555258,0.024106640217464434,0.03643416322610624
30,4.150735102764798,0.6422843156673975,A_10,0.5832113692609368,0.1780754830356907,0.008932567320792778,0.019791124138995447,0.03034925494666894
30,4.150735102764798,0.6422843156673975,A_30,0.592467794722656,0.16807063250764231,0.006597881937983278,0.01750857120591127,0.025710067800835432
30,4.150735102764798,0.6422843156673975,A_60,0.5967995994979184,0.16371232154424983,0.005746505699838705,0.016442098985375405,0.023296111484273064
30,4.150735102764798,0.6422843156673975,B_10,0.5754222507002059,0.18706092997893844,0.011685583333479129,0.021687771937982787,0.03348870969574371
30,4.150735102764798,0.6422843156673975,B_30,0.5846873881134211,0.1764248105498203,0.008501875287912072,0.01942733500859622,0.029667717257465937
30,4.150735102764798,0.6422843156673975,B_60,0.5906308197682504,0.1699863619828778,0.006998887362492543,0.01796121624204536,0.026693392294603546
31,2.077344537759325,0.5893681372554711,placebo,0.4555106682131329,0.2892200108530172,0.10490501915318423,0.015445480389750148,0.013506969499411343
31,2.077344537759325,0.5893681372554711,A_10,0.46906805269175683,0.2704770599485761,0.09609219905808505,0.013684677194028444,0.010523208311597474
31,2.077344537759325,0.5893681372554711,A_30,0.4790651897077201,0.2569255385885329,0.0897681308629568,0.01227323828881257,0.00826157839598391
31,2.077344537759325,0.5893681372554711,A_60,0.4845413678593485,0.24964322179142834,0.086346311291118,0.011448567759784582,0.007031890345209661
31,2.077344537759325,0.5893681372554711,B_10,0.4623669090373637,0.2796950676077288,0.1004074535637522,0.014573760373160227,0.012020014281192625
31,2.077344537759325,0.5893681372554711,B_30,0.4705110606425549,0.2685049153014797,0.09517184120618608,0.01348767950578382,0.010197555900959214
31,2.077344537759325,0.5893681372554711,B_60,0.4768989857554162,0.25983770984034116,0.09112900155235217,0.012588808260114407,0.00875134168757887
32,11.672056253318583,0.6789244106473161,placebo,0.6485422972918445,0.11955194055458421,0.005280572844241226,0.015064139072782975,0.010037401438429563
32,11.672056253318583,0.6789244106473161,A_10,0.655149467477019,0.11207273522087409,0.004674056358446562,0.012578500017031508,0.006522386794816278
32,11.672056253318583,0.6789244106473161,A_30,0.6581431512896845,0.10875049158477025,0.00440392023722622,0.01130964859594284,0.00506769052449575
32,11.672056253318583,0.6789244106473161,A_60,0.6594522237999979,0.10736581975403199,0.0042863170786040985,0.010724357671632257,0.004461512097117153
32,11.672056253318583,0.6789244106473161,B_10,0.6524213866757929,0.11516566771314678,0.004922259956788436,0.013654204398610235,0.007926559616125668
32,11.672056253318583,0.6789244106473161,B_30,0.6556461123119293,0.11151328978638268,0.004629106516247835,0.012374573723126338,0.0062746180960156295
32,11.672056253318583,0.6789244106473161,B_60,0.6575714598885811,0.10937260109240127,0.004455370017930055,0.01155938279626464,0.005338197944577273
33,4.960969655530043,0.6513965338486444,placebo,0.5848458567693111,0.17198115647713608,0.021800941395385853,0.009547586528584522,0.03520214915536574
33,4.960969655530043,0.6513965338486444,A_10,0.6051785688332897,0.15170501633623187,0.01525266578743599,0.007729089388382287,0.02323620983954095
33,4.960969655530043,0.6513965338486444,A_30,0.6135664523827081,0.14383196706368925,0.013072419786101288,0.0068650814248018485,0.01789258025503274
33,4.960969655530043,0.6513965338486444,A_60,0.6170587500837614,0.14069862476349326,0.012217342717666776,0.006477449909113456,0.015642991138100665
33,4.960969655530043,0.6513965338486444,B_10,0.5970678965333517,0.15961880602128217,0.017599024472793847,0.008492795497625532,0.028236817344879355
33,4.960969655530043,0.6513965338486444,B_30,0.6066084513645749,0.15033716321804508,0.014865893300636505,0.007587751414640352,0.022334437768786086
33,4.960969655530043,0.6513965338486444,B_60,0.6120079294715496,0.14526360346048564,0.013462779536329954,0.007032392250291447,0.01889343259047053
34,16.11292065752106,0.6846717717523612,placebo,0.6623415990924674,0.11052068759784413,3.644471035938482e-05,0.010478984905690355,0.0118147430438393
34,16.11292065752106,0.6846717717523612,A_10,0.667308040865847,0.10494622819719694,3.317167132001124e-05,0.009034199425546643,0.008296359789633717
34,16.11292065752106,0.6846717717523612,A_30,0.6700256713786402,0.10184999411081182,3.1335823324447414e-05,0.008132920013198833,0.00648184453720872
34,16.11292065752106,0.6846717717523612,A_60,0.6713050410940076,0.10042729606254755,3.0456040000944557e-05,0.007677497530606178,0.0056587770877783074
34,16.11292065752106,0.6846717717523612,B_10,0.6650918649938972,0.10746151695187488,3.464197418692597e-05,0.009708438212591609,0.009836826571684974
34,16.11292065752106,0.6846717717523612,B_30,0.6677381421575874,0.10445501708036779,3.288380673938226e-05,0.008897262848546961,0.008003482939465144
34,16.11292065752106,0.6846717717523612,B_60,0.669483774172611,0.10246342728475923,3.1705302490276834e-05,0.008319647487695668,0.006836644789566258
35,7.437739952866805,0.6672071652927578,placebo,0.6209471132642062,0.15134521139735535,0.00010067951070597498,0.018841672537335572,0.02731769998052652
35,7.437739952866805,0.6672071652927578,A_10,0.6318302803869422,0.1392419218849741,7.466481243690634e-05,0.015683466061402383,0.019618754031985604
35,7.437739952866805,0.6672071652927578,A_30,0.636672185081153,0.13448774895882137,6.6205087346114e-05,0.014283340284078887,0.016185434840182908
35,7.437739952866805,0.6672071652927578,A_60,0.6387509016387903,0.13259473760569912,6.289664224470879e-05,0.01367165086394245,0.014721716147773522
35,7.437739952866805,0.6672071652927578,B_10,0.6273375063983595,0.14400064249572944,8.385061675904671e-05,0.016971020632519852,0.022814787645114947
35,7.437739952866805,0.6672071652927578,B_30,0.6326413339354292,0.13841694616781813,7.31602675642994e-05,0.015450613585114965,0.019042057504648897
35,7.437739952866805,0.6672071652927578,B_60,0.6357567991312442,0.13535299635322032,6.771670809230394e-05,0.014550320008577318,0.01683232944484749
36,6.748635486499307,0.6639393530156246,placebo,0.6133791279754558,0.15248904394564966,0.0022125030814128736,0.014758287100746807,0.03358943485801211
36,6.748635486499307,0.6639393530156246,A_10,0.6277670175714154,0.13805610631880094,0.0016379738845624474,0.012098905663549474,0.02243545589609093
36,6.748635486499307,0.6639393530156246,A_30,0.6327251936499019,0.13363757366891577,0.001479313903152895,0.01112602092942824,0.018608824533164862
36,6.748635486499307,0.6639393530156246,A_60,0.6347002540839267,0.13199736278456276,0.0014193235939662329,0.010725515618727711,0.01709425971901437
36,6.748635486499307,0.6639393530156246,B_10,0.6225207132461639,0.14306991104452957,0.001822706084207823,0.013087448272005921,0.02650848541325139
36,6.748635486499307,0.6639393530156246,B_30,0.628640121784823,0.1372526346758107,0.0016090734389826902,0.011930672625992657,0.021759485165822063
36,6.748635486499307,0.6639393530156246,B_60,0.631830242091857,0.13440674120374624,0.0015070426047028016,0.011304940896342965,0.019297127422735146
37,1.431166662738509,0.5451437509777706,placebo,0.37487861644879883,0.3932117624074359,0.14743545898083188,0.0065886902195175946,0.01624098532862398
37,1.431166662738509,0.5451437509777706,A_10,0.406902358598253,0.34212424105675476,0.12580115869302325,0.004407608246765123,0.008032625439734662
37,1.431166662738509,0.5451437509777706,A_30,0.41485737504112236,0.32998542223714705,0.1206395056518134,0.003813698057737849,0.005833172227093064
37,1.431166662738509,0.5451437509777706,A_60,0.41779997949679915,0.3256127963283227,0.1187268835693532,0.0035829727745510273,0.005033915137073811
37,1.431166662738509,0.5451437509777706,B_10,0.39725510964894734,0.3571994984054484,0.1320917424963385,0.00508498360815458,0.010711915224331377
37,1.431166662738509,0.5451437509777706,B_30,0.40837217597167635,0.33985617591174544,0.12484753153689791,0.0043007135505045545,0.007623329918687511
37,1.431166662738509,0.5451437509777706,B_60,0.4134861702305646,0.3320498979138925,0.12152985458447281,0.003918968108017321,0.006208758054712576
38,0.5696523040125113,0.3669591580092686,placebo,0.13949838848921084,0.6978942984448139,0.15579265729725897,0.05162942566074076,0.020038686562056995
38,0.5696523040125113,0.3669591580092686,A_10,0.14099287179680015,0.6929132704323869,0.1562981421237879,0.04956186563714397,0.020106278451544515
38,0.5696523040125113,0.3669591580092686,A_30,0.1432582819307183,0.6863422015150182,0.15703449274472153,0.046459528219140137,0.02020685511469944
38,0.5696523040125113,0.3669591580092686,A_60,0.21680208417816663,0.5843743328409744,0.1086944040314785,0.02736011988254707,0.014102549917076414
38,0.5696523040125113,0.3669591580092686,B_10,0.14011584551377992,0.6957298114128508,0.15600056643166188,0.050776375481157154,0.02006637058267528
38,0.5696523040125113,0.3669591580092686,B_30,0.14122583464962243,0.6922093715891582,0.15637775086497477,0.04923856413154301,0.020117008363135843
38,0.5696523040125113,0.3669591580092686,B_60,0.14255971301906215,0.6883875054385228,0.15682571212750485,0.04739583347586296,0.02017789938684594
40,0.47784949242570895,0.3312318002542784,placebo,0.10800938604505636,0.7263708289743733,0.17980840256417144,0.01179463316816659,0.031619378476883904
40,0.47784949242570895,0.3312318002542784,A_10,0.10821999504882146,0.7238303300852202,0.17988424797760647,0.011489807566088488,0.031637749661757274
40,0.47784949242570895,0.3312318002542784,A_30,0.10854702036986302,0.7208533861400785,0.17998270206249214,0.011034552509567619,0.031667525312359675
40,0.47784949242570895,0.3312318002542784,A_60,0.10883287515176329,0.718886132114129,0.18004949291060754,0.010655066948497513,0.03169436524341561
40,0.47784949242570895,0.3312318002542784,B_10,0.10809105493050487,0.7253223434639655,0.17983931684651763,0.011674945033904437,0.03162648344334643
40,0.47784949242570895,0.3312318002542784,B_30,0.10825597461866232,0.7234508258140521,0.17989613198003027,0.011438754183568324,0.03164093947202237
40,0.47784949242570895,0.3312318002542784,B_60,0.10845885470950606,0.7215632985538944,0.1799583136274367,0.01115528611252577,0.031659345804812944
41,1.1145829128576463,0.5071476853251815,placebo,0.31298560134512754,0.47639109635151594,0.13659207946231997,0.013948272675737915,0.04362173184199703
41,1.1145829128576463,0.5071476853251815,A_10,0.3756805324197004,0.3894087799326341,0.08478997589193772,0.01145929467720557,0.035217882336337894
41,1.1145829128576463,0.5071476853251815,A_30,0.4033900389652678,0.3511983464899577,0.06549432299206816,0.010064721178728623,0.028198602189113582
41,1.1145829128576463,0.5071476853251815,A_60,0.4152067522360852,0.33517746423167916,0.057960686471624105,0.009389961299545955,0.024590285317931292
41,1.1145829128576463,0.5071476853251815,B_10,0.3498749536724824,0.42530085440973503,0.1048801257633712,0.012567433872786036,0.03982517201654716
41,1.1145829128576463,0.5071476853251815,B_30,0.3803303273625791,0.3829579996105819,0.08138564899137841,0.011241671330962641,0.03419003764025687
41,1.1145829128576463,0.5071476853251815,B_60,0.39816424308470727,0.3583500495519973,0.0689536236781325,0.010346760619791135,0.029683057942557177
43,0.7489524359934377,0.4322023492398016,placebo,0.20992899017264294,0.630603143398451,0.1350717771943212,0.04513333702214914,0.04206824485068792
43,0.7489524359934377,0.4322023492398016,A_10,0.21105509977398274,0.6259030347115586,0.1353119358571109,0.0436912714610757,0.04214404214765905
43,0.7489524359934377,0.4322023492398016,A_30,0.21257830868154057,0.6204984657477144,0.1356530787378188,0.041720276619778576,0.04225068520067765
43,0.7489524359934377,0.4322023492398016,A_60,0.21401101762745398,0.6158690009197747,0.13597243177727672,0.039871358067794196,0.042347541767288624
43,0.7489524359934377,0.4322023492398016,B_10,0.21039720134379528,0.6285625672517696,0.1351706268931112,0.04453506005604745,0.04209946094685113
43,0.7489524359934377,0.4322023492398016,B_30,0.21122842132547706,0.6252407693716547,0.13534983130597575,0.04346812209055519,0.04215597451781626
43,0.7489524359934377,0.4322023492398016,B_60,0.21217186815742797,0.6218618040990476,0.13556062447135145,0.04224785849125465,0.04222199811977394
46,0.6681701897369303,0.40927768334293,placebo,0.18321307856602373,0.6573041361906563,0.15873178160679913,0.02818790441288076,0.039144918757227296
46,0.6681701897369303,0.40927768334293,A_10,0.18445113824533238,0.6504686195287559,0.15901431418097708,0.026583177097747553,0.03922905381889124
46,0.6681701897369303,0.40927768334293,A_30,0.18608871231858878,0.6433116082306504,0.15928671950565773,0.024572222262985166,0.039330029255702705
46,0.6681701897369303,0.40927768334293,A_60,0.21260115508734004,0.5919223265948407,0.14987644569981962,0.015575554450614459,0.031224528105153943
46,0.6681701897369303,0.40927768334293,B_10,0.18374582258100802,0.6540923127162193,0.15885695724839263,0.027494102865945093,0.039180800647598456
46,0.6681701897369303,0.40927768334293,B_30,0.18462795618120845,0.6496466722812086,0.15905182076996843,0.02635673684289211,0.03924116954887294
46,0.6681701897369303,0.40927768334293,B_60,0.1855955752907654,0.6454755919931398,0.15922921694728295,0.02514885684478103,0.03930403426011617
47,2.884706850675722,0.6184270834831979,placebo,0.5136923514015115,0.24066729511820034,0.006596583805570648,0.034553245612390655,0.06358490266372535
47,2.884706850675722,0.6184270834831979,A_10,0.5372419333734861,0.21106328364754204,0.0032060850228784374,0.027923795493705526,0.050055269593132876
47,2.884706850675722,0.6184270834831979,A_30,0.549676570092298,0.1972744518594944,0.002369310619516613,0.024820550576536468,0.04156065219481624
47,2.884706850675722,0.6184270834831979,A_60,0.5554390911196598,0.19130035821489955,0.0020713363533311864,0.0234263000470886,0.037490355963123966
47,2.884706850675722,0.6184270834831979,B_10,0.5269382548043401,0.22342439240518114,0.004250030373314866,0.030676289614431203,0.056562508691124724
47,2.884706850675722,0.6184270834831979,B_30,0.5392252408427487,0.20878323521228484,0.0030489613948965623,0.027416106162017544,0.04873677508354421
47,2.884706850675722,0.6184270834831979,B_60,0.5472170289902631,0.19990641065597395,0.0025107122747192547,0.02542177574187968,0.04327756647633397
49,7.67360577553464,0.6681869262113449,placebo,0.6232270094162401,0.1460735009552734,0.01719201896310479,0.009721706937359806,0.018046190894653858
49,7.67360577553464,0.6681869262113449,A_10,0.6360118372732876,0.13303468775448402,0.01223982914900304,0.007973944441030499,0.011961315348026743
49,7.67360577553464,0.6681869262113449,A_30,0.6411635049295169,0.12792992982677773,0.010538836064571266,0.007144040568502192,0.009340544648772554
49,7.67360577553464,0.6681869262113449,A_60,0.6433062156017163,0.12589623471780023,0.009865565747187046,0.006771988456069828,0.00824315640640701
49,7.67360577553464,0.6681869262113449,B_10,0.6309840695340576,0.13813659245536108,0.014042362591071108,0.008707932610145094,0.014452561476070543
49,7.67360577553464,0.6681869262113449,B_30,0.6368920541500583,0.13214984013215658,0.011939841908323149,0.0078381428208961,0.01151688733206754
49,7.67360577553464,0.6681869262113449,B_60,0.6402075807696502,0.12885985099629163,0.010845118091054285,0.007304692758492421,0.00982953459215272
50,7.170195514297041,0.6660083517937766,placebo,0.6181642962173604,0.14548091279933756,0.0047458356160626795,0.014088068412590757,0.02901015154776357
50,7.170195514297041,0.6660083517937766,A_10,0.6347556147985015,0.12945507045742705,0.003207479972940954,0.011096451708382553,0.016948805313951616
50,7.170195514297041,0.6660083517937766,A_30,0.6404134390566972,0.12426329326112998,0.0027683708652824547,0.009896168016568686,0.012930373855235535
50,7.170195514297041,0.6660083517937766,A_60,0.6426466071381272,0.12231393617840759,0.002602043725427404,0.009387740746915412,0.011371960183325768
50,7.170195514297041,0.6660083517937766,B_10,0.6287236470776165,0.13518469019758556,0.003713439387525599,0.012259250344023455,0.02131201498459772
50,7.170195514297041,0.6660083517937766,B_30,0.6357559662746537,0.12852005030020408,0.0031276963698244342,0.010892701332538656,0.01623198781675991
50,7.170195514297041,0.6660083517937766,B_60,0.639397006204131,0.12517483842642588,0.0028452481340577322,0.010120764285791842,0.013645333169808637
51,1.3945350801495067,0.5415238046606199,placebo,0.3686921456188144,0.3891060028262182,0.15222915149152666,0.006891213849412842,0.013711293700870725
51,1.3945350801495067,0.5415238046606199,A_10,0.3864678661563273,0.36258210103059313,0.14011489293690177,0.0058353689220716634,0.009105676645318913
51,1.3945350801495067,0.5415238046606199,A_30,0.39534996381389526,0.3494555806550589,0.13391646617251404,0.005249595921583028,0.00700777875262464
51,1.3945350801495067,0.5415238046606199,A_60,0.3993858267944005,0.3435682038405831,0.13107057655255266,0.00496772694161225,0.006099674372054905
51,1.3945350801495067,0.5415238046606199,B_10,0.37881837230312443,0.37397730157943687,0.14537492958539194,0.006306567588792467,0.011023935183313746
51,1.3945350801495067,0.5415238046606199,B_30,0.38790675554448883,0.36044542038975996,0.13911728340474028,0.0057434628036933475,0.008756302907691405
51,1.3945350801495067,0.5415238046606199,B_60,0.3936157591841253,0.3520040383904983,0.13513405593707245,0.005367554434410456,0.007406435105008315
52,2.230764327134079,0.5962093121190466,placebo,0.4688315181378792,0.3018763488512,0.04230931294477465,0.02979933765556341,0.0552691433808336
52,2.230764327134079,0.5962093121190466,A_10,0.4996718530757972,0.26275881617569824,0.015345420883701152,0.026349608423056867,0.0548424297364887
52,2.230764327134079,0.5962093121190466,A_30,0.5130208237282319,0.24438277957137935,0.00765126871393513,0.023230570622856585,0.05230664905400803
52,2.230764327134079,0.5962093121190466,A_60,0.5200530919053976,0.23481469138786037,0.005168878609523979,0.02131772817152564,0.04966961343259023
52,2.230764327134079,0.5962093121190466,B_10,0.4877466442385832,0.27835258318862494,0.024875388919860093,0.028171262777714555,0.055416016182901484
52,2.230764327134079,0.5962093121190466,B_30,0.5017962034087459,0.2598846367614839,0.013867778083838354,0.025928915311594556,0.05461641531487607
52,2.230764327134079,0.5962093121190466,B_60,0.5102920343599692,0.24816698891057767,0.008898357862547885,0.023947075309436457,0.05307184458708275
53,8.79166675711088,0.6721586416082097,placebo,0.6325205385768171,0.13827489178545424,0.0026165768428049532,0.022766483344948317,0.014255042843645076
53,8.79166675711088,0.6721586416082097,A_10,0.6396180848200606,0.13045993334432737,0.0021573670985599387,0.019831225868787612,0.010551963820801267
53,8.79166675711088,0.6721586416082097,A_30,0.6442939493664069,0.1254427385788803,0.0018994992907220712,0.01776083166381453,0.008204361287254096
53,8.79166675711088,0.6721586416082097,A_60,0.6466925049671326,0.12295343345982607,0.001776912557113567,0.016644220918973142,0.007045003165024925
53,8.79166675711088,0.6721586416082097,B_10,0.6362291961240277,0.13416847204369775,0.0023643342661239073,0.021258326141878017,0.01230678507618849
53,8.79166675711088,0.6721586416082097,B_30,0.6403195677348553,0.12969841648938024,0.002116834102375889,0.019528727060894046,0.01019351271009395
53,8.79166675711088,0.6721586416082097,B_60,0.6433155163417765,0.126478849633828,0.0019512272530692169,0.01820513603460867,0.008686761978768307
54,5.534775017249013,0.6562816169420987,placebo,0.5958619240194432,0.17656057834279323,0.00033457125003436494,0.027083099859512523,0.03300202181310645
54,5.534775017249013,0.6562816169420987,A_10,0.6048639788721439,0.1642353162486807,0.00021842811395351107,0.023061405751941957,0.028137804204056628
54,5.534775017249013,0.6562816169420987,A_30,0.6106247027704796,0.15766214733427822,0.00017808760478628998,0.020859005910640306,0.024619820656190873
54,5.534775017249013,0.6562816169420987,A_60,0.6135174590026244,0.15468007563970218,0.0001622782730321533,0.01981491268259989,0.022786966983858643
54,5.534775017249013,0.6562816169420987,B_10,0.6005955686084724,0.16971238424792137,0.0002612382384006166,0.024853505320404992,0.030571304774800915
54,5.534775017249013,0.6562816169420987,B_30,0.6057384413293716,0.1631810388998344,0.0002112923516652011,0.022713569565604535,0.02761831369545841
54,5.534775017249013,0.6562816169420987,B_60,0.6094327879125888,0.15895231426009204,0.0001853193771119925,0.02129939257843032,0.02536411707396327
55,29.87615187074838,0.6916918847578255,placebo,0.6794336670200395,0.09841398289964406,0.005377401867547815,0.004449645700838547,0.002431170169399873
55,29.87615187074838,0.6916918847578255,A_10,0.681897126879526,0.09272855564496692,0.004802831707727746,0.0035455366590256107,0.001446389511570725
55,29.87615187074838,0.6916918847578255,A_30,0.6827236548895448,0.09096432888048574,0.0046072348041218585,0.003207637718327125,0.0011533573458325462
55,29.87615187074838,0.6916918847578255,A_60,0.6830541269007626,0.09032712497076853,0.004528603466350612,0.003067704848749652,0.0010414495419790084
55,29.87615187074838,0.6916918847578255,B_10,0.6810189850534012,0.09473223019428122,0.0050089853239039216,0.003885350767325312,0.001778563613203463
55,29.87615187074838,0.6916918847578255,B_30,0.6820425973346262,0.09240611987369299,0.004768518020418703,0.0034873318904227782,0.0013934375123876377
55,29.87615187074838,0.6916918847578255,B_60,0.6825742484335728,0.0912684934479738,0.004642705626819775,0.0032700043525877606,0.001204926344855935
56,0.7547628326923457,0.43390797391969926,placebo,0.21200426062820624,0.6012846493391786,0.1306134602003283,0.032785754330103674,0.05850449876106092
56,0.7547628326923457,0.43390797391969926,A_10,0.27181605134186704,0.5210526982485488,0.09520048860879951,0.023103809256592563,0.04378762471244168
56,0.7547628326923457,0.43390797391969926,A_30,0.29128909960642346,0.49443756715313897,0.08665417387172242,0.020387892016629047,0.03557680842492741
56,0.7547628326923457,0.43390797391969926,A_60,0.299374325277901,0.4833618351138507,0.08340386797790478,0.019252548499823274,0.03187723216407399
56,0.7547628326923457,0.43390797391969926,B_10,0.2523062104083316,0.5474614865650674,0.10508176755676174,0.02590356920336789,0.050616426751241755
56,0.7547628326923457,0.43390797391969926,B_30,0.2751598839666808,0.5164968573992664,0.0936503738518698,0.022635686223454007,0.04246202987769863
56,0.7547628326923457,0.43390797391969926,B_60,0.2876859013599833,0.49937388991739406,0.08815402546115891,0.020890594859600122,0.03717745223895662
57,0.9302949701159725,0.47685231000780254,placebo,0.2683564577565363,0.5683797203335491,0.16428692418247798,0.031174025290033134,0.013034902778755861
57,0.9302949701159725,0.47685231000780254,A_10,0.26935543825330993,0.5621610331203373,0.16449709852280206,0.02994820837757489,0.013051564854105047
57,0.9302949701159725,0.47685231000780254,A_30,0.2705752287590982,0.5561529704881061,0.16477778114635114,0.028426300168410423,0.0130729999339653
57,0.9302949701159725,0.47685231000780254,A_60,0.27142832569473174,0.5526576941203608,0.1649926650554055,0.027343057244252074,0.013088262013437588
57,0.9302949701159725,0.47685231000780254,B_10,0.2687656717229157,0.5656731748379709,0.16437176960717745,0.030673208959176152,0.013041659718525346
57,0.9302949701159725,0.47685231000780254,B_30,0.2695068253836973,0.5613326575169173,0.16453027834395528,0.029761044145302763,0.013054162134837491
57,0.9302949701159725,0.47685231000780254,B_60,0.27027655073858636,0.55749819311751,0.16470620470766015,0.0288018869020776,0.013067667659484902
58,12.651749712126781,0.6805358635747707,placebo,0.6523937950297629,0.12122706497684746,0.00427223692489036,0.007435788892953158,0.016434042727150953
58,12.651749712126781,0.6805358635747707,A_10,0.6609640611526749,0.11197203060671078,0.0035146085943023628,0.0060375313304813555,0.0100196624973092
58,12.651749712126781,0.6805358635747707,A_30,0.6644660925016875,0.10811742049290544,0.003207992122186991,0.0053485515844654535,0.007513227366433308
58,12.651749712126781,0.6805358635747707,A_60,0.6659255300662936,0.10655645013334318,0.0030792101437224755,0.005035302990586207,0.006495820374199685
58,12.651749712126781,0.6805358635747707,B_10,0.6575644591662818,0.11569977372751473,0.0038119309888747614,0.006634103495928618,0.012525369923673825
58,12.651749712126781,0.6805358635747707,B_30,0.6615614469353993,0.11131221588533943,0.003462437516310433,0.005925784137824901,0.009586194985237934
58,12.651749712126781,0.6805358635747707,B_60,0.663815409729027,0.10882757291445941,0.0032651653731813977,0.005483016042061288,0.007972272430518897
59,11.030632839073059,0.677721341578103,placebo,0.6456757796793489,0.12460159902756636,0.0004028657537511847,0.015759619341391907,0.015883076803590638
59,11.030632839073059,0.677721341578103,A_10,0.6491815708958708,0.12106180391522679,0.00038243408404176483,0.014701776552203524,0.013455560045980931
59,11.030632839073059,0.677721341578103,A_30,0.6522550823635928,0.11798788853069968,0.000364875229727686,0.013712378580953626,0.011389005403835308
59,11.030632839073059,0.677721341578103,A_60,0.6541463523925333,0.1161353322372919,0.0003541704216779846,0.013071239713118575,0.010149579050788534
59,11.030632839073059,0.677721341578103,B_10,0.6473638475428952,0.12289540614764112,0.0003929604710655044,0.015258955208468586,0.014705578355677708
59,11.030632839073059,0.677721341578103,B_30,0.6495970799480537,0.1206437097932198,0.0003800447894245081,0.014571608008838307,0.013172608831776561
59,11.030632839073059,0.677721341578103,B_60,0.6515490170412206,0.1186891600544085,0.0003688880710331896,0.013945245430947243,0.011858191034908058
60,1.0417550703758856,0.49454697002129927,placebo,0.2939228022965578,0.5411051663570301,0.1260754663485423,0.036077898031466035,0.038470803344734766
60,1.0417550703758856,0.49454697002129927,A_10,0.2949661964094991,0.534784472678647,0.12618758158438906,0.03487557005288249,0.038517621974544364
60,1.0417550703758856,0.49454697002129927,A_30,0.296389629625767,0.5281640671627199,0.12630316779816733,0.033267566948726464,0.03858660564864608
60,1.0417550703758856,0.49454697002129927,A_60,0.3263905857760458,0.45626712087484944,0.1029344855863992,0.02830821276342129,0.036913685895433236
60,1.0417550703758856,0.49454697002129927,B_10,0.2943233456170077,0.538514887845823,0.12612068032660972,0.03561435956418961,0.03848858451348519
60,1.0417550703758856,0.49454697002129927,B_30,0.29513712108263257,0.5338878958302715,0.12620430206499594,0.034679951923338864,0.03852559495033376
60,1.0417550703758856,0.49454697002129927,B_60,0.2960268001358804,0.5297059679472276,0.12628036971886664,0.033671147161530024,0.03856865300502886
61,2.9430699571925514,0.6199909600015245,placebo,0.5169429447142683,0.23446859347425783,0.0008336634146095518,0.03839269659628881,0.06382165527635979
61,2.9430699571925514,0.6199909600015245,A_10,0.5370257755834741,0.20974131317887848,0.0005102103395698757,0.0321422263361036,0.05031274774236901
61,2.9430699571925514,0.6199909600015245,A_30,0.5493426254539666,0.19619321553219268,0.0004039263356259129,0.028751350017608673,0.04149305819431779
61,2.9430699571925514,0.6199909600015245,A_60,0.5553209889452976,0.19002130081676757,0.0003630907638518809,0.027144864955087875,0.037162015337294546
61,2.9430699571925514,0.6199909600015245,B_10,0.5275886406634802,0.22090227655210617,0.0006263799093694216,0.03491255750093723,0.05686338192774423
61,2.9430699571925514,0.6199909600015245,B_30,0.5389292122933225,0.20757506059766845,0.0004911882490769288,0.03160609718932803,0.04896446226979773
61,2.9430699571925514,0.6199909600015245,B_60,0.5468385746892728,0.19885826959024208,0.00042275770001890596,0.029428939581122963,0.043300688031106815
62,2.998318765484219,0.621349741399985,placebo,0.5197772255769628,0.23667600263868427,0.05048440638151982,0.02664287664383899,0.024445232797664855
62,2.998318765484219,0.621349741399985,A_10,0.5474735849899377,0.20503213322789998,0.03080005679227636,0.022361126299745144,0.020714973318014303
62,2.998318765484219,0.621349741399985,A_30,0.5615063227068388,0.18952221739198824,0.023120456155685497,0.019550476897502098,0.01717248563995977
62,2.998318765484219,0.621349741399985,A_60,0.5680742176064066,0.18252617042902208,0.02005895466768128,0.018098052352840115,0.015118516773063693
62,2.998318765484219,0.621349741399985,B_10,0.5356489333464681,0.2184385004645821,0.03853355637101753,0.024397444638646702,0.022769807043844625
62,2.998318765484219,0.621349741399985,B_30,0.5497139874558743,0.20251932563789535,0.02946405348592928,0.02194020037625958,0.02023150008190818
62,2.998318765484219,0.621349741399985,B_60,0.558722922431143,0.19254789127515698,0.02451579563512016,0.02014019316530808,0.01797083016841029
63,17.455987122197843,0.6858392667563278,placebo,0.6651660408216891,0.10781221498118296,0.002257947969228292,0.010789850322578674,0.007625427642829192
63,17.455987122197843,0.6858392667563278,A_10,0.6669990268509243,0.10556927080123565,0.002159284545013073,0.010126892331157555,0.006554063029226816
63,17.455987122197843,0.6858392667563278,A_30,0.6688179559481577,0.10331670705960416,0.0020616119582302014,0.009425979704358111,0.005533719145583574
63,17.455987122197843,0.6858392667563278,A_60,0.670047844690867,0.10179946173820363,0.0019955873709532434,0.008926077439672832,0.004869757254861119
63,17.455987122197843,0.6858392667563278,B_10,0.6660189736906283,0.10677347661069607,0.00221199160005193,0.010486538644315924,0.007121762821321495
63,17.455987122197843,0.6858392667563278,B_30,0.6672326403119839,0.10528086128843292,0.0021467321694537246,0.010039346613473506,0.006420547661422783
63,17.455987122197843,0.6858392667563278,B_60,0.6683809995052707,0.10385851804832656,0.002085067138755821,0.009598458789233238,0.005774741323064277
64,4.363592590458448,0.6449836290522053,placebo,0.5705711802541078,0.19109689473838382,0.018522270453222266,0.012724264923141559,0.043165913421732406
64,4.363592590458448,0.6449836290522053,A_10,0.5846305952807698,0.1756935831011765,0.012280352413399417,0.011134146167804495,0.036938535190217524
64,4.363592590458448,0.6449836290522053,A_30,0.5946250468912028,0.16532271105813226,0.00931461289389916,0.009936672406672944,0.031107296860424558
64,4.363592590458448,0.6449836290522053,A_60,0.6001120224714407,0.1599248500606784,0.008033849364197918,0.009265491980531603,0.02757226523603442
64,4.363592590458448,0.6449836290522053,B_10,0.5778421264437329,0.18304894006557176,0.014938996664612,0.011923179697825992,0.04027932624602693
64,4.363592590458448,0.6449836290522053,B_30,0.5860758919314596,0.17415647712618382,0.011789036226483812,0.010963062799366936,0.036155638094893486
64,4.363592590458448,0.6449836290522053,B_60,0.5924589238085665,0.16751582188019526,0.009879480721086627,0.010198854781529817,0.032446369741016834
65,4.07756765676866,0.6413055974317236,placebo,0.5624794094142036,0.18010969681069994,0.03571519280600385,0.01306858866234876,0.030042406549168954
65,4.07756765676866,0.6413055974317236,A_10,0.5778271204442644,0.16451000294480786,0.030559449281045238,0.011355354769333185,0.021563672937081384
65,4.07756765676866,0.6413055974317236,A_30,0.5883328931253996,0.1540153021467481,0.02716109191689873,0.009978336373330043,0.015833276016106318
65,4.07756765676866,0.6413055974317236,A_60,0.5937897305963399,0.14864186657471967,0.025410000862670156,0.009175209553688323,0.012930656419038651
65,4.07756765676866,0.6413055974317236,B_10,0.5703955484326597,0.17202028229475322,0.033016580390073144,0.012221767033206326,0.025671701575784682
65,4.07756765676866,0.6413055974317236,B_30,0.5793868598036301,0.16294278443342372,0.030050641698643164,0.011163174855497848,0.020704921073950455
65,4.07756765676866,0.6413055974317236,B_60,0.5861161852599659,0.15621665547569805,0.02787378018044109,0.010286106560573525,0.01702952543074303
66,5.422810626751784,0.6554076044244599,placebo,0.5938819317971744,0.16766451058145562,0.02211250197773262,0.012468611142887394,0.02694455950666513
66,5.422810626751784,0.6554076044244599,A_10,0.6154368286158146,0.14489898511499813,0.014904728593216484,0.009376714436142082,0.015689332779278038
66,5.422810626751784,0.6554076044244599,A_30,0.6216066024596829,0.13900939510264804,0.013264334995899671,0.008357866994800855,0.012178799974103642
66,5.422810626751784,0.6554076044244599,A_60,0.6239371722836609,0.13692389519114243,0.012671205947576683,0.007950966070944813,0.010848260122293386
66,5.422810626751784,0.6554076044244599,B_10,0.6083046781558192,0.15212802828490501,0.016975139704018944,0.01046696018439097,0.019660826380228223
66,5.422810626751784,0.6554076044244599,B_30,0.6165598944339141,0.14379667750078604,0.014597359272086798,0.009197042625034471,0.01505330809342518
66,5.422810626751784,0.6554076044244599,B_60,0.6205284100931059,0.14000535413144238,0.01354315045503797,0.008541789561462187,0.01279425431486233
67,0.605785991826667,0.37565037968211595,placebo,0.1478972470643187,0.6922870100816549,0.1724532029699113,0.025807838893127287,0.02949209075475783
67,0.605785991826667,0.37565037968211595,A_10,0.14885075891897775,0.6861604137488447,0.17276527596085542,0.024484100731037274,0.029550244071255494
67,0.605785991826667,0.37565037968211595,A_30,0.20636517451164862,0.5994011837929004,0.12454752104140941,0.01822999121586648,0.02650769291319882
67,0.605785991826667,0.37565037968211595,A_60,0.2588196156246994,0.5372140017409052,0.07897333455540183,0.01366951173890496,0.024187917763115487
67,0.605785991826667,0.37565037968211595,B_10,0.14829855989646729,0.6894047455127303,0.17258296812279564,0.025253000019035382,0.029515851643817415
67,0.605785991826667,0.37565037968211595,B_30,0.14898324403328275,0.6854735455634267,0.17280947619193154,0.024298861106203065,0.029558798350709226
67,0.605785991826667,0.37565037968211595,B_60,0.16318720745201742,0.6461598147291637,0.16162026645821342,0.022091213809277317,0.028751691962616246
68,0.7264835435440818,0.42707114189397394,placebo,0.20375937511204364,0.6388781054474648,0.193004409656676,0.01703904205382152,0.013268315071433516
68,0.7264835435440818,0.42707114189397394,A_10,0.20413611278719954,0.6349659626427256,0.1931186746719349,0.016540035946563916,0.01327631848828496
68,0.7264835435440818,0.42707114189397394,A_30,0.20465511763608116,0.6307832463671875,0.1932895141764846,0.01583841579306468,0.013288094288362542
68,0.7264835435440818,0.42707114189397394,A_60,0.2050365110727902,0.6283043631311365,0.19342556790280735,0.015311968460318275,0.01329709445810005
68,0.7264835435440818,0.42707114189397394,B_10,0.20390514652067546,0.6372766544330288,0.19304830643464696,0.016846297289609204,0.013271391649029275
68,0.7264835435440818,0.42707114189397394,B_30,0.20419835516860352,0.6343971382931023,0.1931381676855559,0.016456940041440667,0.01327767899838348
68,0.7264835435440818,0.42707114189397394,B_60,0.2045251654676586,0.6317252357202832,0.1932450005001367,0.016015910380785443,0.013285065545402784
69,4.887579796402599,0.6507050914893716,placebo,0.5832965752707244,0.178472972526178,0.0005107471018395092,0.010764601752669916,0.056133167364137426
69,4.887579796402599,0.6507050914893716,A_10,0.5963043604954429,0.16411107556231416,0.00037898664304371457,0.009242429691345765,0.04477931465952925
69,4.887579796402599,0.6507050914893716,A_30,0.6050671514109605,0.15553420985817581,0.0003221112424623196,0.008312657619827427,0.03700317121613244
69,4.887579796402599,0.6507050914893716,A_60,0.6095088447272888,0.15148168180788119,0.0002980110998651566,0.007847871890511282,0.03305036377169941
69,4.887579796402599,0.6507050914893716,B_10,0.5899885889313171,0.17079876882476488,0.0004325364156016426,0.009947732176037678,0.050336233966413436
69,4.887579796402599,0.6507050914893716,B_30,0.5976212372622645,0.16277285666192665,0.00036940049613580413,0.0091002385169913,0.04361421521398685
69,4.887579796402599,0.6507050914893716,B_60,0.6032409752068104,0.157258939587394,0.00033279410997939075,0.008504148701856104,0.038627173470716404
70,4.3712619445071805,0.645084604294286,placebo,0.5707943064792451,0.17783847435016917,0.0353334701939196,0.014887206568134774,0.024069621052984925
70,4.3712619445071805,0.645084604294286,A_10,0.5859810767656206,0.16271807532974647,0.02817642141985793,0.013005351310795749,0.017921754798013997
70,4.3712619445071805,0.645084604294286,A_30,0.5947819950907421,0.1542186251893061,0.024413083890104888,0.01173622602303069,0.014153299290399457
70,4.3712619445071805,0.645084604294286,A_60,0.5990279638647859,0.15023547654139768,0.022675234885002865,0.011066568933729032,0.012314836610776207
70,4.3712619445071805,0.645084604294286,B_10,0.5790575504228943,0.1695513786384762,0.0313221465935019,0.01390618522254134,0.02079872205534508
70,4.3712619445071805,0.645084604294286,B_30,0.587352015061743,0.16137847323721355,0.027574131004272286,0.012817356262279337,0.017341101966000482
70,4.3712619445071805,0.645084604294286,B_60,0.5930019163351729,0.15591593162353065,0.0251556017779949,0.012005325668640448,0.014921760512484715
71,8.838584101758045,0.6723003494474094,placebo,0.632853649540053,0.1369214782499973,0.013767029304430665,0.01192928596424903,0.01375038463868405
71,8.838584101758045,0.6723003494474094,A_10,0.6432495670347302,0.12524923930142373,0.011176701332901938,0.009547912618723618,0.008326168461042819
71,8.838584101758045,0.6723003494474094,A_30,0.6465608436488308,0.12180321917001025,0.01041196410036855,0.008679788436398977,0.00664775326185131
71,8.838584101758045,0.6723003494474094,A_60,0.647855940952384,0.12054761425992501,0.01011753034083885,0.0083230463073609,0.006003831846850813
71,8.838584101758045,0.6723003494474094,B_10,0.6396239357532191,0.1292311937904714,0.012040162228323641,0.01043193888237909,0.010204312583507413
71,8.838584101758045,0.6723003494474094,B_30,0.6438397212264478,0.12461762019175253,0.011038972495331346,0.009397650802393426,0.008024004923204679
71,8.838584101758045,0.6723003494474094,B_60,0.6459698716052307,0.12239757802935582,0.010547114539533078,0.008839286070066071,0.006944077232604334
72,0.3755289581095323,0.26962175048029874,placebo,0.06460005059863352,0.75662571095286,0.17226289349370943,0.009553178675283677,0.023205627712671553
72,0.3755289581095323,0.26962175048029874,A_10,0.06479401250220079,0.754478567630694,0.17235987432888078,0.009243919855341672,0.023223943793875833
72,0.3755289581095323,0.26962175048029874,A_30,0.06519423571277269,0.7509285253668557,0.1724926979565169,0.0086801409428595,0.02325467586814394
72,0.3755289581095323,0.26962175048029874,A_60,0.0705735658856273,0.7330999676386165,0.17163179389369768,0.006201029203294899,0.021215361497676905
72,0.3755289581095323,0.26962175048029874,B_10,0.06467699794176988,0.7557264913993339,0.17230352058966159,0.009428193751152844,0.023213038197713184
72,0.3755289581095323,0.26962175048029874,B_30,0.06482809692297149,0.7541387732108403,0.17237499046228183,0.009191649180111816,0.0232270139149353
72,0.3755289581095323,0.26962175048029874,B_60,0.06505596905661337,0.7520718211310492,0.17245878937990664,0.008861336987730355,0.02324565505604581
73,4.769037953402462,0.649514859140871,placebo,0.5806354485677925,0.1701874105994577,0.033728060880250356,0.00915422687286739,0.025997122819959608
73,4.769037953402462,0.649514859140871,A_10,0.5968243548548653,0.15381128441569994,0.027426222859532112,0.007672650531658802,0.017591630894814518
73,4.769037953402462,0.649514859140871,A_30,0.6054865661294484,0.14520985610650136,0.024303057769692337,0.006734626853194648,0.012990608388536454
73,4.769037953402462,0.649514859140871,A_60,0.6094595356839307,0.14134612542818334,0.022898654815931903,0.006257913223214987,0.010898755417810407
73,4.769037953402462,0.649514859140871,B_10,0.5896205849561335,0.1610550956224707,0.03013352179976305,0.008368011943879853,0.021392740441116116
73,4.769037953402462,0.649514859140871,B_30,0.598211216481029,0.15242460463463944,0.0269182998311195,0.007530694403760564,0.01685464842497129
73,4.769037953402462,0.649514859140871,B_60,0.6037810143142327,0.14688954949050603,0.02491005918830966,0.0069296240304923176,0.013894161607823693
74,1.544743137183759,0.5539313677467977,placebo,0.3901542417341454,0.38207180318294726,0.13584746115923874,0.012943452964048129,0.014986211889360874
74,1.544743137183759,0.5539313677467977,A_10,0.5005436474106132,0.2413907300734625,0.03459851767224712,0.008908133272449669,0.009881069391512197
74,1.544743137183759,0.5539313677467977,A_30,0.5133330536987984,0.2262318911238309,0.024900411173466964,0.007850035074011849,0.007847867800550731
74,1.544743137183759,0.5539313677467977,A_60,0.517633809232426,0.2212991394401791,0.021798396465207266,0.0074421523028569084,0.007057009746312889
74,1.544743137183759,0.5539313677467977,B_10,0.4813748038266731,0.26476360462163023,0.05039071689338432,0.010123439421211864,0.012042407605519353
74,1.544743137183759,0.5539313677467977,B_30,0.5030673712060738,0.2383609751970437,0.03262770189262844,0.008716960364163305,0.00951933428394259
74,1.544743137183759,0.5539313677467977,B_60,0.5112646697331562,0.22864329083297777,0.026419712574094287,0.008036771590324635,0.008210213849268467
76,15.623328892175879,0.6841961163522323,placebo,0.6611929437615225,0.11149822861741414,0.014708427446986257,0.005354792329797535,0.0029399528139211232
76,15.623328892175879,0.6841961163522323,A_10,0.6654913633447598,0.10418276612640393,0.012787096064957149,0.004229631193412159,0.001688025749111198
76,15.623328892175879,0.6841961163522323,A_30,0.6670477656339956,0.10160369054067721,0.012095363016628193,0.0037652678724718527,0.0012877198291548005
76,15.623328892175879,0.6841961163522323,A_60,0.6676812803877974,0.10062601525457365,0.01181422419415252,0.003567136754546517,0.0011334750157405635
76,15.623328892175879,0.6841961163522323,B_10,0.6638950223722476,0.10691843853491037,0.013498315898057632,0.004673460867492482,0.002129317214441439
76,15.623328892175879,0.6841961163522323,B_30,0.6657618623460969,0.10372415693923774,0.012666766938001724,0.004151200175961858,0.0016162868921802973
76,15.623328892175879,0.6841961163522323,B_60,0.6667631692954911,0.10206106466355232,0.012221740951326209,0.003852555405610823,0.0013586506998234014
78,3.5378540730755605,0.6327946873982255,placebo,0.5440201846053242,0.21307625170763472,0.009500392753132686,0.01743058209491584,0.061843527944852934
78,3.5378540730755605,0.6327946873982255,A_10,0.5684808496497455,0.1842556897917081,0.00480518941793565,0.013655157234221954,0.04585349109631495
78,3.5378540730755605,0.6327946873982255,A_30,0.5777473348160858,0.17498772848616734,0.003890377466670404,0.012355029881615288,0.038801945233859964
78,3.5378540730755605,0.6327946873982255,A_60,0.5815507340362466,0.17145211238826313,0.0035738444312163288,0.011829579575223757,0.03584052935553226
78,3.5378540730755605,0.6327946873982255,B_10,0.5591804806215265,0.19444212160763968,0.006041942810682216,0.01501659981220324,0.05255566415382339
78,3.5378540730755605,0.6327946873982255,B_30,0.5700806107290185,0.18259300406585083,0.0046293871080186275,0.013427732267372526,0.044656957293814
78,3.5378540730755605,0.6327946873982255,B_60,0.5760434811241463,0.17662485615576315,0.0040417928981852655,0.012591515965792822,0.040117897410106504
79,0.5432667094443075,0.35819847447793685,placebo,0.1313286056811471,0.7039813669108509,0.18602413343535118,0.010642849894597751,0.030202885466837914
79,0.5432667094443075,0.35819847447793685,A_10,0.13181469986746977,0.6986179630230498,0.18618948384725661,0.00996082454323633,0.03023346621997221
79,0.5432667094443075,0.35819847447793685,A_30,0.1666822358225829,0.6405026312482498,0.1640153696270641,0.0056415369931357056,0.021859332035152366
79,0.5432667094443075,0.35819847447793685,A_60,0.17868631969090565,0.6269761276933233,0.15699792643180704,0.004361290809613711,0.018152937545605458
79,0.5432667094443075,0.35819847447793685,B_10,0.13152368823605873,0.7016354093078814,0.1860949756781568,0.010363896869509923,0.030215913694209527
79,0.5432667094443075,0.35819847447793685,B_30,0.1319017409575126,0.6977761320893368,0.1862132160131958,0.009845651096029383,0.030237866411203792
79,0.5432667094443075,0.35819847447793685,B_60,0.1597268931677189,0.6480728346834598,0.1682089633779004,0.006453729827081346,0.023808888105241642
81,8.162588705882401,0.6700589317681632,placebo,0.6275970918566078,0.1424065517220151,0.002301394469349344,0.009993630291359157,0.030166815150834605
81,8.162588705882401,0.6700589317681632,A_10,0.6367275053329287,0.1333663312973144,0.0019347355363036076,0.008728354669106894,0.022668336229830974
81,8.162588705882401,0.6700589317681632,A_30,0.6434582344352349,0.1268011328672219,0.0017024254926993818,0.007714306943103776,0.017183964897125616
81,8.162588705882401,0.6700589317681632,A_60,0.6470575465503302,0.12333076108870118,0.0015855201478070964,0.007124924577481301,0.014290940492542604
81,8.162588705882401,0.6700589317681632,B_10,0.6321868245060411,0.13783575076863902,0.002107313798370748,0.009367969013371133,0.02639682445036045
81,8.162588705882401,0.6700589317681632,B_30,0.6377059044745127,0.13240799921755772,0.0018994873948789844,0.008586616459222395,0.0218669234395584
81,8.162588705882401,0.6700589317681632,B_60,0.6420130662089301,0.12820493638552244,0.001750543399076526,0.007940608334440363,0.01835471382571941
82,20.882568331599845,0.6881434181711961,placebo,0.6707614798360719,0.10981098103188615,0.00016388739077657555,0.01150696944779929,0.005711081496547194
82,20.882568331599845,0.6881434181711961,A_10,0.6742738609109683,0.1045090895283964,0.00014617597488085163,0.009813936065937579,0.00390944521942128
82,20.882568331599845,0.6881434181711961,A_30,0.6760986961864974,0.10179820457176604,0.00013725466177819467,0.008847589885074565,0.0030598774378790684
82,20.882568331599845,0.6881434181711961,A_60,0.6769419687913951,0.10060675897629502,0.00013317944011571328,0.008379780300411952,0.0026884896392927113
82,20.882568331599845,0.6881434181711961,B_10,0.672739877861246,0.10683209363305726,0.00015380862915740973,0.01057910775181793,0.004670623928980552
82,20.882568331599845,0.6881434181711961,B_30,0.6745663402226936,0.10406821714761356,0.00014473555275754796,0.009663233125569007,0.003769109270205434
82,20.882568331599845,0.6881434181711961,B_60,0.6757388581091571,0.10232250407021251,0.00013900214252229678,0.0090431004813029,0.003222457438232705
83,7.2813648027625035,0.6665206840693455,placebo,0.6193526608794719,0.1544811110215199,0.0009794941211810884,0.02235364380951128,0.023834885259188858
83,7.2813648027625035,0.6665206840693455,A_10,0.6305065086788203,0.141361711304075,0.0006599957763441741,0.018277902049264255,0.01707627756491486
83,7.2813648027625035,0.6665206840693455,A_30,0.6347128919838666,0.1371794166220837,0.0005779580783978027,0.01677905729216109,0.01445077671493518
83,7.2813648027625035,0.6665206840693455,A_60,0.6364337036181609,0.13561417615469123,0.0005476533388618375,0.01616227375603295,0.013377053356276484
83,7.2813648027625035,0.6665206840693455,B_10,0.6262531067954272,0.14601755850131706,0.000758893863155816,0.019798349512758637,0.01971033389800411
83,7.2813648027625035,0.6665206840693455,B_30,0.631234573368186,0.14060617622759558,0.000644852730362896,0.018018809791396015,0.016622448179417153
83,7.2813648027625035,0.6665206840693455,B_60,0.6339411205251655,0.1379117891000076,0.0005921014938850793,0.01705473794057671,0.0149327241097407
84,8.098281204616544,0.6698268033774811,placebo,0.6270542077063747,0.12433603724248526,0.03231829240530634,0.007671145228178939,0.0027831580376080174
84,8.098281204616544,0.6698268033774811,A_10,0.6314778660282756,0.11816820406255525,0.030035569618037033,0.006455642580810279,0.0018577251503537331
84,8.098281204616544,0.6698268033774811,A_30,0.633649353146926,0.11522896382613672,0.02891386831286774,0.005807803117367698,0.0014557788003539017
84,8.098281204616544,0.6698268033774811,A_60,0.6346335342995533,0.11396541476065128,0.028405370733613333,0.005503134989593152,0.0012847633547558664
84,8.098281204616544,0.6698268033774811,B_10,0.62959278325608,0.12079169151743899,0.031008671251447347,0.006990597473103731,0.0022347513968428542
84,8.098281204616544,0.6698268033774811,B_30,0.6318305287617657,0.11768220245510158,0.02985344794649331,0.0063527286325960625,0.0017900980366395774
84,8.098281204616544,0.6698268033774811,B_60,0.6332261627295871,0.11578917690603734,0.029132517538329718,0.005936701293897334,0.0015314218156899672
85,10.786953005130506,0.6772237206386629,placebo,0.6444923381351104,0.12585779887681417,0.001445047051672133,0.01773300011715268,0.01355333533470533
85,10.786953005130506,0.6772237206386629,A_10,0.650351292310369,0.11960061284278657,0.0012817842787819376,0.015595760203181062,0.009994883846339508
85,10.786953005130506,0.6772237206386629,A_30,0.6547060648740162,0.11486185495116058,0.0011675102656139842,0.01383231127860844,0.007517834220437645
85,10.786953005130506,0.6772237206386629,A_60,0.6570965276217541,0.11226355110433961,0.0011065893929219708,0.012787478670073063,0.006233124953934132
85,10.786953005130506,0.6772237206386629,B_10,0.6474463973848595,0.12272264776075076,0.001361095211046764,0.01668502169076637,0.011731206351987046
85,10.786953005130506,0.6772237206386629,B_30,0.6509785931207827,0.11892150277032852,0.0012650137325565804,0.01535194669151221,0.009628167093798325
85,10.786953005130506,0.6772237206386629,B_60,0.653761023584774,0.11589336513620965,0.0011919142877134063,0.014229670708907283,0.008041112057271649
86,3.6309345079640187,0.6343962963666157,placebo,0.547465706226994,0.2087388728344589,0.03180555499240423,0.016606942741110874,0.038518092406108
86,3.6309345079640187,0.6343962963666157,A_10,0.5695320916024018,0.18485019868602307,0.019504910643541203,0.014059665012369217,0.03129962910829761
86,3.6309345079640187,0.6343962963666157,A_30,0.5818705111929031,0.1721226229703305,0.014646548575007603,0.012404113531470088,0.025475123067244844
86,3.6309345079640187,0.6343962963666157,A_60,0.5878802640916866,0.16619076722413242,0.012681282867322495,0.01154357805169383,0.02229117135591297
86,3.6309345079640187,0.6343962963666157,B_10,0.5597616714632635,0.19530077817767882,0.024336437724693183,0.015261219939889546,0.03503696723876795
86,3.6309345079640187,0.6343962963666157,B_30,0.5714497775809894,0.18283272598977074,0.018665508174891262,0.01381201586645945,0.03046899474427224
86,3.6309345079640187,0.6343962963666157,B_60,0.5793645877107968,0.17465450360210066,0.015536100089076953,0.012752212548592082,0.02674339601814481
87,0.7342553873007672,0.4296703943551878,placebo,0.20687084947328055,0.6350953760681056,0.14498241069572926,0.030950396860929007,0.04686673732524931
87,0.7342553873007672,0.4296703943551878,A_10,0.2076509125129989,0.6304242927046931,0.1451618942188282,0.02993251329315392,0.04692507433020934
87,0.7342553873007672,0.4296703943551878,A_30,0.20864701399859945,0.6256722665581094,0.14541242030701448,0.028605856652375975,0.047005103397207745
87,0.7342553873007672,0.4296703943551878,A_60,0.20938334288397403,0.622731631405228,0.14561394265252217,0.027606042789020648,0.047067066029698006
87,0.7342553873007672,0.4296703943551878,B_10,0.20718620496970658,0.6330961788406982,0.14505398215571327,0.030540169987117553,0.046890037242646315
87,0.7342553873007672,0.4296703943551878,B_30,0.20777197893048382,0.629782974201642,0.14519088572297242,0.029773080780564846,0.0469344489211726
87,0.7342553873007672,0.4296703943551878,B_60,0.20839839315367725,0.6267594009283001,0.14534736710716994,0.028940058459769845,0.046984575634578175
88,0.729429685005052,0.42873530282517736,placebo,0.2057482274424066,0.6349121116035324,0.1343268250922327,0.023371224127836248,0.06528902616270228
88,0.729429685005052,0.42873530282517736,A_10,0.2066763204942884,0.6284720612462226,0.134524718272486,0.022149520618670593,0.06538474343974712
88,0.729429685005052,0.42873530282517736,A_30,0.20763322878805915,0.623439481126539,0.13474708213695788,0.020870784931182135,0.06548420696898774
88,0.729429685005052,0.42873530282517736,A_60,0.2083442477342979,0.6202549127753949,0.13491826689922728,0.019924019286245098,0.06554876890544206
88,0.729429685005052,0.42873530282517736,B_10,0.20616291330311295,0.6317835100064647,0.1344131824123265,0.022827993027334657,0.06533121408240684
88,0.729429685005052,0.42873530282517736,B_30,0.20679877625957446,0.6277581650376082,0.1345522170671083,0.02198664256039373,0.06539766693810811
88,0.729429685005052,0.42873530282517736,B_60,0.20740015170066095,0.6245659550565793,0.13469156990607603,0.02118293946590364,0.06546064175255957
89,3.0562087899723034,0.6228096969678246,placebo,0.5228329074996175,0.2322187761914423,0.003968013686677789,0.05486891212752811,0.04113986365400149
89,3.0562087899723034,0.6228096969678246,A_10,0.5419654438496043,0.20781044421054046,0.0022703953291062498,0.045241636342965366,0.033332221446150626
89,3.0562087899723034,0.6228096969678246,A_30,0.5506485030055859,0.19807959732592872,0.001844942641601061,0.04124289316638919,0.02907335815424174
89,3.0562087899723034,0.6228096969678246,A_60,0.5544626482143251,0.19407995947820267,0.0016903766364957163,0.039531674947837284,0.02712499716916311
89,3.0562087899723034,0.6228096969678246,B_10,0.5340843647414999,0.21735959383653006,0.002792837608528512,0.049048919497165756,0.03688357512062323
89,3.0562087899723034,0.6228096969678246,B_30,0.54340308448421,0.20614207040553045,0.0021911889346746664,0.04456740294282785,0.03264802060612743
89,3.0562087899723034,0.6228096969678246,B_60,0.5489868572149867,0.19987669681370152,0.001917595342637243,0.04199582606226492,0.029909418347938456
90,1.4978605845625186,0.5511207314090616,placebo,0.38522866748512974,0.38239577865632196,0.12290045525113634,0.012754840810713214,0.030236767862077043
90,1.4978605845625186,0.5511207314090616,A_10,0.4231699987696559,0.32821505738259193,0.09556297802929473,0.010193505490364328,0.022194249119743766
90,1.4978605845625186,0.5511207314090616,A_30,0.444375776652644,0.29879703619095277,0.08200119420656628,0.008621515493249087,0.01612224505661419
90,1.4978605845625186,0.5511207314090616,A_60,0.4544055154787421,0.2851678580219233,0.07587874324631973,0.007805457195429347,0.013031015488574282
90,1.4978605845625186,0.5511207314090616,B_10,0.40620998108640305,0.3522019142059573,0.10724271606384586,0.011357684078414353,0.02631035018039493
90,1.4978605845625186,0.5511207314090616,B_30,0.426499487076068,0.3235511779572177,0.09336477175805875,0.009957227892990842,0.021299244681942747
90,1.4978605845625186,0.5511207314090616,B_60,0.4401239195502826,0.3046371442286689,0.08464462685728306,0.008951284460860472,0.017400900540620334
91,1.6666699754895153,0.5649523613592486,placebo,0.40983166423819584,0.3367428443216113,0.1371117374829263,0.007177819581278735,0.010831140056845491
91,1.6666699754895153,0.5649523613592486,A_10,0.42260133093195035,0.3163524940468473,0.12992801210750132,0.005831555646639118,0.006591462673157354
91,1.6666699754895153,0.5649523613592486,A_30,0.4285832587320526,0.30692872136113375,0.12637941009575607,0.005135491186973962,0.004854201344464107
91,1.6666699754895153,0.5649523613592486,A_60,0.43123214372738544,0.30283604576160983,0.12477310586460429,0.004810813365397393,0.004136298401857666
91,1.6666699754895153,0.5649523613592486,B_10,0.4172508268575849,0.32487628283385583,0.1330018832244789,0.006416086867168288,0.008283564410019713
91,1.6666699754895153,0.5649523613592486,B_30,0.4235860896529921,0.3147905092517624,0.1293518561190993,0.00572024441328216,0.006294171173874713
91,1.6666699754895153,0.5649523613592486,B_60,0.42743262283685524,0.3087263600405222,0.12707085152481032,0.00527321957595879,0.00517566742161863
93,4.250555976653323,0.6436031095433693,placebo,0.5675258740604979,0.1854727525722544,0.013892004437466798,0.0295473414542108,0.03263788959119528
93,4.250555976653323,0.6436031095433693,A_10,0.5874019712218301,0.16444654437232198,0.009771224154400147,0.02414028176622231,0.022289632400916835
93,4.250555976653323,0.6436031095433693,A_30,0.5947384682737064,0.15741560180536496,0.008601719348378263,0.02200085341995587,0.018262068501330518
93,4.250555976653323,0.6436031095433693,A_60,0.59772407653117,0.15471731391671042,0.008159453809300759,0.021100011524999268,0.0166195676779107
93,4.250555976653323,0.6436031095433693,B_10,0.5799193235553362,0.1720610819967362,0.01112223862475794,0.026230596119617332,0.026330951243660982
93,4.250555976653323,0.6436031095433693,B_30,0.5886758154462967,0.16319157909937795,0.009558555092695547,0.023775820602810367,0.021592918401570547
93,4.250555976653323,0.6436031095433693,B_60,0.5933964911037722,0.15866319098205786,0.008806305565979142,0.022399818586563255,0.019000494287058668
95,7.404721312903273,0.6670666504437053,placebo,0.6206205470222845,0.15175072593920297,0.0011472645372584067,0.013202397566602346,0.032096441317573436
95,7.404721312903273,0.6670666504437053,A_10,0.6308466596267033,0.14061958586388756,0.0008937932372500852,0.011227710017556444,0.024098487562190345
95,7.404721312903273,0.6670666504437053,A_30,0.6365391276781274,0.13501113205264348,0.0007888731396245888,0.010136455993045706,0.019602193632904913
95,7.404721312903273,0.6670666504437053,A_60,0.639193997209509,0.1325588937642348,0.0007447920526448637,0.009616303111891409,0.01751155806967129
95,7.404721312903273,0.6670666504437053,B_10,0.6262160007955131,0.14548309010157795,0.0009946167784453978,0.012109817810561275,0.027746215059197103
95,7.404721312903273,0.6670666504437053,B_30,0.6317494965272437,0.13970231968592223,0.0008759833234610197,0.011055916752254969,0.023385253840760196
95,7.404721312903273,0.6670666504437053,B_60,0.6354082677056271,0.13609060616412916,0.0008084638234986236,0.010355327787571695,0.02049459112701219
96,0.7151242354317126,0.424536439117784,placebo,0.20075236032207225,0.6420347408158472,0.16366896029996097,0.032605142762360824,0.027509975733390604
96,0.7151242354317126,0.424536439117784,A_10,0.2016679730325966,0.6366505600218032,0.16390082272212253,0.031417058894501707,0.027550584468568035
96,0.7151242354317126,0.424536439117784,A_30,0.20273624778520555,0.6319451966014535,0.16419959937292794,0.029996921960408526,0.027603669999255814
96,0.7151242354317126,0.424536439117784,A_60,0.2034097630538401,0.6295477601748227,0.16440690108650818,0.02907929990490712,0.02764047507255791
96,0.7151242354317126,0.424536439117784,B_10,0.20111544294808953,0.6397324806674299,0.16375984622266818,0.03213537039230506,0.027525779554719812
96,0.7151242354317126,0.424536439117784,B_30,0.20180755997545707,0.635954059619136,0.16393779507741013,0.03123395409486764,0.027557129970057367
96,0.7151242354317126,0.424536439117784,B_60,0.20248672825650105,0.6329309582653758,0.1641265542191194,0.030332484787971875,0.02759067185420213
97,0.8884869460857695,0.46807306415236455,placebo,0.25618622661188717,0.5377037815352461,0.17543193205697657,0.015501093822310762,0.02095381166118835
97,0.8884869460857695,0.46807306415236455,A_10,0.26718535719306613,0.5212488037583034,0.17229606803160352,0.013362510475043112,0.015229128452658319
97,0.8884869460857695,0.46807306415236455,A_30,0.275300390411098,0.5090199758148565,0.1697802385604313,0.011723287445196571,0.011269147735642245
97,0.8884869460857695,0.46807306415236455,A_60,0.27973641268380506,0.5023181976063348,0.1683255898621438,0.01078121665038443,0.009229844956033458
97,0.8884869460857695,0.46807306415236455,B_10,0.26174235860985884,0.5294060753821376,0.17388235678595684,0.014424772156377573,0.01802357660016971
97,0.8884869460857695,0.46807306415236455,B_30,0.2683576183559978,0.5194870842094841,0.1719442648671165,0.013130799497470041,0.014640381431780392
97,0.8884869460857695,0.46807306415236455,B_60,0.2735436341367727,0.5116730082818378,0.1703410456978592,0.01208614241657937,0.01210224190115367
99,6.927229692986614,0.6648454904674271,placebo,0.6154720932110788,0.15842993729343505,0.01178143676278381,0.014453421136170173,0.023138539357379702
99,6.927229692986614,0.6648454904674271,A_10,0.6261546009007958,0.14648275195371133,0.008163605715337082,0.012300305818065247,0.01822697803324475
99,6.927229692986614,0.6648454904674271,A_30,0.632801656205985,0.1394080817354534,0.006560333949502689,0.010879658190979538,0.014603842120950512
99,6.927229692986614,0.6648454904674271,A_60,0.636116507657538,0.13603926313815823,0.005880406189121574,0.010141593384724408,0.012706983236051031
99,6.927229692986614,0.6648454904674271,B_10,0.6211714521206396,0.15198767080647663,0.009655793046455759,0.013324917737442148,0.020693327562882682
99,6.927229692986614,0.6648454904674271,B_30,0.6271673680819433,0.1453829255587832,0.007894238068006447,0.012088114927654785,0.01769576938981598
99,6.927229692986614,0.6648454904674271,B_60,0.6314306840177935,0.14083694526943166,0.006862040092189781,0.0111785279924173,0.015374238365026644
100,11.866742021725953,0.6792659359453993,placebo,0.6493574274843855,0.1348433921134097,0.0005579862651090541,0.012493921161152588,0.016856601034736702
100,11.866742021725953,0.6792659359453993,A_10,0.655214916888298,0.12739889520684988,0.0004432772369168561,0.010816713586456734,0.012791028233731443
100,11.866742021725953,0.6792659359453993,A_30,0.65863146326283,0.12338276532313762,0.0003904767243856881,0.009815164128455194,0.010428831829735618
100,11.866742021725953,0.6792659359453993,A_60,0.6602733868031543,0.12157104786863597,0.0003673599862662212,0.00931943987820271,0.0093057492777967
100,11.866742021725953,0.6792659359453993,B_10,0.6525270641743904,0.130730519891512,0.0004910422676835824,0.011587332430494379,0.014660497072831864
100,11.866742021725953,0.6792659359453993,B_30,0.6557478902048394,0.12675506917653848,0.0004345368237115378,0.010662561006538665,0.012420947910314232
100,11.866742021725953,0.6792659359453993,B_60,0.6579417504328807,0.12417035438458124,0.00040057406411142846,0.010020263973828165,0.010903347474569145
102,0.5299162873526744,0.3486604510138387,placebo,0.12276789289405257,0.7118206482895211,0.16922986809052856,0.027321023635202574,0.02934166639405035
102,0.5299162873526744,0.3486604510138387,A_10,0.12365406374689727,0.7074927873367728,0.16948409391719726,0.02611670079637809,0.029405592553373234
102,0.5299162873526744,0.3486604510138387,A_30,0.20182554443465286,0.6072728222953321,0.1003156211630391,0.017763858664774215,0.028755426751378772
102,0.5299162873526744,0.3486604510138387,A_60,0.23324563046068197,0.5700784995392206,0.07248889698267316,0.015003354159524016,0.027922569410963795
102,0.5299162873526744,0.3486604510138387,B_10,0.1231129362199958,0.7100242970653788,0.16933872291559915,0.026841981058137655,0.029366810820111857
102,0.5299162873526744,0.3486604510138387,B_30,0.12381751298291202,0.7067774639513956,0.16951925078253166,0.025906773865669443,0.02941691338271323
102,0.5299162873526744,0.3486604510138387,B_60,0.1823083721601324,0.6290280499316868,0.11804684509326654,0.01953698508736203,0.028768248673074273
103,2.719845163876457,0.6137107598160135,placebo,0.5039635841700087,0.2426708187018735,0.06179862786650905,0.017151914552305657,0.030796633227192234
103,2.719845163876457,0.6137107598160135,A_10,0.549908732601994,0.1910339681066949,0.033654152755886915,0.012681380787660065,0.017466493670476247
103,2.719845163876457,0.6137107598160135,A_30,0.5612760689122367,0.17929264048034269,0.02793147936839488,0.011218438515514356,0.01328477301987077
103,2.719845163876457,0.6137107598160135,A_60,0.56547520189315,0.17514058258215648,0.025909695225977428,0.010628749023232105,0.011697113673669574
103,2.719845163876457,0.6137107598160135,B_10,0.536164033669833,0.20587743094013278,0.04115631075468682,0.014229395193583256,0.02216102019789888
103,2.719845163876457,0.6137107598160135,B_30,0.5520075970341112,0.18882318102748477,0.032567506568784925,0.012424867537310732,0.016710788675812212
103,2.719845163876457,0.6137107598160135,B_60,0.5593166167928684,0.1812709920304908,0.028890784011981727,0.011484056446821824,0.014019302564338575
104,3.2009209390237943,0.6261169551059326,placebo,0.5297947511817237,0.2071554671836161,0.055279200166343495,0.0070031166481385135,0.03403988710972565
104,3.2009209390237943,0.6261169551059326,A_10,0.5541422977874775,0.1800862080855268,0.046518648179117106,0.005591250614096276,0.01986475852524866
104,3.2009209390237943,0.6261169551059326,A_30,0.5615277501981856,0.17239852990386464,0.04385347947749438,0.005075416911133441,0.01566030851911027
104,3.2009209390237943,0.6261169551059326,A_60,0.5643712746954115,0.16955962243183312,0.04281922666094386,0.004863172561661926,0.014063281187930087
104,3.2009209390237943,0.6261169551059326,B_10,0.5458559843640945,0.18906306354040944,0.049486241357911416,0.006115877746361802,0.024658851637566283
104,3.2009209390237943,0.6261169551059326,B_30,0.5554709807047374,0.17867715414049085,0.04604112067386952,0.005502019895744969,0.01910283383157297
104,3.2009209390237943,0.6261169551059326,B_60,0.5602218865940573,0.17372897612154953,0.04432684358892113,0.005170253013665143,0.016397971909283205
105,1.7915436762365289,0.5733701055853964,placebo,0.4252537640746051,0.32374854633318034,0.11296521549691771,0.014615251259266163,0.020535874754619595
105,1.7915436762365289,0.5733701055853964,A_10,0.446098592854381,0.2947156434584537,0.10002659019848666,0.01254462850968541,0.014700294022836013
105,1.7915436762365289,0.5733701055853964,A_30,0.45839285267546365,0.27795769157523037,0.09261461160075586,0.011164419517769973,0.011198221791406462
105,1.7915436762365289,0.5733701055853964,A_60,0.46434486249096785,0.27000259200434423,0.08905687571693292,0.010441845871465629,0.00952652150603771
105,1.7915436762365289,0.5733701055853964,B_10,0.4365106261477978,0.30799054600118375,0.10590276187336746,0.01353279505175126,0.017423922512480986
105,1.7915436762365289,0.5733701055853964,B_30,0.4480079035495372,0.2920911349125774,0.0988680333734433,0.012339261611421256,0.014154907051002497
105,1.7915436762365289,0.5733701055853964,B_60,0.4559004236258655,0.2813247679850834,0.09410926391052456,0.011455855288745338,0.011904562760256013
106,1.7155561089331368,0.5683522428614324,placebo,0.41601945640069826,0.32335181989944206,0.1436562865400061,0.005146892323602321,0.0035296075971313536
106,1.7155561089331368,0.5683522428614324,A_10,0.4266257956689059,0.30589198661721156,0.1355609512615506,0.004108311399861305,0.0020571845311215245
106,1.7155561089331368,0.5683522428614324,A_30,0.43165940101754396,0.2976874462194101,0.13164287461705126,0.003570007420666574,0.0014799598061786424
106,1.7155561089331368,0.5683522428614324,A_60,0.43390176457651086,0.29410251321467845,0.1298863732571341,0.0033189587806974215,0.0012451462471062059
106,1.7155561089331368,0.5683522428614324,B_10,0.42216138587225027,0.31323812656621397,0.13899806801950076,0.004559961243716645,0.0026328277259574425
106,1.7155561089331368,0.5683522428614324,B_30,0.4274513405697687,0.30453786914945125,0.13492119003329536,0.004022243504195477,0.0019574687541697223
106,1.7155561089331368,0.5683522428614324,B_60,0.43068775111047874,0.2992585776488396,0.1324021696635401,0.0036765244936489204,0.0015857975937772597
107,0.8154833347552244,0.45177703170258976,placebo,0.23448706634394087,0.5633632205388094,0.20903848920607837,0.003506624142054813,0.004744852010515427
107,0.8154833347552244,0.45177703170258976,A_10,0.2412620265301363,0.5502363286172112,0.20552811644863342,0.0025717016113843715,0.00241518711243392
107,0.8154833347552244,0.45177703170258976,A_30,0.2437351802800785,0.5456635139675925,0.2041320836034931,0.002211066189883364,0.0016987016291425136
107,0.8154833347552244,0.45177703170258976,A_60,0.24474285158623785,0.5438690227158375,0.20355002355502871,0.002057655040168948,0.0014265015211656325
107,0.8154833347552244,0.45177703170258976,B_10,0.2387305158283457,0.555057793558957,0.20689471559888453,0.0029257165917337307,0.003226083683625408
107,0.8154833347552244,0.45177703170258976,B_30,0.2416916136347498,0.5494298924173489,0.20528964926680024,0.002510332857648043,0.0022854359433919923
107,0.8154833347552244,0.45177703170258976,B_60,0.2432827068021887,0.5464852947513875,0.20439138441381963,0.0022785304584430842,0.0018244100281422514
108,6.406264271372355,0.6620672799422636,placebo,0.6090686092364006,0.14229568016411154,0.01934947602980146,0.009779816743893003,0.023869377932167368
108,6.406264271372355,0.6620672799422636,A_10,0.6232741192931366,0.1284387762420472,0.016907240175864584,0.007845139315850383,0.014040781157426246
108,6.406264271372355,0.6620672799422636,A_30,0.6282308097251754,0.12374039251245263,0.016024501851353564,0.007028192387615777,0.010783775978132683
108,6.406264271372355,0.6620672799422636,A_60,0.6302088769136225,0.1219439432849731,0.01566550236337599,0.006676849408484042,0.00951605125680567
108,6.406264271372355,0.6620672799422636,B_10,0.6180660251111352,0.13349657116536906,0.017813165917654476,0.00861652193910139,0.017571566974378793
108,6.406264271372355,0.6620672799422636,B_30,0.6241449636658385,0.12760117038344296,0.016753781796094207,0.007707830136673346,0.01346070434366238
108,6.406264271372355,0.6620672799422636,B_60,0.6273345548849298,0.12457400367287651,0.016185859577375658,0.007182467665485352,0.011364397814487951
109,0.6469769143573082,0.40139148500609056,placebo,0.1745227075008506,0.6669376820343648,0.17465521344190496,0.025057580561710386,0.027155983501624115
109,0.6469769143573082,0.40139148500609056,A_10,0.17507355686168374,0.6632059457862749,0.1748276894941606,0.02430669371552435,0.027183544934711052
109,0.6469769143573082,0.40139148500609056,A_30,0.17591156097799435,0.6586099380785198,0.17510207307611966,0.02315063905310943,0.027227211898870254
109,0.6469769143573082,0.40139148500609056,A_60,0.17667132684548764,0.6550367200941749,0.17534937689045973,0.022105258709531072,0.027265522560620828
109,0.6469769143573082,0.40139148500609056,B_10,0.17473544301473296,0.6654273372984914,0.17472173594594634,0.024767708652198083,0.02716659739320848
109,0.6469769143573082,0.40139148500609056,B_30,0.17516739405219173,0.6626324335029108,0.17485755044633278,0.02417821795717446,0.027188322550394346
109,0.6469769143573082,0.40139148500609056,B_60,0.17568824202599512,0.6597352317446326,0.1750275673049324,0.02346024593864393,0.027215429736526422
110,0.6035352194816169,0.3865928625086184,placebo,0.1588931648219989,0.6830598979230798,0.1794623815552031,0.01220924451952061,0.03602807161189543
110,0.6035352194816169,0.3865928625086184,A_10,0.15903652859656572,0.6810703806854023,0.1795067817403619,0.012011242016464266,0.036038310155216455
110,0.6035352194816169,0.3865928625086184,A_30,0.1592894745257061,0.6781975167014219,0.17958446032294292,0.011661600178310881,0.03605732748165279
110,0.6035352194816169,0.3865928625086184,A_60,0.1595065879613458,0.6762723876286814,0.1796525526210336,0.011358631186747029,0.03607509073947811
110,0.6035352194816169,0.3865928625086184,B_10,0.15894625269445925,0.6823007085758587,0.17947907369609678,0.01213566282662793,0.03603187329142295
110,0.6035352194816169,0.3865928625086184,B_30,0.15906315250134187,0.6807282900320697,0.17951489940375198,0.011974579569969885,0.036040231033544985
110,0.6035352194816169,0.3865928625086184,B_60,0.15922009137472792,0.6789075014813687,0.17956297726044215,0.011757864043063363,0.036051929830378235
111,10.69705219450143,0.67703608196932,placebo,0.6440464340198162,0.12234480326569032,0.0032915188013468094,0.019211094484165248,0.010487034663967318
111,10.69705219450143,0.67703608196932,A_10,0.650990118571229,0.11477133066513533,0.0029506850065328257,0.016163766965929353,0.006931511425665456
111,10.69705219450143,0.67703608196932,A_30,0.6533190336369573,0.11248255900018075,0.002838727246848182,0.015045915554384373,0.005832405531165691
111,10.69705219450143,0.67703608196932,A_60,0.6542513746240525,0.11163853860806654,0.0027941653411910163,0.014584949637537438,0.005405592366564905
111,10.69705219450143,0.67703608196932,B_10,0.6485170198649138,0.11738021963554669,0.0030706633086807797,0.017297541989922085,0.008150856805815463
111,10.69705219450143,0.67703608196932,B_30,0.6513998232262488,0.11435430204745367,0.0029309224411992268,0.015970634004862035,0.006734702297036052
111,10.69705219450143,0.67703608196932,B_60,0.6528977926746031,0.11287991342019488,0.002858910227221221,0.015251686929262622,0.006027692138270007
112,6.7015786699583435,0.6636975444175887,placebo,0.612821329244954,0.16448664454483017,0.0067182839235772965,0.020316964410460103,0.023840966838617385
112,6.7015786699583435,0.6636975444175887,A_10,0.6274939553044308,0.14610772342935063,0.0034132404856436396,0.01564634018136003,0.01714400844615141
112,6.7015786699583435,0.6636975444175887,A_30,0.6331886630766438,0.14003303563475303,0.0027110192174322027,0.01386153660550574,0.013936325518003181
112,6.7015786699583435,0.6636975444175887,A_60,0.635547131148859,0.13773690084642984,0.002465283710605551,0.013118628557555268,0.012566501000598614
112,6.7015786699583435,0.6636975444175887,B_10,0.6218689364298204,0.15272460154761408,0.004337268314821036,0.01742325637681752,0.020068083296146642
112,6.7015786699583435,0.6636975444175887,B_30,0.6284708596843157,0.14501886780348713,0.0032793424611915773,0.015340000168992956,0.016607342103094783
112,6.7015786699583435,0.6636975444175887,B_60,0.6321355153864228,0.14110427931167055,0.0028281064170749613,0.014192022635709149,0.014541899978390569
113,1.1421864475009538,0.5115140870259829,placebo,0.3197593974019012,0.46484363442442683,0.12139750064104059,0.02220532257092921,0.04815186641211176
113,1.1421864475009538,0.5115140870259829,A_10,0.37440080272606335,0.38395040394501473,0.09784309540404833,0.014821517625764374,0.02444867127010974
113,1.1421864475009538,0.5115140870259829,A_30,0.38525648787818795,0.3687188213095373,0.09347374787683706,0.013376057891901588,0.01940779337905304
113,1.1421864475009538,0.5115140870259829,A_60,0.38915310793838787,0.3633581440071161,0.09191885746724138,0.012842826023493686,0.017599295596859528
113,1.1421864475009538,0.5115140870259829,B_10,0.36017118060833075,0.4043868239247737,0.10365846627765252,0.016661648566093975,0.031022791573904362
113,1.1421864475009538,0.5115140870259829,B_30,0.3764540986006122,0.3810416163836865,0.0970127647731647,0.014551816015746476,0.023495407636461043
113,1.1421864475009538,0.5115140870259829,B_60,0.383424504632588,0.37126144460828575,0.09420751400441334,0.01362375629656927,0.020258312092413487
114,0.9114869734388406,0.4715067879183665,placebo,0.2609059153543291,0.5414669282749621,0.14567505831007346,0.022004636752061428,0.04292117750190352
114,0.9114869734388406,0.4715067879183665,A_10,0.3197755207629773,0.46121558299911447,0.09902324891344318,0.01788578140658935,0.034822236835356984
114,0.9114869734388406,0.4715067879183665,A_30,0.34947731149576944,0.4195748658017455,0.07914138878750325,0.015534567691306704,0.027353519943782392
114,0.9114869734388406,0.4715067879183665,A_60,0.36353830590223285,0.39979632241203306,0.07053726949145998,0.014294757008648686,0.023136455516028966
114,0.9114869734388406,0.4715067879183665,B_10,0.2953022002691715,0.4950303599630143,0.11732677398260848,0.019634638765351584,0.03924317490123642
114,0.9114869734388406,0.4715067879183665,B_30,0.32446925579074803,0.454668370210898,0.09571352506812555,0.01753399322564897,0.033790013833844654
114,0.9114869734388406,0.4715067879183665,B_60,0.3435374758065992,0.4279315912017684,0.08292211184324935,0.01603102632618821,0.02901617394233021
115,11.824751683174398,0.6791938910488116,placebo,0.6491854243529637,0.12990337903313878,0.0016563769890802873,0.015840046947774543,0.012512042758978425
115,11.824751683174398,0.6791938910488116,A_10,0.6564830840540526,0.12096727363773731,0.0013284862969329988,0.013120404506890324,0.00826191619092458
115,11.824751683174398,0.6791938910488116,A_30,0.6594765763547287,0.11756701324410256,0.0012117793869800063,0.011906543340530817,0.006598991966587444
115,11.824751683174398,0.6791938910488116,A_60,0.6607373922350387,0.11623442556496667,0.0011646164615497973,0.011373959064931284,0.005917923287314772
115,11.824751683174398,0.6791938910488116,B_10,0.6535931874762988,0.1244288019459227,0.0014493618980184763,0.014232027766224373,0.009919313908263923
115,11.824751683174398,0.6791938910488116,B_30,0.656991748277102,0.1203729291091711,0.0013081185038818569,0.01291891903617127,0.007975105231651783
115,11.824751683174398,0.6791938910488116,B_60,0.6589176708769482,0.11818097030132987,0.0012330304835794963,0.012138476667664587,0.006904713020642612
116,3.0096995599424203,0.6217085527634113,placebo,0.5205272212043366,0.19600300093928272,0.09838430752537004,0.0020048214023558595,0.0007922026313480024
116,3.0096995599424203,0.6217085527634113,A_10,0.523568138443242,0.18988052053699048,0.09595400181268392,0.0016623492289465204,0.0005240632785374494
116,3.0096995599424203,0.6217085527634113,A_30,0.5252192409634444,0.186637636878444,0.09462089658313064,0.0014677369891918954,0.0004006782276579216
116,3.0096995599424203,0.6217085527634113,A_60,0.5260005505591471,0.18516547429344268,0.09398757233739698,0.0013733864128442678,0.000347043454016207
116,3.0096995599424203,0.6217085527634113,B_10,0.5222194344618122,0.19258909818862963,0.09703630213711549,0.0018167552186405412,0.0006360609458357823
116,3.0096995599424203,0.6217085527634113,B_30,0.5238292563481919,0.18936029121250256,0.09574372832657259,0.0016319863640239342,0.0005035817246382665
116,3.0096995599424203,0.6217085527634113,B_60,0.52488945606437,0.18727430581904508,0.09488779076451691,0.0015071128593440349,0.00042419307520637
117,0.6308027858254831,0.39329534859943077,placebo,0.1658631002097925,0.6750874163484899,0.18383514476673696,0.02184107566427464,0.021756027958626276
117,0.6308027858254831,0.39329534859943077,A_10,0.16651391479267746,0.6703350880756945,0.18403604742837965,0.02096248718336294,0.021782899195012664
117,0.6308027858254831,0.39329534859943077,A_30,0.2262539987108553,0.5803515366235825,0.13043626127562474,0.015571383812079745,0.021033704800867515
117,0.6308027858254831,0.39329534859943077,A_60,0.27297611643907793,0.5234025081327668,0.08720735348158697,0.012313019799915188,0.020798858878856866
117,0.6308027858254831,0.39329534859943077,B_10,0.16611830427997654,0.6730855163644857,0.18391539419550337,0.021495139026263623,0.02176651109768433
117,0.6308027858254831,0.39329534859943077,B_30,0.1666210822543928,0.6696569121626715,0.18406784804645823,0.020819033181080738,0.02178738511749897
117,0.6308027858254831,0.39329534859943077,B_60,0.18097163715436745,0.6309683757600745,0.171931796890438,0.01889894131118832,0.021492973243439878
118,3.8546397089757076,0.6380429447402238,placebo,0.5553594114273939,0.19668855586938727,0.02904467037864523,0.010926653747456345,0.04271220918672992
118,3.8546397089757076,0.6380429447402238,A_10,0.5782700474484674,0.1728089990423866,0.019802133739738968,0.00907781763216602,0.03089294591985292
118,3.8546397089757076,0.6380429447402238,A_30,0.5899148035445352,0.16139294352069658,0.016213114204167083,0.008012485294905416,0.02390254169661581
118,3.8546397089757076,0.6380429447402238,A_60,0.5951819962593846,0.1564440589630931,0.014746927414281364,0.007491889745974412,0.02062213132057043
118,3.8546397089757076,0.6380429447402238,B_10,0.5683340620738644,0.18295303041996208,0.023381916766647266,0.009914294916108372,0.036412670983613546
118,3.8546397089757076,0.6380429447402238,B_30,0.5801528374565785,0.17092631235926276,0.019183035363530408,0.008912453898875615,0.029794618021234485
118,3.8546397089757076,0.6380429447402238,B_60,0.5876415220885769,0.16357578920654745,0.016872577990022834,0.008229046691834855,0.025299797969776536
119,7.339695637856321,0.6667756776870825,placebo,0.6199446336599482,0.15437953197401208,0.006818885088956342,0.012359334614381363,0.027652824323806148
119,7.339695637856321,0.6667756776870825,A_10,0.6297524107978808,0.14336046927553409,0.004928304014510476,0.010563159886748207,0.02153180298794428
119,7.339695637856321,0.6667756776870825,A_30,0.6365671126203173,0.13616745649373357,0.004007297265767523,0.009297966824109771,0.01690330097687495
119,7.339695637856321,0.6667756776870825,A_60,0.6401154300675265,0.1325839237577215,0.0036006464993369584,0.00861562278846326,0.014443978331761087
119,7.339695637856321,0.6667756776870825,B_10,0.6249787930342746,0.1486205645456359,0.005738092552352524,0.011435724013897065,0.024623068086562283
119,7.339695637856321,0.6667756776870825,B_30,0.6307603391198532,0.14227342843487906,0.004777308505813486,0.010378287028829017,0.02085974303257594
119,7.339695637856321,0.6667756776870825,B_60,0.6351256399444,0.1376576741412682,0.004184707964587923,0.009569469374727227,0.01789586040340576
120,15.06890064469377,0.6836217136019995,placebo,0.6598074176972221,0.1121577206444952,0.001031655068473154,0.009118350090059534,0.013664290746238096
120,15.06890064469377,0.6836217136019995,A_10,0.668854569071902,0.10175245009148812,0.0008740106373360475,0.006869551399019267,0.007023582493750912
120,15.06890064469377,0.6836217136019995,A_30,0.6717651639602009,0.09828359549982195,0.0008200171228336946,0.005966275433633082,0.005070257085355469
120,15.06890064469377,0.6836217136019995,A_60,0.6728963643670802,0.09698750764322292,0.0007984064450051825,0.0055852992750454996,0.004341643514892744
120,15.06890064469377,0.6836217136019995,B_10,0.6656659744195985,0.1055362426359402,0.0009309398310469951,0.007746939354723787,0.009277859996633756
120,15.06890064469377,0.6836217136019995,B_30,0.6693742962443141,0.10112925933943565,0.0008645268645019375,0.006715930617231547,0.006666959875960402
120,15.06890064469377,0.6836217136019995,B_60,0.6712471818127289,0.09889287136494179,0.0008297903943516186,0.006134929425664809,0.005409811969238228
121,4.320985348357381,0.6444768044411833,placebo,0.5694520338672572,0.181421738477559,0.02581955572478435,0.022829722256162317,0.02637549259297932
121,4.320985348357381,0.6444768044411833,A_10,0.5860821320576108,0.16423964527185303,0.019998883814654974,0.019420233225847554,0.018975555343064197
121,4.320985348357381,0.6444768044411833,A_30,0.5951065852755731,0.15530862546969826,0.01730632247913507,0.017330108698460397,0.014733787988016783
121,4.320985348357381,0.6444768044411833,A_60,0.5993144122898844,0.15129302021531738,0.016130239890609608,0.01628223399761843,0.01274991826305851
121,4.320985348357381,0.6444768044411833,B_10,0.5786724580155791,0.17179476621911152,0.02243074038605789,0.021000882147022063,0.022372723892531338
121,4.320985348357381,0.6444768044411833,B_30,0.5875162297542758,0.16279822293099633,0.019553174626215093,0.01910111348169838,0.01830628657897355
121,4.320985348357381,0.6444768044411833,B_60,0.5933152749312823,0.15705197648615316,0.017820965080158128,0.017761257489692324,0.015579306940038076
122,12.969993300300171,0.6810076260417913,placebo,0.6535239324146532,0.12307379696239176,0.004715172647556954,0.007537966327783578,0.01523055465178577
122,12.969993300300171,0.6810076260417913,A_10,0.6611540950503861,0.11445984646334582,0.003936750190940738,0.006218403765524902,0.009698377034936336
122,12.969993300300171,0.6810076260417913,A_30,0.6640673432641261,0.11126656385804405,0.003649306432615603,0.005632224714492401,0.007658751630567378
122,12.969993300300171,0.6810076260417913,A_60,0.6652617090569354,0.11002766531709625,0.0035317441760392117,0.005375684207040714,0.0068384886017935735
122,12.969993300300171,0.6810076260417913,B_10,0.6582294018839616,0.11775621874069794,0.0042287518496664225,0.006756723609224519,0.011792748698945796
122,12.969993300300171,0.6810076260417913,B_30,0.6616571041137763,0.11389852391158185,0.0038869675939836893,0.006120983119383881,0.009342571214649289
122,12.969993300300171,0.6810076260417913,B_60,0.6635318229065832,0.11183987109162052,0.003702032830935344,0.0057440837720297575,0.008029686532244515
123,13.863292460736243,0.682215481844559,placebo,0.6564227763242083,0.11352320648626789,0.003792059594921559,0.008429157836016485,0.013571488089403838
123,13.863292460736243,0.682215481844559,A_10,0.6637380845374888,0.1055071853642352,0.0033449450201420627,0.0068481516626002345,0.008284300624328661
123,13.863292460736243,0.682215481844559,A_30,0.6660662690113511,0.10308013891457088,0.003197424212358429,0.006257966432322912,0.006693822188544305
123,13.863292460736243,0.682215481844559,A_60,0.666978233320411,0.10219334103016917,0.003138797854631162,0.00601378482413044,0.00608466584539929
123,13.863292460736243,0.682215481844559,B_10,0.6611929353925722,0.1082798306799662,0.0035029315058008473,0.007442022519354311,0.01007759242682903
123,13.863292460736243,0.682215481844559,B_30,0.6641526385579372,0.10506391986401807,0.003318899194013529,0.006746462326165541,0.007997481766448855
123,13.863292460736243,0.682215481844559,B_60,0.66565034183918,0.1034999466553742,0.003224004379658463,0.0063668613899283705,0.006974274235812644
124,9.484732413732678,0.6741522917049984,placebo,0.6372166608187857,0.12924365297431506,0.0005255746773493713,0.01559355363550441,0.020816502573378408
124,9.484732413732678,0.6741522917049984,A_10,0.6447742923795649,0.12195700010231766,0.0004711703903150228,0.013678201120591886,0.015228627814524215
124,9.484732413732678,0.6741522917049984,A_30,0.6495094989089631,0.11740469373629876,0.0004379256611897075,0.012327752597939026,0.011877114536907488
124,9.484732413732678,0.6741522917049984,A_60,0.6518764107984648,0.11517467648739156,0.0004213610230170541,0.01159957496168382,0.010254944921852494
124,9.484732413732678,0.6741522917049984,B_10,0.6412270521515979,0.12538167875538653,0.0004963983689351296,0.014609341959257111,0.01781949922521641
124,9.484732413732678,0.6741522917049984,B_30,0.645495814843271,0.12126044576722679,0.00046608272629859065,0.013480860173073305,0.014709533962343152
124,9.484732413732678,0.6741522917049984,B_60,0.6485325209634938,0.11833804074985473,0.0004447650774757867,0.012617518676431632,0.01255748698758604
125,17.368929076289692,0.6857693214516773,placebo,0.6649966239064801,0.11261716397354118,0.0018180255262346275,0.011078266865421148,0.007876405153537306
125,17.368929076289692,0.6857693214516773,A_10,0.6691678157058287,0.10708392068966541,0.0016316284724376328,0.009504936905596171,0.005464940367797523
125,17.368929076289692,0.6857693214516773,A_30,0.6715300806037643,0.10391253320321815,0.001527595159991892,0.008507228608940402,0.004204417078985266
125,17.368929076289692,0.6857693214516773,A_60,0.6726606684004972,0.10243588078792866,0.0014779559139730637,0.007999094568982654,0.0036316025682523105
125,17.368929076289692,0.6857693214516773,B_10,0.6672828221024287,0.1096100740045127,0.0017152650263976869,0.010243441543675609,0.006527792779181374
125,17.368929076289692,0.6857693214516773,B_30,0.6695380016235526,0.10658515415462468,0.0016152820845615468,0.009354089916086947,0.0052619478274792434
125,17.368929076289692,0.6857693214516773,B_60,0.6710546955966507,0.10454583266416517,0.0015484878272463058,0.008714841839453591,0.004451296188325635
126,1.3343592973583391,0.535290473906581,placebo,0.35818371525226866,0.4131622013384404,0.14311477007910064,0.016287244952982644,0.017704743622225388
126,1.3343592973583391,0.535290473906581,A_10,0.3912350656752971,0.3644593940606132,0.1194164083723076,0.012901959899971676,0.01173703995900061
126,1.3343592973583391,0.535290473906581,A_30,0.40592557275303565,0.34317971752620896,0.10941402915667105,0.01123353838453933,0.00871733361233521
126,1.3343592973583391,0.535290473906581,A_60,0.4122267764700446,0.33419910993824675,0.10518666422819152,0.010468060177570829,0.007408973030769839
126,1.3343592973583391,0.535290473906581,B_10,0.3776194811576723,0.3844213610182348,0.12894025009889382,0.014338612568996996,0.014392130081020046
126,1.3343592973583391,0.535290473906581,B_30,0.3936950192293792,0.3608729201674344,0.11772444687527692,0.01263241056325821,0.011238597238659456
126,1.3343592973583391,0.535290473906581,B_60,0.403148332472611,0.3471726122482756,0.1112878922030732,0.011560596728343878,0.009293652502549783
127,0.5903025841722871,0.3797713151947893,placebo,0.1519828398342922,0.6874217344992173,0.17838061526174076,0.029401841810662584,0.02000601828809356
127,0.5903025841722871,0.3797713151947893,A_10,0.152480828571681,0.6846998989598354,0.17854878067980592,0.028714607517339244,0.020027098425968694
127,0.5903025841722871,0.3797713151947893,A_30,0.15327665645739932,0.6810091287397133,0.17881185168908487,0.027620978879232698,0.020061828169070914
127,0.5903025841722871,0.3797713151947893,A_60,0.15405742218944285,0.6779394627066221,0.1790542579500964,0.02656331545519873,0.020096319600055697
127,0.5903025841722871,0.3797713151947893,B_10,0.1521803622937069,0.6863026505303518,0.17844788344864648,0.02912871574207473,0.020014353710363322
127,0.5903025841722871,0.3797713151947893,B_30,0.15256495337039558,0.6842737035510326,0.1785768770622676,0.02859878322932574,0.02003070153280315
127,0.5903025841722871,0.3797713151947893,B_60,0.15305399558679883,0.6819717061202125,0.17873906522637162,0.02792626838071912,0.020051986000901717
128,17.94082085501735,0.6862176933532891,placebo,0.6660830896026195,0.10931450552943028,0.0008353461004551915,0.012374543548881716,0.006924714101330252
128,17.94082085501735,0.6862176933532891,A_10,0.6701408709046555,0.1039234219478576,0.0007694983440052486,0.01055871209154524,0.004748612013093655
128,17.94082085501735,0.6862176933532891,A_30,0.6718268580243424,0.10182682787289667,0.000742007868592798,0.00973215966899414,0.003916667791381219
128,17.94082085501735,0.6862176933532891,A_60,0.672545376061618,0.10100008604994834,0.00073025661111023,0.009366872235713277,0.0035751884448575236
128,17.94082085501735,0.6862176933532891,B_10,0.6685328858066848,0.1060311074717712,0.0007956195479022881,0.011306994919877902,0.0055821930788369075
128,17.94082085501735,0.6862176933532891,B_30,0.670425549772826,0.1035587442865345,0.0007648648407397561,0.010422176467624346,0.004605102272142382
128,17.94082085501735,0.6862176933532891,B_60,0.6715099786813498,0.10220707933502235,0.0007471838631178732,0.009890797601283346,0.004069733207566188
129,4.177338302183941,0.6426517544573044,placebo,0.5654329523940833,0.18445189997313574,0.016596698427828002,0.03825334272686903,0.022368760908525395
129,4.177338302183941,0.6426517544573044,A_10,0.5862604085956244,0.16248558755818238,0.011429094472610883,0.030743070109274802,0.014219181279788239
129,4.177338302183941,0.6426517544573044,A_30,0.5918027689814066,0.1573004555297551,0.010311834956957543,0.028540332869306653,0.01199681764963294
129,4.177338302183941,0.6426517544573044,A_60,0.5939008316120681,0.1554523921376418,0.009908452368123835,0.027682422353990987,0.011160048123147352
129,4.177338302183941,0.6426517544573044,B_10,0.5797433867990048,0.16900201675728288,0.01285633568887351,0.03321818919845712,0.016833842770959208
129,4.177338302183941,0.6426517544573044,B_30,0.5872717116793791,0.1615117674503052,0.011219212070669672,0.030347966530419008,0.013812864176842458
129,4.177338302183941,0.6426517544573044,B_60,0.5908346602316112,0.15817720897113027,0.010501408973521803,0.028931726962100862,0.012383958290082956
130,16.499950392362926,0.6850266860245293,placebo,0.6631994568390928,0.11578671814622193,0.00485502012683237,0.012082293933152745,0.004889915125446961
130,16.499950392362926,0.6850266860245293,A_10,0.6657383758734129,0.1120861753131174,0.004499919787392004,0.010933010814923951,0.0038553795488011876
130,16.499950392362926,0.6850266860245293,A_30,0.6678162057689776,0.10903013205949136,0.004220703057149235,0.009925025467577316,0.0030647517308682063
130,16.499950392362926,0.6850266860245293,A_60,0.6690385180248937,0.10725798276714982,0.00406042558150536,0.0093015070058456,0.0026262354123168146
130,16.499950392362926,0.6850266860245293,B_10,0.6644468178657937,0.11397792283178865,0.004678433015455689,0.01152836287410094,0.0043730722691728155
130,16.499950392362926,0.6850266860245293,B_30,0.6660266777133523,0.11166211948580405,0.004460620334511478,0.010796935354422155,0.003742452622222557
130,16.499950392362926,0.6850266860245293,B_60,0.6673495645728922,0.10971478867559284,0.004282630310279366,0.010157004447692318,0.0032374866936939863
131,2.360197263414231,0.6017074367973339,placebo,0.47970451985235146,0.27433972207512225,0.015332181566258114,0.021006686822444255,0.08566404855628136
131,2.360197263414231,0.6017074367973339,A_10,0.5005433896300795,0.2469960144934305,0.010220584779328194,0.018015668701096745,0.07292779368682054
131,2.360197263414231,0.6017074367973339,A_30,0.5134562245324514,0.23156324563548705,0.008371232743126965,0.016350902677387136,0.06352907684437241
131,2.360197263414231,0.6017074367973339,A_60,0.5199192596000228,0.22427404998298547,0.007637017084053059,0.015554798652985492,0.05859636146027168
131,2.360197263414231,0.6017074367973339,B_10,0.490856924268591,0.2593305799285793,0.012141628789794348,0.019355923911060426,0.07935295982789069
131,2.360197263414231,0.6017074367973339,B_30,0.502510333065822,0.2445713551646597,0.009896155698078644,0.017754064728251834,0.07154688330518552
131,2.360197263414231,0.6017074367973339,B_60,0.5107907124666674,0.23465526298580355,0.008705421874314322,0.01668538248197398,0.06552591997438777
132,0.8534110733884763,0.45961218650732305,placebo,0.24477636085024168,0.5935481843757634,0.14097132432638204,0.043914834899915565,0.029949666430783464
132,0.8534110733884763,0.45961218650732305,A_10,0.24622109429236413,0.5871785956058981,0.14124236715365837,0.042138909463903786,0.030009815597408375
132,0.8534110733884763,0.45961218650732305,A_30,0.24835868881616485,0.5793433719149028,0.1416435386606054,0.03951052211617439,0.030099436914396833
132,0.8534110733884763,0.45961218650732305,A_60,0.2510072402522039,0.5670160582408895,0.1420081536231444,0.036422911512536106,0.030173881119444426
132,0.8534110733884763,0.45961218650732305,B_10,0.24534914089902074,0.5908963741668005,0.14107903156504498,0.04321057698632781,0.029973437056943917
132,0.8534110733884763,0.45961218650732305,B_30,0.24645789054382605,0.5862337854560283,0.14128698688337385,0.04184751268956935,0.03001979639057362
132,0.8534110733884763,0.45961218650732305,B_60,0.24777420642148168,0.5813621418073373,0.14153538040704722,0.040227215014592296,0.030075384664213205
133,0.7142910532538934,0.4243013843993785,placebo,0.20047486327636146,0.6057368121393569,0.20226769076523163,0.010568508405315254,0.01099032195246974
133,0.7142910532538934,0.4243013843993785,A_10,0.20856594128316494,0.5937786106076269,0.19833004023798237,0.009039251792240667,0.008366151085993954
133,0.7142910532538934,0.4243013843993785,A_30,0.21426123508088324,0.5855790911031034,0.19543670020160978,0.008030493624606961,0.00657295549228356
133,0.7142910532538934,0.4243013843993785,A_60,0.21731064829638508,0.5812525803708027,0.19385162113627635,0.007492665475900529,0.0056464494908187255
133,0.7142910532538934,0.4243013843993785,B_10,0.2046283204341759,0.5995392978665041,0.20027198165280127,0.00976045424699476,0.009640628065404486
133,0.7142910532538934,0.4243013843993785,B_30,0.20940021065485015,0.5925684771986157,0.19791235163306828,0.008889844585985539,0.00809897752548365
133,0.7142910532538934,0.4243013843993785,B_60,0.2130427505313827,0.587321227884287,0.19606370290168373,0.008244921994159132,0.006950008972150699
134,1.4829831385421708,0.549973967808882,placebo,0.3832297612259839,0.3892860338790048,0.01442697672208455,0.011651380748337905,0.14066584911247115
134,1.4829831385421708,0.549973967808882,A_10,0.40816745490119294,0.3524658056306165,0.008252858589288536,0.009927937126158725,0.12362571719224269
134,1.4829831385421708,0.549973967808882,A_30,0.4280236857592271,0.3250608393076922,0.006102723865737699,0.008846838923250024,0.10700071926067146
134,1.4829831385421708,0.549973967808882,A_60,0.4393629826931696,0.31008856663119366,0.005277844711899587,0.008299346291216538,0.09703379411258853
134,1.4829831385421708,0.549973967808882,B_10,0.39565514072569424,0.37058674989748486,0.010554661755142723,0.010734923022714235,0.13302924230532764
134,1.4829831385421708,0.549973967808882,B_30,0.41094805061623585,0.34853299216047084,0.00786970953552105,0.009763821921755456,0.12139238573536867
134,1.4829831385421708,0.549973967808882,B_60,0.4236137822083892,0.3310148007664313,0.0064843743554486395,0.009071029756026493,0.11080478148902037
135,0.9503128421117023,0.48045705957794227,placebo,0.27345189412933557,0.5220581391457733,0.14991913228947149,0.005133892522628087,0.0519521406365069
135,0.9503128421117023,0.48045705957794227,A_10,0.2903668418742298,0.4966708508793586,0.14539080871886134,0.004316177829694513,0.04038323115515065
135,0.9503128421117023,0.48045705957794227,A_30,0.30256454674284433,0.47862556498224484,0.1425521967587744,0.0037834500645838277,0.031556866011738106
135,0.9503128421117023,0.48045705957794227,A_60,0.30900682666470247,0.4691338911955006,0.1411171137622393,0.0035004265627557357,0.026832692588256532
135,0.9503128421117023,0.48045705957794227,B_10,0.2820097386083348,0.509119622427156,0.1475046060097594,0.004699213133897093,0.04624350182595162
135,0.9503128421117023,0.48045705957794227,B_30,0.2921540395914557,0.49402051470476355,0.14496051570662372,0.0042371170470218615,0.03910538723284075
135,0.9503128421117023,0.48045705957794227,B_60,0.2999640343129068,0.48246541114597913,0.14314132098351434,0.003896502938395203,0.033455201343124845
136,1.0030819097473993,0.4898489715059749,placebo,0.28699864624424626,0.501907784099909,0.18328453585732563,0.0044952170334576725,0.015070572370945216
136,1.0030819097473993,0.4898489715059749,A_10,0.3204738692293085,0.4514910063576542,0.15873990718630202,0.0031869849501780525,0.007448210140185888
136,1.0030819097473993,0.4898489715059749,A_30,0.33148072416992197,0.43478022407968914,0.15064289944333775,0.002694980440083459,0.005030367452627049
136,1.0030819097473993,0.4898489715059749,A_60,0.3357822357744381,0.42829605688834016,0.14744721312702277,0.0024885313597655116,0.004130991244746085
136,1.0030819097473993,0.4898489715059749,B_10,0.3085233124450589,0.46959976598385617,0.16744839976689077,0.0036763737543159068,0.010200885539712781
136,1.0030819097473993,0.4898489715059749,B_30,0.3224329339074077,0.4485142705631463,0.15730618018986414,0.0031027392978041288,0.007007118110899848
136,1.0030819097473993,0.4898489715059749,B_60,0.3295155492003674,0.4377571154307203,0.1520966980578705,0.0027863961372162904,0.005450328110516686
137,3.960482273753823,0.6396524439768205,placebo,0.5588649806946507,0.18611696057526886,0.002260151242027848,0.029424927876603117,0.04910238416353804
137,3.960482273753823,0.6396524439768205,A_10,0.5848217508817058,0.16012309074356273,0.0017489851075756882,0.02352922305493178,0.029552484932609795
137,3.960482273753823,0.6396524439768205,A_30,0.5940705482384753,0.1516295370182972,0.0015920270149388056,0.021138464843808897,0.02285140387959639
137,3.960482273753823,0.6396524439768205,A_60,0.597762258928035,0.14840828816875007,0.0015313359220193855,0.020125052574199612,0.020233796552553814
137,3.960482273753823,0.6396524439768205,B_10,0.5751580665516504,0.16946739623360044,0.0019236027037357144,0.025836528812215938,0.03673424590921694
137,3.960482273753823,0.6396524439768205,B_30,0.5864449012031475,0.15859682913401477,0.0017208411776280135,0.023123826607474154,0.028362874988578965
137,3.960482273753823,0.6396524439768205,B_60,0.5923972180975284,0.15312624400598937,0.001619865009947567,0.021586171948950735,0.02404918892040329
138,3.3625625853254775,0.6294102587807138,placebo,0.5367821616631565,0.21822049006572064,0.03179089972809568,0.009908085542541679,0.050929111846919575
138,3.3625625853254775,0.6294102587807138,A_10,0.5653959043924216,0.1862012716449046,0.01812461168184985,0.007895903252129119,0.037993839454306615
138,3.3625625853254775,0.6294102587807138,A_30,0.5786948170232831,0.1725705425441999,0.013991205981978352,0.006883940031610992,0.029840295743839635
138,3.3625625853254775,0.6294102587807138,A_60,0.5845800585169642,0.1668641085761058,0.012439499443100655,0.006415189163426393,0.02597551165721249
138,3.3625625853254775,0.6294102587807138,B_10,0.5535866081974884,0.19902101170367018,0.02282319298201882,0.008755406933364667,0.04424505066784369
138,3.3625625853254775,0.6294102587807138,B_30,0.5675779530684595,0.18390287103562572,0.017373984408351743,0.00773343278547111,0.036724888518432135
138,3.3625625853254775,0.6294102587807138,B_60,0.5761321419330123,0.175123582691117,0.014713171256754993,0.007083465598818538,0.0314814799921294
139,0.7775995652539635,0.4400428235228527,placebo,0.21957013087396948,0.6212596242765223,0.14532636920091233,0.04995604725914353,0.025190276188827188
139,0.7775995652539635,0.4400428235228527,A_10,0.2208401331830183,0.6161675747496455,0.1455906033339006,0.048372862992624346,0.02523922401331464
139,0.7775995652539635,0.4400428235228527,A_30,0.22280204712253746,0.6095456262991574,0.14599839340891235,0.04592460825062918,0.025317774740788952
139,0.7775995652539635,0.4400428235228527,A_60,0.23043570023359894,0.5723669155486334,0.14303485894022278,0.04167875900040533,0.02489350534863101
139,0.7775995652539635,0.4400428235228527,B_10,0.22006401499274517,0.6191967930904472,0.14542965082758508,0.04933991964014331,0.025209238062395608
139,0.7775995652539635,0.4400428235228527,B_30,0.221055476814911,0.6153758753598684,0.1456354385370991,0.048104236502514296,0.025247671668336056
139,0.7775995652539635,0.4400428235228527,B_60,0.22226640444860749,0.6112448734582516,0.1458883068445938,0.046591970900561525,0.025296141329101303
140,0.9362295213158757,0.47700889430144783,placebo,0.2685766017431381,0.5324152113027155,0.01909529633233311,0.006486052229359794,0.18285094399661736
140,0.9362295213158757,0.47700889430144783,A_10,0.292530663007269,0.49881979489603434,0.012805118608851158,0.005721946844366133,0.16595116584096353
140,0.9362295213158757,0.47700889430144783,A_30,0.3201599577661611,0.46044521822786033,0.00944809506500644,0.005070776515443728,0.14233006495483572
140,0.9362295213158757,0.47700889430144783,A_60,0.34097599233038023,0.43162680513135815,0.007921720935663153,0.0046590129861103875,0.12345216804929497
140,0.9362295213158757,0.47700889430144783,B_10,0.279386062110417,0.5171884544932349,0.015597674234294397,0.006110597585927198,0.17591456037080272
140,0.9362295213158757,0.47700889430144783,B_30,0.29583538676282306,0.4942184120451708,0.01226714697182846,0.005634091829900484,0.16327226873688985
140,0.9362295213158757,0.47700889430144783,B_60,0.31313578478693493,0.4701863599877675,0.010107538086114058,0.005221374617926388,0.14854419681047193
141,15.295870723352817,0.6838620377879497,placebo,0.6603868954760065,0.11814413532542005,0.00018413208002093784,0.005824171261802112,0.01746683897011362
141,15.295870723352817,0.6838620377879497,A_10,0.6647162800473484,0.11357108794534534,0.0001712402836009746,0.005261059320841899,0.013713458136162506
141,15.295870723352817,0.6838620377879497,A_30,0.6674073560713529,0.1107610738520374,0.0001631956310055779,0.004872977320709553,0.011418508764906223
141,15.295870723352817,0.6838620377879497,A_60,0.6687526843455233,0.10940064784895266,0.0001591330761906803,0.004666035984198432,0.010284184382059879
141,15.295870723352817,0.6838620377879497,B_10,0.662692695553612,0.11570924927050992,0.00017725696823625415,0.005532688504842377,0.015459396761232539
141,15.295870723352817,0.6838620377879497,B_30,0.6651267558044726,0.11313864114006751,0.0001700180703747279,0.005203948102644518,0.013361315810465214
141,15.295870723352817,0.6838620377879497,B_60,0.6668523819116751,0.11133391566105118,0.00016486220413614898,0.004955739847000497,0.011889053825130726
142,5.072019379299905,0.6524286667891629,placebo,0.5871630933093784,0.161796552106186,0.03518222255096303,0.008739958057563973,0.021343392871256656
142,5.072019379299905,0.6524286667891629,A_10,0.6014381048445369,0.14687931276562283,0.030336324611790814,0.0071816233203763355,0.013472614012432728
142,5.072019379299905,0.6524286667891629,A_30,0.6077127528725028,0.14045871704604387,0.02821972951006349,0.006372550516525555,0.010123633890072356
142,5.072019379299905,0.6524286667891629,A_60,0.6103945747654304,0.13779733425199994,0.027307742759516886,0.005996996813741632,0.008729352450508435
142,5.072019379299905,0.6524286667891629,B_10,0.5955895238264778,0.15296262587810963,0.03230499789756257,0.007860808181753361,0.016673336883369177
142,5.072019379299905,0.6524286667891629,B_30,0.6024910206474001,0.14579112377981798,0.02998216197104115,0.007052128121268728,0.012903356049463145
142,5.072019379299905,0.6524286667891629,B_60,0.6065288408060039,0.1416548534924273,0.028620602374435273,0.006532384772507314,0.010746838836205154
143,6.485143386057474,0.6625118097269039,placebo,0.6100905057636048,0.1451332712532917,0.0009631950033287506,0.024996790398466764,0.02646131856150513
143,6.485143386057474,0.6625118097269039,A_10,0.6215976968766741,0.1343424681105616,0.0008484575290561765,0.02153291934258382,0.01853273597858723
143,6.485143386057474,0.6625118097269039,A_30,0.6276247011755961,0.12888932488877994,0.0007911594982250635,0.01950152131397047,0.014594427739121875
143,6.485143386057474,0.6625118097269039,A_60,0.6304021017998098,0.12647062507370752,0.0007651230157155144,0.018505582244456063,0.012839002666935384
143,6.485143386057474,0.6625118097269039,B_10,0.6165422994558256,0.13903866621439895,0.0008977561118869665,0.023114196122668115,0.021957558036532043
143,6.485143386057474,0.6625118097269039,B_30,0.6225638780438969,0.13345532591132037,0.0008391812729171903,0.02121856231250896,0.01789018809758098
143,6.485143386057474,0.6625118097269039,B_60,0.6264372802553406,0.12994576570952796,0.0008023524162020308,0.019915426749950744,0.015356750305405925
144,2.292573942170094,0.5989424371234281,placebo,0.4742178181491521,0.2668481153245536,0.09238844401441594,0.011603480678622323,0.020732694281239895
144,2.292573942170094,0.5989424371234281,A_10,0.4986221965590867,0.23615070580036507,0.07642197472228006,0.009772789028105635,0.014125476813953524
144,2.292573942170094,0.5989424371234281,A_30,0.5127803553941119,0.21886152597193556,0.06747691336655652,0.008503239080361333,0.01018192928238678
144,2.292573942170094,0.5989424371234281,A_60,0.5195612459172336,0.21076839355774749,0.06323215487356644,0.007823500992865034,0.008325535339768465
144,2.292573942170094,0.5989424371234281,B_10,0.4874592921567625,0.25006033002873085,0.08361447333618521,0.010657221584583348,0.017211450045899402
144,2.292573942170094,0.5989424371234281,B_30,0.500833007103382,0.2334232179104317,0.07501456109907183,0.009586400777057325,0.013508468143905794
144,2.292573942170094,0.5989424371234281,B_60,0.5099256772861427,0.222310709410962,0.06926950763979035,0.00877456092941912,0.01097269126807331
145,0.9219470047076286,0.4742513360097953,placebo,0.2647155305715043,0.5287913183533651,0.17240053116351683,0.010915728155761991,0.02621954611901231
145,0.9219470047076286,0.4742513360097953,A_10,0.31193777510281756,0.4620633936837672,0.14135794507216937,0.00794705083082716,0.013008565003978996
145,0.9219470047076286,0.4742513360097953,A_30,0.3269311967619683,0.44063378204857084,0.13111132734494915,0.006932720817909302,0.009276091084967434
145,0.9219470047076286,0.4742513360097953,A_60,0.3327792665909676,0.4323104354269502,0.1270628370110756,0.006515425912929653,0.007893806494823694
145,0.9219470047076286,0.4742513360097953,B_10,0.29547278849712133,0.48551725293329867,0.15237757406460306,0.008994641599635766,0.017406331848437047
145,0.9219470047076286,0.4742513360097953,B_30,0.314613952652207,0.45823821593689146,0.13954388424358244,0.007771060731937996,0.01232243838207057
145,0.9219470047076286,0.4742513360097953,B_60,0.324259543752041,0.4444480150630254,0.13295172939086766,0.007118923900175413,0.009921138966713518
146,13.405204143910824,0.6816149662490656,placebo,0.6549805822707178,0.10930874913409187,0.00041984217594528435,0.022115039875858913,0.004099501926534788
146,13.405204143910824,0.6816149662490656,A_10,0.6593105902668617,0.10413131152375454,0.00039416629414296,0.01902575675877506,0.00288445292933291
146,13.405204143910824,0.6816149662490656,A_30,0.6611431253614023,0.10214919233243114,0.00038352105100020325,0.017660628946043287,0.0024276908906356548
146,13.405204143910824,0.6816149662490656,A_60,0.6619330887498751,0.10136481393477433,0.00037897220855284827,0.017062673274720108,0.0022402320159307753
146,13.405204143910824,0.6816149662490656,B_10,0.6575841381001997,0.10613584710312711,0.00040431138582971494,0.020281470031263286,0.0033450467317738737
146,13.405204143910824,0.6816149662490656,B_30,0.6596182252415599,0.10378618987815556,0.00039237046512171633,0.018798834849886793,0.0028055356925249498
146,13.405204143910824,0.6816149662490656,B_60,0.6607966231560641,0.10250876197058316,0.0003855241929571623,0.017921166240789838,0.0025116526592593304
147,2.649916834053005,0.6117203994269146,placebo,0.4998913251381769,0.2393199410791829,0.08254169367080881,0.0116988014775714,0.017588579140359318
147,2.649916834053005,0.6117203994269146,A_10,0.5193909708944209,0.21474996660824566,0.07129970919640247,0.009636644068902288,0.011393075267197211
147,2.649916834053005,0.6117203994269146,A_30,0.5292259965587468,0.20265104138625717,0.06578977488140629,0.008416258348782946,0.008288369637994402
147,2.649916834053005,0.6117203994269146,A_60,0.5336743295592095,0.19730390979398899,0.06330654739933705,0.007813370512638355,0.0069261519557403586
147,2.649916834053005,0.6117203994269146,B_10,0.5109456182027401,0.22531309615338688,0.07609382255767577,0.010579828585688433,0.014101130080808452
147,2.649916834053005,0.6117203994269146,B_30,0.520984615391866,0.2127719967965244,0.07040324426517204,0.009448505234480787,0.010884034535388132
147,2.649916834053005,0.6117203994269146,B_60,0.5273082785604054,0.2049864217476811,0.06686105205753425,0.008665855917147379,0.008885212891832665
148,2.0458001025636614,0.5877371119222118,placebo,0.45236874352586287,0.3050802539904984,0.04748010905059693,0.03356001215214188,0.05432824719361717
148,2.0458001025636614,0.5877371119222118,A_10,0.48210832863982844,0.26578195950828837,0.031709398239854004,0.02821956008581692,0.04569982495671859
148,2.0458001025636614,0.5877371119222118,A_30,0.49809335617240674,0.2459171039112457,0.02585912648643991,0.02513016896222858,0.038654460301141065
148,2.0458001025636614,0.5877371119222118,A_60,0.5057626184763818,0.23682109268216878,0.02351581622742226,0.023618981227307666,0.034839695991104695
148,2.0458001025636614,0.5877371119222118,B_10,0.4691628062779381,0.2825948272231808,0.037698787894421465,0.03064036944647759,0.05023514830336292
148,2.0458001025636614,0.5877371119222118,B_30,0.48461758267176824,0.2625920453930622,0.03068903942653962,0.02774038145459569,0.04469010836930072
148,2.0458001025636614,0.5877371119222118,B_60,0.49487570861698854,0.24982371097168424,0.026922180914947438,0.02575858180795385,0.040180640582345176
149,23.55436114312563,0.6894777065124197,placebo,0.6740145452133994,0.1095604145863151,6.369577794259204e-05,0.0034980656643107118,0.011901399856766255
149,23.55436114312563,0.6894777065124197,A_10,0.6794758870648228,0.10214885757800495,5.4331634402156186e-05,0.002819192871781773,0.007128294941406652
149,23.55436114312563,0.6894777065124197,A_30,0.6810375328370045,0.1001440444711475,5.1547871498150026e-05,0.0025861577223032246,0.0058024680816238985
149,23.55436114312563,0.6894777065124197,A_60,0.6816320689366142,0.09944179469584273,5.046864009614967e-05,0.0024919222936588053,0.00530324664204657
149,23.55436114312563,0.6894777065124197,B_10,0.6776810958151347,0.10457421043715247,5.745538049827996e-05,0.0030634191761578938,0.008675736140646281
149,23.55436114312563,0.6894777065124197,B_30,0.6797591094370453,0.10177430332189918,5.383185342587748e-05,0.002778424068372362,0.0068863411535889365
149,23.55436114312563,0.6894777065124197,B_60,0.6807634569648622,0.10048253945859748,5.2041617489833766e-05,0.0026285476322459762,0.006033660297840687
150,23.54878812668708,0.6894753416064037,placebo,0.6740087710981438,0.10722156954263623,0.0007702705317797109,0.00972907196049724,0.004967228015982054
150,23.54878812668708,0.6894753416064037,A_10,0.6768018748571509,0.10270859173093896,0.0006919413337599183,0.008439733618952791,0.0035417917965500753
150,23.54878812668708,0.6894753416064037,A_30,0.6783084907917356,0.10032458032548142,0.0006508432140516079,0.007680155007674822,0.00283585259297858
150,23.54878812668708,0.6894753416064037,A_60,0.6790176110076556,0.09926080248733407,0.0006317175638105616,0.007306416382112602,0.0025195966528427094
150,23.54878812668708,0.6894753416064037,B_10,0.6755650430027084,0.10471009311384721,0.0007262362165428341,0.009029008351545102,0.004155054035601832
150,23.54878812668708,0.6894753416064037,B_30,0.677040767433638,0.10232441284842946,0.0006853786841426271,0.008322397968735884,0.0034267975198880056
150,23.54878812668708,0.6894753416064037,B_60,0.6780083714611038,0.10078967641657464,0.0006589774620353952,0.007835197266210384,0.002972795417070361
151,3.3528540524892256,0.6292745980749058,placebo,0.5364932454716611,0.21829679146325234,0.010315168389980488,0.019066874026071566,0.06339931018719465
151,3.3528540524892256,0.6292745980749058,A_10,0.555950850233804,0.19532271619664957,0.006132245494593907,0.016003677466228668,0.0511878248802829
151,3.3528540524892256,0.6292745980749058,A_30,0.5689597680779209,0.18147609790189362,0.004607199567514064,0.014098934515243395,0.041608695914227944
151,3.3528540524892256,0.6292745980749058,A_60,0.5756319431666564,0.1748335818551892,0.004010106694498289,0.013137216101816548,0.03649533211193403
151,3.3528540524892256,0.6292745980749058,B_10,0.5466417050966718,0.20596980571515025,0.0077217676898496115,0.017431430057064528,0.05747969523131514
151,3.3528540524892256,0.6292745980749058,B_30,0.5578932792671211,0.19318033207992874,0.005863554813225575,0.015714059622422522,0.04980370437214331
151,3.3528540524892256,0.6292745980749058,B_60,0.5662310130607839,0.18428361431687104,0.00488108482721119,0.014493342060181146,0.04366915812672758
152,0.7387961084847514,0.4306755014430042,placebo,0.20808161547234832,0.6323507068782864,0.16252044629480328,0.040544598232295524,0.01952884144355764
152,0.7387961084847514,0.4306755014430042,A_10,0.2088212209560847,0.6290132984884014,0.1627174872750983,0.03958445334230964,0.019552339869521092
152,0.7387961084847514,0.4306755014430042,A_30,0.21000550430344878,0.6242943455012906,0.16304597641554242,0.03803327854548308,0.019590742178537696
152,0.7387961084847514,0.4306755014430042,A_60,0.2112563044129247,0.619802045440361,0.16340374758751391,0.03638508516774857,0.01963036427483887
152,0.7387961084847514,0.4306755014430042,B_10,0.2083781145868152,0.6309738304516205,0.16259898424588753,0.04016016926284301,0.019538233347474673
152,0.7387961084847514,0.4306755014430042,B_30,0.2089448445603491,0.6284874812531548,0.1627509482099079,0.03942340387281668,0.019556304799935278
152,0.7387961084847514,0.4306755014430042,B_60,0.20966919862174743,0.6255698544310785,0.1629509884364503,0.038475537864686764,0.01957977652013084
154,13.352799612727472,0.6815439349312481,placebo,0.6548101197384771,0.11968532758681312,0.00416243800622257,0.011884198344347799,0.010687178842190965
154,13.352799612727472,0.6815439349312481,A_10,0.6584676589573326,0.11551485738572424,0.003780836144611195,0.010796315595432864,0.008499124233892088
154,13.352799612727472,0.6815439349312481,A_30,0.6614472390482075,0.11206119662299217,0.0034814643959086185,0.009825311987772974,0.006789919499362309
154,13.352799612727472,0.6815439349312481,A_60,0.6631880887420675,0.1100510083446573,0.0033100219854510396,0.009217308129567624,0.005828516074173899
154,13.352799612727472,0.6815439349312481,B_10,0.6566079627331168,0.11764802340597634,0.003972582623819815,0.011362491521645092,0.009600898052666581
154,13.352799612727472,0.6815439349312481,B_30,0.6588821969508855,0.11503627840971846,0.0037386551334999646,0.010666130168949883,0.008256952677914238
154,13.352799612727472,0.6815439349312481,B_60,0.660779972088239,0.11283603666081386,0.0035477922967349627,0.010050119759341898,0.007166050786917287
155,11.612958938439379,0.6788207727539631,placebo,0.6482950625711794,0.11226409962841671,0.02076289368996269,0.006198183243060859,0.0035646332497409933
155,11.612958938439379,0.6788207727539631,A_10,0.6508710325246893,0.10844212623184032,0.019759443447095407,0.005497166303619423,0.0026931304785547754
155,11.612958938439379,0.6788207727539631,A_30,0.6527994110024323,0.10552040669946716,0.018996212409484008,0.004927986351662172,0.0020971629904141162
155,11.612958938439379,0.6788207727539631,A_60,0.6538737863405415,0.10390932477286025,0.01856622575035885,0.0045936308986137845,0.0017871297644649863
155,11.612958938439379,0.6788207727539631,B_10,0.6495947340286338,0.11035357250123189,0.02025878135412049,0.005852677660040487,0.003114579711167746
155,11.612958938439379,0.6788207727539631,B_30,0.6511472481574919,0.1080249482060421,0.019650782698981194,0.005418038071472925,0.002604703826000427
155,11.612958938439379,0.6788207727539631,B_60,0.6523783003842918,0.10615845017653153,0.01916381553578891,0.005055648855381018,0.002223007978518943
156,7.0916567464962075,0.6656459170955654,placebo,0.6173244482644117,0.13628117726944575,0.009567140295327143,0.021845640643225545,0.016908687892597307
156,7.0916567464962075,0.6656459170955654,A_10,0.6309345683191078,0.12274880877164242,0.008223376786469186,0.017097355331683477,0.00939061665829762
156,7.0916567464962075,0.6656459170955654,A_30,0.6346997482801493,0.11931866342341535,0.007855561486447322,0.015582763013890793,0.007507844315111932
156,7.0916567464962075,0.6656459170955654,A_60,0.6361323017976832,0.11809908568797092,0.00771589654924091,0.014981907463785027,0.006815811284853876
156,7.0916567464962075,0.6656459170955654,B_10,0.6265675295060289,0.12696801960300974,0.00865122964757036,0.018739791710939743,0.011687366231019809
156,7.0916567464962075,0.6656459170955654,B_30,0.6316187102752872,0.12210739970035187,0.008156480023318868,0.016829043777139906,0.009041683019826037
156,7.0916567464962075,0.6656459170955654,B_60,0.6340396488573247,0.11989975215012043,0.007919980184690839,0.015855037417135266,0.007831250636441842
157,2.982527609196728,0.6209261871712961,placebo,0.518892737305208,0.2233467194666657,0.05106803196458127,0.014930046386285398,0.036035371515220606
157,2.982527609196728,0.6209261871712961,A_10,0.54858625571948,0.19023193901805288,0.03782991595009013,0.01199211972776836,0.02251789577395821
157,2.982527609196728,0.6209261871712961,A_30,0.5621929044023661,0.17578906726613883,0.03240134173504681,0.010347293900654473,0.015984647133221067
157,2.982527609196728,0.6209261871712961,A_60,0.5680364457886576,0.16977525376510733,0.030137135522004064,0.009556009543735136,0.013196596316902768
157,2.982527609196728,0.6209261871712961,B_10,0.5361619809717669,0.20382603730032658,0.04307937250770449,0.013307736897439646,0.028377096794383515
157,2.982527609196728,0.6209261871712961,B_30,0.5508547017930262,0.18778989605333068,0.0369054579838938,0.0117345608553031,0.021431466539093585
157,2.982527609196728,0.6209261871712961,B_60,0.5596137133240066,0.17848580578608733,0.03341130823948926,0.010678885095828764,0.01722228051197014
158,0.5076566118849363,0.34427722768667846,placebo,0.11894932669257997,0.7176203182861963,0.18242422907065423,0.026364293456519416,0.016539378466920097
158,0.5076566118849363,0.34427722768667846,A_10,0.11926254266391544,0.7156024948112624,0.18256156548832417,0.025900432173498248,0.016552687360934824
158,0.5076566118849363,0.34427722768667846,A_30,0.11980537656243795,0.7126477597561088,0.18280462042108678,0.025090332789063387,0.016576897914100865
158,0.5076566118849363,0.34427722768667846,A_60,0.12029719800504307,0.7104570690433019,0.18303508356299522,0.024344334135068965,0.0166006119835857
158,0.5076566118849363,0.34427722768667846,B_10,0.11906805119869593,0.7168329293278861,0.1824766090271782,0.026188143355912408,0.016544424104889818
158,0.5076566118849363,0.34427722768667846,B_30,0.1193191389174135,0.7152618550699024,0.18258636890568308,0.025816600112641672,0.01655511975093735
158,0.5076566118849363,0.34427722768667846,B_60,0.11965428201957753,0.7134047148176816,0.18273569716577198,0.02531729918445668,0.016569949316884817
159,9.311588484368876,0.6736809315675946,placebo,0.6361044728416293,0.1298565842688006,0.007895321572567681,0.019659310482126734,0.01002182667128651
159,9.311588484368876,0.6736809315675946,A_10,0.6449809875905409,0.11987708964518258,0.006681437178406877,0.01592879826575133,0.006089708532899693
159,9.311588484368876,0.6736809315675946,A_30,0.6491042387512898,0.11527904708490007,0.006151397287705164,0.013967507325254074,0.004457788203386901
159,9.311588484368876,0.6736809315675946,A_60,0.6509183433055327,0.11333062757343004,0.005923274463657662,0.013052829615041672,0.003786484183390315
159,9.311588484368876,0.6736809315675946,B_10,0.6412706362342537,0.1240644981637002,0.007174741380109736,0.017563108520181666,0.007672445433049162
159,9.311588484368876,0.6736809315675946,B_30,0.6456618525967326,0.11911022331371902,0.006592706483625799,0.015615861973745182,0.005810510513488747
159,9.311588484368876,0.6736809315675946,B_60,0.6483136961119156,0.11614821658338885,0.006251727723343908,0.014356044809804396,0.004759462922556932
160,21.517455731899034,0.6884897302719665,placebo,0.6716049002535123,0.107304858465202,0.0019560615477796786,0.008409992666805055,0.0065187758038697885
160,21.517455731899034,0.6884897302719665,A_10,0.6755599589160021,0.10134706747489812,0.0017667258590671798,0.006975526497042466,0.004187518999849581
160,21.517455731899034,0.6884897302719665,A_30,0.6772509690625896,0.09883436947142035,0.0016846103088261238,0.00627977326290144,0.003274377637675546
160,21.517455731899034,0.6884897302719665,A_60,0.6779751866980349,0.09781810189329461,0.0016491409103706592,0.005965312042266319,0.0029000906212796
160,21.517455731899034,0.6884897302719665,B_10,0.6739683501025243,0.10376321468397853,0.0018432470663801543,0.007583366017057747,0.005094767086033762
160,21.517455731899034,0.6884897302719665,B_30,0.6758442242595412,0.1009175895486898,0.0017529868939344991,0.006862263575446933,0.004030255543051229
160,21.517455731899034,0.6884897302719665,B_60,0.6769320045817697,0.09929757350205226,0.0017001731866719805,0.006415101671261737,0.003442450832283716
161,22.856434927290536,0.6891594872736928,placebo,0.6732378528882459,0.10399316058361709,0.0033129662397775447,0.010118249730042729,0.0024904184156262967
161,22.856434927290536,0.6891594872736928,A_10,0.6764787865076846,0.09797296564568042,0.0030040801269968684,0.008166482284875137,0.0015101383541388533
161,22.856434927290536,0.6891594872736928,A_30,0.6774566071850298,0.0964333955711214,0.0029130092382645993,0.007536947690817533,0.0012529231595729943
161,22.856434927290536,0.6891594872736928,A_60,0.6778392744163074,0.09590185941660734,0.0028776165472830244,0.007285918644935946,0.0011566776651577378
161,22.856434927290536,0.6891594872736928,B_10,0.6753916988893139,0.0998831583041139,0.0031064115582320187,0.008845001608893191,0.0018163752172715183
161,22.856434927290536,0.6891594872736928,B_30,0.6766535822515236,0.09768273139016928,0.002987733953926864,0.008055244731001587,0.0014629263372541164
161,22.856434927290536,0.6891594872736928,B_60,0.6772823316525582,0.09669099139213387,0.002929174662761301,0.0076504231229997804,0.0012975578353821215
162,1.8644719907624843,0.5779388199538449,placebo,0.4337674520783298,0.31563480462122046,0.08090661679184223,0.024170394832934868,0.03909435625074975
162,1.8644719907624843,0.5779388199538449,A_10,0.4518915929061479,0.2899862283395138,0.07648578954780945,0.020752043337049116,0.02880939416283666
162,1.8644719907624843,0.5779388199538449,A_30,0.46463993123023817,0.2724545240860535,0.07341576009313351,0.018240528243478587,0.021642600386996416
162,1.8644719907624843,0.5779388199538449,A_60,0.47132592741250007,0.26345657199506306,0.07178588512143094,0.016845365263704642,0.01798164215621132
162,1.8644719907624843,0.5779388199538449,B_10,0.4430175346266501,0.3024361014911146,0.07862789246120108,0.022431825134981865,0.03386156773100482
162,1.8644719907624843,0.5779388199538449,B_30,0.45377163271784515,0.2873740198309953,0.07603410084759603,0.020390884867612157,0.027742201520799738
162,1.8644719907624843,0.5779388199538449,B_60,0.4619351870693874,0.2761369264167677,0.07406993596043195,0.018787542635882736,0.023146154288149583
163,1.4464944780956788,0.5463506648010383,placebo,0.3769549598428824,0.3940566791431267,0.1371611969254838,0.006759334349700122,0.02547517368297351
163,1.4464944780956788,0.5463506648010383,A_10,0.42385328278351675,0.32782541258369635,0.09847899740591189,0.005310100567972842,0.01870828404363959
163,1.4464944780956788,0.5463506648010383,A_30,0.44311487740700256,0.30158934046081126,0.08411694626648553,0.004621099285334792,0.014497741842224418
163,1.4464944780956788,0.5463506648010383,A_60,0.45116686814786805,0.29089816510885674,0.07833503098625183,0.0043062590118856,0.012542506655028198
163,1.4464944780956788,0.5463506648010383,B_10,0.4052927739039868,0.35370799122965435,0.11314994702967329,0.005909992803479683,0.02199795106389589
163,1.4464944780956788,0.5463506648010383,B_30,0.4271286131365064,0.32331237734786666,0.09597808546329838,0.005198438214573787,0.018045527986662428
163,1.4464944780956788,0.5463506648010383,B_60,0.4395266582253669,0.30641499808759476,0.08673239715175325,0.004755835082736429,0.015335774341174967
164,1.7479229451770577,0.5703608181731478,placebo,0.4197012230114473,0.3375502239446459,0.10791064106533009,0.01494182404658715,0.027807130049794668
164,1.7479229451770577,0.5703608181731478,A_10,0.45862820995324693,0.28498752605933575,0.07994242131265039,0.012096144659474723,0.019694042247774952
164,1.7479229451770577,0.5703608181731478,A_30,0.47529805911676737,0.26376408253302114,0.0687354732431518,0.01077556637958876,0.015551719433646636
164,1.7479229451770577,0.5703608181731478,A_60,0.48237866565795895,0.2550574307076278,0.0640911219735198,0.010177782976034038,0.013713247565625194
164,1.7479229451770577,0.5703608181731478,B_10,0.4428879410114091,0.3057682506812315,0.09093323539444019,0.013263970685766787,0.023275671081531175
164,1.7479229451770577,0.5703608181731478,B_30,0.4614391712533412,0.2813476350037168,0.07802322604867448,0.01188073934962907,0.01901768152150664
164,1.7479229451770577,0.5703608181731478,B_60,0.4721662090160774,0.2676804118162225,0.0708103480724554,0.011032320748782765,0.016351940335829738
165,3.9344572821067656,0.6392718359610893,placebo,0.5580348033432121,0.19861607541258122,0.001617283977952265,0.05090085628123942,0.028718892358685116
165,3.9344572821067656,0.6392718359610893,A_10,0.5748978429372179,0.17857133607476805,0.0008908183293797441,0.04175903002888695,0.021724144665593092
165,3.9344572821067656,0.6392718359610893,A_30,0.5818250207961266,0.17137260528281123,0.0007194190138895872,0.0381791959724287,0.018548200178656264
165,3.9344572821067656,0.6392718359610893,A_60,0.5847539363356858,0.16853306748198457,0.0006578896120840434,0.036675201721382215,0.01718480829194891
165,3.9344572821067656,0.6392718359610893,B_10,0.5682338608283004,0.1860647398946795,0.0011063759731313677,0.045272138340020376,0.024659460819622725
165,3.9344572821067656,0.6392718359610893,B_30,0.5760726522638759,0.17730686518559477,0.0008586553015586404,0.04114825091041436,0.021192277485232246
165,3.9344572821067656,0.6392718359610893,B_60,0.5805289599841917,0.17267069179293898,0.0007484645817114746,0.03884585177351239,0.019148559621688422
166,0.5979512822385231,0.38197228221532575,placebo,0.15419232967746233,0.6830995814378613,0.15872140251248726,0.03456839994962467,0.034490150075750146
166,0.5979512822385231,0.38197228221532575,A_10,0.15513991979126948,0.6791467775641952,0.1589723714649182,0.03330272957611213,0.0345572613830339
166,0.5979512822385231,0.38197228221532575,A_30,0.156870939630537,0.6729436213054572,0.15930834272547686,0.031123395302804845,0.03466960455650671
166,0.5979512822385231,0.38197228221532575,A_60,0.2048263809238029,0.6020548118628494,0.1274478557264707,0.019978184575150944,0.029719860989902376
166,0.5979512822385231,0.38197228221532575,B_10,0.1545728252379555,0.6814432229936809,0.15882541377204004,0.0340568378440285,0.03451720536130473
166,0.5979512822385231,0.38197228221532575,B_30,0.1552996531192446,0.6785337021068822,0.15901173709817024,0.03309243467156054,0.03456845732635904
166,0.5979512822385231,0.38197228221532575,B_60,0.15629869229879137,0.6749372488340929,0.15922612687566204,0.03181166786066083,0.03463579518021618
167,0.6020940522705006,0.38630599635455865,placebo,0.15859884942794322,0.6831450077012952,0.13807114125155515,0.02573701482079389,0.06389899085426548
167,0.6020940522705006,0.38630599635455865,A_10,0.15923251976247896,0.6786702556408963,0.1382405207176776,0.024854461491363177,0.06397849438304125
167,0.6020940522705006,0.38630599635455865,A_30,0.15984007071097642,0.6756030388102777,0.13843116023173374,0.023967114543967872,0.06406765086788972
167,0.6020940522705006,0.38630599635455865,A_60,0.16018651187589872,0.6742195571175326,0.13855618825780477,0.02343778425590497,0.06412551196496531
167,0.6020940522705006,0.38630599635455865,B_10,0.15886920640292154,0.6810484808531531,0.13814100397885412,0.025364041109674343,0.063931744863111
167,0.6020940522705006,0.38630599635455865,B_30,0.1593173196054626,0.6781828077239216,0.13826520285664384,0.024733392390007096,0.06399008150245104
167,0.6020940522705006,0.38630599635455865,B_60,0.15970537147410144,0.6762059345422355,0.13838599902569979,0.02416800885208251,0.06404661700267504
168,3.614458741182081,0.6341607318978103,placebo,0.5469581210206268,0.19103188178085145,0.04032987162979369,0.028091541460314368,0.018781197787075838
168,3.614458741182081,0.6341607318978103,A_10,0.5713068371077296,0.16403233590793087,0.03239803276705881,0.021037032128279176,0.009418829894739973
168,3.614458741182081,0.6341607318978103,A_30,0.5786424627864077,0.15639473550422958,0.030088747933011046,0.018516995613659718,0.00691252556475722
168,3.614458741182081,0.6341607318978103,A_60,0.5814749008519282,0.15358034724889782,0.029204023033438196,0.017487497609705867,0.005994310402762236
168,3.614458741182081,0.6341607318978103,B_10,0.5630753008975422,0.1729550376773428,0.03502404520506671,0.02362927834276283,0.01243210745243949
168,3.614458741182081,0.6341607318978103,B_30,0.5726255705122751,0.16263200971147884,0.03198094957137857,0.020599147564307533,0.008955064249853545
168,3.614458741182081,0.6341607318978103,B_60,0.5773438645926109,0.15771561169319206,0.030495678611310674,0.01897830298202544,0.007342885711869826
169,0.9574231083719598,0.48097748523410033,placebo,0.27419228471019585,0.563687397540603,0.1403030084564194,0.01953581050359874,0.046946381563887266
169,0.9574231083719598,0.48097748523410033,A_10,0.2745660134257857,0.559806622532715,0.14036355831675182,0.019079793722819524,0.046968119768739616
169,0.9574231083719598,0.48097748523410033,A_30,0.2752350813848042,0.5542158780434863,0.14047284781842412,0.01826088007266434,0.04700867595820196
169,0.9574231083719598,0.48097748523410033,A_60,0.27582284190857354,0.5502300423796708,0.1405668890930337,0.01754300028409576,0.047044753948397945
169,0.9574231083719598,0.48097748523410033,B_10,0.2743263310881856,0.5622472459842691,0.1403250577882338,0.01937187224683202,0.046954224110816206
169,0.9574231083719598,0.48097748523410033,B_30,0.27463752731423335,0.5591263854325265,0.14037504850608531,0.018992596208410074,0.046972313205344896
169,0.9574231083719598,0.48097748523410033,B_60,0.27505389596884033,0.5555801154421931,0.14044293240467662,0.018483217541799036,0.0469974393187818
170,7.201331612313426,0.6661591029628056,placebo,0.6185138243883076,0.15494783040291668,0.0007585174859360915,0.010159084111568224,0.036727676976995846
170,7.201331612313426,0.6661591029628056,A_10,0.6255290278595396,0.14701977217222487,0.0005933953318421413,0.00909728750592583,0.03093939226550011
170,7.201331612313426,0.6661591029628056,A_30,0.6315982143389451,0.1407424360984767,0.0004939820777269822,0.008230240352162214,0.025836666193979715
170,7.201331612313426,0.6661591029628056,A_60,0.6352037957789286,0.13723505326238336,0.00044550821150997783,0.007719099531118113,0.022790699441249285
170,7.201331612313426,0.6661591029628056,B_10,0.6218821028017504,0.151036639446859,0.0006698935941203295,0.009636691883030866,0.03397041468390715
170,7.201331612313426,0.6661591029628056,B_30,0.6263598941030057,0.1461320147126703,0.000578046148147749,0.008976993965823403,0.030244168745831267
170,7.201331612313426,0.6661591029628056,B_60,0.6302232587402646,0.14212361487150602,0.0005142341872086653,0.008425058847262598,0.026996551188067895
171,12.98821773358029,0.6810325099858422,placebo,0.6535835760721908,0.12357096557058342,0.0004312084403096848,0.017074747813464793,0.00994297765986593
171,12.98821773358029,0.6810325099858422,A_10,0.6576939664516059,0.11859613049739091,0.0003864647437121474,0.01527594094356564,0.007676137846950046
171,12.98821773358029,0.6810325099858422,A_30,0.6609059421743798,0.11470181277374679,0.00035410173178497594,0.013764411000781206,0.006008055078886695
171,12.98821773358029,0.6810325099858422,A_60,0.6627306539453015,0.11252383402484599,0.00033647288641618485,0.012856704261619813,0.005108678892544878
171,12.98821773358029,0.6810325099858422,B_10,0.6556274411425631,0.12110260687836213,0.0004084117838213677,0.01619711639492805,0.008799540664539788
171,12.98821773358029,0.6810325099858422,B_30,0.6581480121162916,0.1180445762492819,0.0003817710095523892,0.015068463017999571,0.007434263842007227
171,12.98821773358029,0.6810325099858422,B_60,0.6601968051657132,0.1155583932245263,0.0003610889302756536,0.014107228865430508,0.006367387024410273
172,0.9730372728936754,0.4834198735777767,placebo,0.2776830324159093,0.5555205990854349,0.15370293124749673,0.02470641114620125,0.027327498768168562
172,0.9730372728936754,0.4834198735777767,A_10,0.2781975949395615,0.551945350066811,0.153793507624292,0.024083620777591325,0.027345150236357474
172,0.9730372728936754,0.4834198735777767,A_30,0.2789851366937879,0.547160348103743,0.1539267304689323,0.02313623845708136,0.027371767957977033
172,0.9730372728936754,0.4834198735777767,A_60,0.2798625952106826,0.5423790136832868,0.15405761607169471,0.02210161771701567,0.027398044578385884
172,0.9730372728936754,0.4834198735777767,B_10,0.27789567108242036,0.5539924648633076,0.15374063709104938,0.024448775284617395,0.027334790119698603
172,0.9730372728936754,0.4834198735777767,B_30,0.2782800318880286,0.5514098875760147,0.15380781169451346,0.023984052595194653,0.02734797740003193
172,0.9730372728936754,0.4834198735777767,B_60,0.27875998163686266,0.5484613151044546,0.15388958907947642,0.023406007684028896,0.02736429517740472
175,0.8113757048531334,0.4506633738007405,placebo,0.23304605265749959,0.6093419858594212,0.16309481277770316,0.014910998728805675,0.03961150963673193
175,0.8113757048531334,0.4506633738007405,A_10,0.23325324661584973,0.6066737959737976,0.16313558860238747,0.014651373117440629,0.03962316546503747
175,0.8113757048531334,0.4506633738007405,A_30,0.23358096160439895,0.6032829688155115,0.16319837231599618,0.014241153676106573,0.0396428862042367
175,0.8113757048531334,0.4506633738007405,A_60,0.2338411355464586,0.6011635440542895,0.16324828761634141,0.013913922838279276,0.03966002779964803
175,0.8113757048531334,0.4506633738007405,B_10,0.23312441559079908,0.6082931627900774,0.16311055024488755,0.01481250077188446,0.039615907193148225
175,0.8113757048531334,0.4506633738007405,B_30,0.23328980604766622,0.6062454516651999,0.1631426145704136,0.014605687943480501,0.03962526523915136
175,0.8113757048531334,0.4506633738007405,B_60,0.2334946294466159,0.6040865244596944,0.16318184238845676,0.014349413005415122,0.039637488960249045
176,9.61333477308045,0.6744939978565753,placebo,0.6380236549350289,0.13300076429048321,0.004131265149096447,0.009841018846972966,0.022498058925498058
176,9.61333477308045,0.6744939978565753,A_10,0.6449191920793385,0.126157938242348,0.0036397466253002505,0.008745423068911289,0.01718963608302908
176,9.61333477308045,0.6744939978565753,A_30,0.6498217109781136,0.12129742747271653,0.003313273519134809,0.00788094877801983,0.01347806458129498
176,9.61333477308045,0.6744939978565753,A_60,0.6524277568679623,0.11874462409239343,0.003143950844063957,0.0073829026744084555,0.011539387470148278
176,9.61333477308045,0.6744939978565753,B_10,0.6415411073599505,0.12951133081586194,0.0038744346564795204,0.00929665271593713,0.019781803124211666
176,9.61333477308045,0.6744939978565753,B_30,0.6456375667202564,0.12544454872018643,0.003591022012384033,0.008623935413077067,0.016641473710848124
176,9.61333477308045,0.6744939978565753,B_60,0.6487747270218364,0.12233237774244969,0.003381958420371673,0.008072975571743312,0.014264336842611318
177,1.429253054246234,0.5450356098210564,placebo,0.3746929088075493,0.38857037763365887,0.1409863244747742,0.006643415151094468,0.022712961387640406
177,1.429253054246234,0.5450356098210564,A_10,0.40041333332560547,0.3496909772448058,0.1258059808322101,0.005196090239064805,0.013620205424181854
177,1.429253054246234,0.5450356098210564,A_30,0.412376583608677,0.3320856087021382,0.11835552076845961,0.004508481695484005,0.009795023748430408
177,1.429253054246234,0.5450356098210564,A_60,0.41760512696698876,0.3245337522703624,0.11501078801539967,0.0041958058775488334,0.00822388896111667
177,1.429253054246234,0.5450356098210564,B_10,0.3896138948207833,0.36584809528203754,0.13230206849466616,0.005798556636660619,0.017321089868946617
177,1.429253054246234,0.5450356098210564,B_30,0.40239412619034814,0.3467522201840262,0.12459165091027267,0.005084292061475137,0.012965540658958228
177,1.429253054246234,0.5450356098210564,B_60,0.41009029074603504,0.33542029478282537,0.1198012002355906,0.004642541860334476,0.010501576979092661
178,1.0672981916534992,0.5004580833142432,placebo,0.30277591495656636,0.5300794789487772,0.12060738350320863,0.043957346948955,0.03311743790551408
178,1.0672981916534992,0.5004580833142432,A_10,0.30401074356468116,0.5238401140491985,0.12072872195468447,0.04255412107644076,0.03316449671843753
178,1.0672981916534992,0.5004580833142432,A_30,0.3057419849318873,0.5168005875986912,0.12085538852065585,0.04062632116328699,0.03323438869841501
178,1.0672981916534992,0.5004580833142432,A_60,0.3072315644707607,0.5116269242123346,0.12090570316580543,0.03902556078622941,0.03329525489145258
178,1.0672981916534992,0.5004580833142432,B_10,0.3032648459092196,0.5274708584209236,0.1206586272567431,0.04339870431020859,0.03313590583808933
178,1.0672981916534992,0.5004580833142432,B_30,0.30421082119347254,0.5229388470737537,0.12074607151921182,0.042328853654487825,0.03317233694708624
178,1.0672981916534992,0.5004580833142432,B_60,0.30528927843073606,0.5184993519246924,0.12082793339410117,0.04112511222806663,0.03321575926134712
179,2.2198647083326515,0.595993450437307,placebo,0.4684076805422131,0.2688946635877638,0.1079397743861314,0.007388014374707016,0.012257981134259684
179,2.2198647083326515,0.595993450437307,A_10,0.48107786008514947,0.24965686192852518,0.10161879364850822,0.005941986320548572,0.0073548103831095595
179,2.2198647083326515,0.595993450437307,A_30,0.4878854758955079,0.23938081334543662,0.09796267068588904,0.0050778283726258455,0.005067475483283978
179,2.2198647083326515,0.595993450437307,A_60,0.4910493688655342,0.2346757270760481,0.09619693669612042,0.004649275990714556,0.004097868884944875
179,2.2198647083326515,0.595993450437307,B_10,0.4754496624836476,0.25819639237761194,0.10449807072770656,0.006606027110221595,0.009439690115725008
179,2.2198647083326515,0.595993450437307,B_30,0.4821628023012325,0.24801290450373595,0.10104918031640768,0.005809093508975312,0.0069723743106939115
179,2.2198647083326515,0.595993450437307,B_60,0.48653737105540523,0.24140505357851957,0.09870229190205572,0.005254953610008564,0.005498833869827437
180,2.6193845794060504,0.6107231650098475,placebo,0.49785843824214776,0.24033608536794349,0.037101423883263686,0.01332023751232384,0.06244306537211331
180,2.6193845794060504,0.6107231650098475,A_10,0.5335496798614681,0.19985956312475794,0.029597933510063634,0.010663154882742644,0.03691239675557185
180,2.6193845794060504,0.6107231650098475,A_30,0.5441874212435949,0.18879533754771927,0.027508579415976606,0.00971518542237496,0.029311978927889483
180,2.6193845794060504,0.6107231650098475,A_60,0.5482573051191997,0.1847415011104354,0.026716465769345103,0.009327579358756295,0.026421814762550254
180,2.6193845794060504,0.6107231650098475,B_10,0.5214961315907729,0.2130183035782615,0.032018572507657724,0.011637971983677596,0.04557048892773952
180,2.6193845794060504,0.6107231650098475,B_30,0.5354709735461473,0.19781876713518312,0.02921809679313358,0.01049849945486214,0.035535595215704825
180,2.6193845794060504,0.6107231650098475,B_60,0.5423138325242779,0.19069911759789504,0.027874424339391156,0.009888802398003892,0.030646105748178314
181,1.8512051511901388,0.5770135138960879,placebo,0.4320349916937219,0.3247663770845727,0.05669233891535925,0.015513168169356347,0.07277301511765996
181,1.8512051511901388,0.5770135138960879,A_10,0.4555119226582805,0.2936741270720738,0.0438496952872255,0.013961560728923324,0.06369033522165844
181,1.8512051511901388,0.5770135138960879,A_30,0.4738963834723958,0.2702958567178264,0.036020109516490595,0.012662014283564917,0.05443500662364066
181,1.8512051511901388,0.5770135138960879,A_60,0.48447051156444965,0.25734361619141716,0.032198975476760185,0.011882654790130506,0.04846137206474093
181,1.8512051511901388,0.5770135138960879,B_10,0.4437616536075799,0.309089712336353,0.049836949796905596,0.014755434267050942,0.06865947622454904
181,1.8512051511901388,0.5770135138960879,B_30,0.4580960640918249,0.29032966877889776,0.042643179684952216,0.013782973259910297,0.062491296859405014
181,1.8512051511901388,0.5770135138960879,B_60,0.4698131797563848,0.27540023066064223,0.037616984348866726,0.01295649175744829,0.056626858033391576
182,0.6087312792982638,0.3888282670096068,placebo,0.16119783773667662,0.6783973892680017,0.09976792935572883,0.06069790443997746,0.06716459547722346
182,0.6087312792982638,0.3888282670096068,A_10,0.1631255978615903,0.6724435195958822,0.10013363406221733,0.05814592949010095,0.06742310559571447
182,0.6087312792982638,0.3888282670096068,A_30,0.16559528256219544,0.6660873888039041,0.10061162062411683,0.05485180466403459,0.06776955915925463
182,0.6087312792982638,0.3888282670096068,A_60,0.16786827956186515,0.6607787638509857,0.1010226902695259,0.051865674941580314,0.06807162223663073
182,0.6087312792982638,0.3888282670096068,B_10,0.16200610979097044,0.6757633709778933,0.09992048139007896,0.059630103186143195,0.06727157264242296
182,0.6087312792982638,0.3888282670096068,B_30,0.1634139171970529,0.6716432277290717,0.10018918291369147,0.05776222922352075,0.06746293767534842
182,0.6087312792982638,0.3888282670096068,B_60,0.16494612240697962,0.6676675200875389,0.10048649757319661,0.05571751229029995,0.06767813473914021
183,4.007779057642805,0.6403335389945972,placebo,0.5603524238550615,0.18847206769546596,0.00645791524173645,0.028332534700572586,0.045190665197227066
183,4.007779057642805,0.6403335389945972,A_10,0.5751945693908829,0.17307167078198635,0.005178377876259988,0.02495270704451481,0.035007884682935225
183,4.007779057642805,0.6403335389945972,A_30,0.586227783070433,0.16220570733601164,0.004420459554905663,0.022304820206191418,0.027380476163073226
183,4.007779057642805,0.6403335389945972,A_60,0.5922096290715616,0.15654113989201243,0.004052647111710843,0.020784552371224046,0.023286710440089266
183,4.007779057642805,0.6403335389945972,B_10,0.5678111383057437,0.18061823821073936,0.005767162639606508,0.026649132461365705,0.04010610558787716
183,4.007779057642805,0.6403335389945972,B_30,0.5767897350977755,0.1714700522458393,0.005060911399362691,0.0245797557539067,0.03390313674356586
183,4.007779057642805,0.6403335389945972,B_60,0.5838447966170087,0.16450961301773084,0.004574386986507558,0.022891898688925664,0.029022456702154406
184,0.7415909361086688,0.4284522755444983,placebo,0.2054091615084621,0.6347731796841927,0.16423800474919348,0.013647382983567125,0.045157726303275685
184,0.7415909361086688,0.4284522755444983,A_10,0.2058750519655635,0.6298206934029463,0.16434278475519506,0.013043995005467728,0.04519044381826171
184,0.7415909361086688,0.4284522755444983,A_30,0.20661108384622223,0.623578920720944,0.164470653422508,0.012137744809046324,0.04523279346672206
184,0.7415909361086688,0.4284522755444983,A_60,0.2874467359725845,0.5007695247730976,0.09965687249838397,0.007211246058079536,0.03413742101544863
184,0.7415909361086688,0.4284522755444983,B_10,0.20559763222326102,0.6326302711143317,0.16428144930544586,0.013402073499266408,0.0451711205165454
184,0.7415909361086688,0.4284522755444983,B_30,0.20594982252222419,0.6291275605044363,0.16435872629266532,0.012948195759809404,0.04519553096977862
184,0.7415909361086688,0.4284522755444983,B_60,0.20638222658970998,0.6254714333044816,0.16444098149602912,0.01240673863111968,0.04522232882763634
185,10.935596811756662,0.6775285498094458,placebo,0.6452171280365225,0.12424083628770136,0.0001282671633419847,0.012086248581812183,0.020096906027746626
185,10.935596811756662,0.6775285498094458,A_10,0.6519862612837583,0.11768144751706601,0.00011643397909814447,0.010635020189722379,0.014790834356824151
185,10.935596811756662,0.6775285498094458,A_30,0.6557979759996466,0.11403445269379045,0.00010980288527256096,0.009715499731542324,0.011905271192998305
185,10.935596811756662,0.6775285498094458,A_60,0.657613158764633,0.11235175813195275,0.00010662658360726547,0.0092468559666095,0.010561908494618787
185,10.935596811756662,0.6775285498094458,B_10,0.6489309976886528,0.12064152344966042,0.00012174751895721943,0.011315775973376845,0.017160028628459178
185,10.935596811756662,0.6775285498094458,B_30,0.6525850498456706,0.11710332054208356,0.00011539397362048649,0.010496009383982284,0.01433209660617094
185,10.935596811756662,0.6775285498094458,B_60,0.6550328336918704,0.11475791972000728,0.00011113715370227769,0.009906886635021366,0.012477692328848421
186,9.845715646278219,0.6750849332475214,placebo,0.6394206896601998,0.13542901926246714,0.0006863695933829675,0.00920271861884901,0.025775155375113833
186,9.845715646278219,0.6750849332475214,A_10,0.6454180783021328,0.12934520795627436,0.0005906854364915085,0.008316445333376145,0.020759724175521407
186,9.845715646278219,0.6750849332475214,A_30,0.650308269653163,0.12446979249313676,0.0005227882959711622,0.007547194980308145,0.01670668031806918
186,9.845715646278219,0.6750849332475214,A_60,0.6531287816162454,0.12170957339841912,0.00048633345424997176,0.007074862858813581,0.014394955318223794
186,9.845715646278219,0.6750849332475214,B_10,0.6423581962087302,0.13243400025889437,0.0006373776793995103,0.008774288060502686,0.023315071298913734
186,9.845715646278219,0.6750849332475214,B_30,0.6461007566836803,0.12865990184231038,0.0005807647524890287,0.00821217152664607,0.02019124028470847
186,9.845715646278219,0.6750849332475214,B_60,0.6492181275494358,0.1255490829186943,0.0005373443603098947,0.007723594244643203,0.017605867093122004
187,0.6238254905915198,0.38561365730108454,placebo,0.1578898792175569,0.6835698090271166,0.12935691271339467,0.048435075131655354,0.04993179023847773
187,0.6238254905915198,0.38561365730108454,A_10,0.1587003668342842,0.6802383757304236,0.12954118561168634,0.047359894721878196,0.05001221013324014
187,0.6238254905915198,0.38561365730108454,A_30,0.16009054492279537,0.6755299708997267,0.12985150074078855,0.045511880656674046,0.05015973098083495
187,0.6238254905915198,0.38561365730108454,A_60,0.16129723313424962,0.6721150831792219,0.13010235768067985,0.043916718682414854,0.05029734780374593
187,0.6238254905915198,0.38561365730108454,B_10,0.15818565516556699,0.6823116269054799,0.12942544538833264,0.04804137791764827,0.049961178829544706
187,0.6238254905915198,0.38561365730108454,B_30,0.15885107762688933,0.6796682706689335,0.12957487012542637,0.04716028008690494,0.05002742946187461
187,0.6238254905915198,0.38561365730108454,B_60,0.1597164514866459,0.676690502520117,0.12976845650473787,0.04601026517132656,0.050118484138385544
189,6.49664497107701,0.6625842774211005,placebo,0.6102571937513566,0.1496051551953267,0.006494441511957004,0.012618810854258205,0.033213831303533906
189,6.49664497107701,0.6625842774211005,A_10,0.6263501666245684,0.13437029635901612,0.005040919779375146,0.010287974734111914,0.020905216283037917
189,6.49664497107701,0.6625842774211005,A_30,0.6331321628801783,0.12819444608248418,0.0044926575369787815,0.009142330629984912,0.015817126373958667
189,6.49664497107701,0.6625842774211005,A_60,0.6359724159279445,0.1257057955625589,0.004268479894728852,0.008622075272587772,0.013721306325844519
189,6.49664497107701,0.6625842774211005,B_10,0.6198557613536969,0.14044062076568326,0.0055936248458205145,0.011281367034259231,0.025853524187322226
189,6.49664497107701,0.6625842774211005,B_30,0.6275019794553471,0.13330662548332795,0.004946131564050528,0.010102045769134689,0.02003412063256573
189,6.49664497107701,0.6625842774211005,B_60,0.631867563528723,0.1293266154363512,0.004593310603146989,0.009365785757972886,0.01675761753127132
190,4.306027810002662,0.6442909484315921,placebo,0.5690419654380707,0.18562795579889346,0.0003901079301924833,0.027162409969814123,0.04769646509351361
190,4.306027810002662,0.6442909484315921,A_10,0.5903801083452282,0.16295246903334673,0.00025764733245034173,0.02175051111955409,0.03190268163435436
190,4.306027810002662,0.6442909484315921,A_30,0.5978991167595604,0.15597837694434877,0.00022599826476115643,0.019853866459078672,0.02631196694819421
190,4.306027810002662,0.6442909484315921,A_60,0.6009002463095385,0.15337165285254056,0.0002144659523714326,0.01908299112391208,0.024093245045772985
190,4.306027810002662,0.6442909484315921,B_10,0.5824792431578968,0.17085122229835284,0.0002968860974175612,0.02371873750433607,0.037796081671927786
190,4.306027810002662,0.6442909484315921,B_30,0.591701694205066,0.16168622809150052,0.0002517505010906375,0.02141989532299149,0.030917608402462056
190,4.306027810002662,0.6442909484315921,B_60,0.5965399214534437,0.15719550143002634,0.00023140600063437352,0.02020001679555723,0.027319604181941744
191,4.079268902873477,0.6413478113757191,placebo,0.562571888294306,0.2006579954857299,0.0018983050557629907,0.02872638803668183,0.04815122998896777
191,4.079268902873477,0.6413478113757191,A_10,0.5781733819424317,0.1805016233024759,0.0009834831791998941,0.0232335550471731,0.038957391206921856
191,4.079268902873477,0.6413478113757191,A_30,0.5853669534419833,0.17286743253926865,0.0007831468014173749,0.02111133466127524,0.03408637647102801
191,4.079268902873477,0.6413478113757191,A_60,0.5885177293028067,0.1698048980328751,0.0007127646288295668,0.020225698993844958,0.03189161845024109
191,4.079268902873477,0.6413478113757191,B_10,0.5716666640966421,0.18821987516554212,0.0012439094316311428,0.025333674409525813,0.04310356343792231
191,4.079268902873477,0.6413478113757191,B_30,0.5793646887033753,0.1791756060245387,0.000945430745603582,0.02287014298846331,0.038167548938285834
191,4.079268902873477,0.6413478113757191,B_60,0.5839917024777835,0.17425864278117228,0.0008166663208074359,0.021505092902641354,0.03503434967448614
192,5.96388208872766,0.6593379477159776,placebo,0.6028168482094565,0.15861290494137326,0.013732266417297911,0.014828292882492043,0.027960540206727214
192,5.96388208872766,0.6593379477159776,A_10,0.6171212902989909,0.14403882756652528,0.010799326103651613,0.012302801014815077,0.019114530298512247
192,5.96388208872766,0.6593379477159776,A_30,0.6235984156624077,0.13782495640296202,0.009675030135668608,0.01104176766840015,0.01502273424950215
192,5.96388208872766,0.6593379477159776,A_60,0.6263980965108895,0.1352661303025936,0.009212462962547033,0.010464444467095897,0.01326294377544906
192,5.96388208872766,0.6593379477159776,B_10,0.6111833319472317,0.14996681341862825,0.011922549645703842,0.013385179400765996,0.022846886722262594
192,5.96388208872766,0.6593379477159776,B_30,0.6182008820263885,0.142982027584001,0.010605666933099892,0.012099098828910058,0.01843229992758319
192,5.96388208872766,0.6593379477159776,B_60,0.6223684877778615,0.13897835452580834,0.009882183023550794,0.011288838038534837,0.015798438876028657
194,11.384141392849743,0.6784000344052226,placebo,0.6472919452064265,0.13737878315546906,0.00044216748760886706,0.012543238435064543,0.01812268327610566
194,11.384141392849743,0.6784000344052226,A_10,0.6558811759346808,0.12632005546699773,0.0003084244886146691,0.010108490626806759,0.012101943355128554
194,11.384141392849743,0.6784000344052226,A_30,0.6587617843022684,0.1232008949327936,0.00027530327740397855,0.009275604196674742,0.01008734262890726
194,11.384141392849743,0.6784000344052226,A_60,0.6599005848096753,0.12208445843320297,0.000263101991802321,0.00893948348265058,0.009296864121121871
194,11.384141392849743,0.6784000344052226,B_10,0.6527912725445163,0.13001413879098433,0.00034881130162061724,0.010983291276456978,0.014276659282635128
194,11.384141392849743,0.6784000344052226,B_30,0.6563909811781159,0.125742685511721,0.0003022919982260086,0.009962635998179327,0.011744125230726257
194,11.384141392849743,0.6784000344052226,B_60,0.6582442729048344,0.12373332611607725,0.0002809995157025702,0.009426949315559383,0.010447812669157279
196,2.8669365478291318,0.6180397427852182,placebo,0.5128891440510097,0.20974715675885094,0.0974401633324707,0.003183833651607982,0.004526601750130749
196,2.8669365478291318,0.6180397427852182,A_10,0.5189555158730095,0.20089340554490132,0.09314833248584727,0.0027439848450289887,0.00319190958132952
196,2.8669365478291318,0.6180397427852182,A_30,0.523182912908669,0.19468990569415096,0.09007781674023786,0.0024090817681785308,0.002369931368126932
196,2.8669365478291318,0.6180397427852182,A_60,0.5254396243100031,0.19141026088747232,0.08841209698094583,0.0022201407924187884,0.001967880701885016
196,2.8669365478291318,0.6180397427852182,B_10,0.5160150252782726,0.20520001094792692,0.09524525456747586,0.0029629471201290123,0.003816515819331686
196,2.8669365478291318,0.6180397427852182,B_30,0.5195762397504966,0.1999820057437577,0.09270161331939224,0.002696322522455401,0.003065567192864565
196,2.8669365478291318,0.6180397427852182,B_60,0.522280110271657,0.1960119186155378,0.09073907937889207,0.0024826572694840944,0.002537895865179689
197,19.793830149365398,0.6874972933516766,placebo,0.6691895837895105,0.1137137131707554,0.0005501316270141784,0.006908947004656378,0.010848630930496473
197,19.793830149365398,0.6874972933516766,A_10,0.6738217249673905,0.10757473077552819,0.0004847704973193464,0.005858184737364648,0.0073326131496066265
197,19.793830149365398,0.6874972933516766,A_30,0.6755684796092736,0.10539636752177776,0.00046025840639431453,0.0054092130653822425,0.006059342270634
197,19.793830149365398,0.6874972933516766,A_60,0.676287013920048,0.1045665826332613,0.0004501420968933641,0.005215034348158727,0.0055451029865849835
197,19.793830149365398,0.6874972933516766,B_10,0.6720637518040393,0.10987821391339778,0.0005094234816961462,0.006279054177779303,0.008645063888156895
197,19.793830149365398,0.6874972933516766,B_30,0.6741232157092644,0.1071879677366119,0.0004805447822582938,0.005782965193977226,0.007110567666198811
197,19.793830149365398,0.6874972933516766,B_60,0.6752470203558575,0.10578345207582074,0.00046477664149337255,0.00549426734286392,0.006291229011476381
198,0.4911389124767427,0.3152226776638654,placebo,0.09543916043397596,0.7370807998599568,0.16617414241605047,0.030953949730940997,0.022655425082900183
198,0.4911389124767427,0.3152226776638654,A_10,0.09578014414043465,0.7352241921903272,0.1663036930204128,0.030459771206611756,0.022679069296405556
198,0.4911389124767427,0.3152226776638654,A_30,0.09650942808419075,0.7319788077423887,0.16651936411009366,0.02946307554903261,0.022730809920561878
198,0.4911389124767427,0.3152226776638654,A_60,0.17357459316915594,0.6396195356688851,0.09453709243817102,0.023236734024343193,0.023874258032200252
198,0.4911389124767427,0.3152226776638654,B_10,0.09556185665669617,0.7363932655781552,0.16622291224878719,0.03077390633090447,0.02266400242748917
198,0.4911389124767427,0.3152226776638654,B_30,0.09584780554647288,0.7348811998255779,0.16632735729139045,0.03036375773239296,0.022683757093618737
198,0.4911389124767427,0.3152226776638654,B_60,0.09628550447559599,0.732884437972621,0.1664638821089706,0.02975857287522762,0.022714718204079345
199,0.6474986942120349,0.3963436141898897,placebo,0.16909251511666448,0.6719528918399424,0.1762921229216488,0.02325730446784191,0.027701671683734837
199,0.6474986942120349,0.3963436141898897,A_10,0.16934484704976502,0.6701704765753167,0.1763711508087292,0.02291239335820013,0.027715222973189863
199,0.6474986942120349,0.3963436141898897,A_30,0.16983875912628324,0.6670568540916199,0.17652277064953376,0.022240079505665995,0.02774200490841885
199,0.6474986942120349,0.3963436141898897,A_60,0.1704129636849262,0.6639645340399672,0.17669263721235764,0.02146442963015473,0.027773583662464386
199,0.6474986942120349,0.3963436141898897,B_10,0.1691885819804972,0.6712616290288145,0.1763224870245563,0.023125697027986065,0.027706848156858362
199,0.6474986942120349,0.3963436141898897,B_30,0.16939149267196743,0.6698543459862147,0.17638557279437242,0.022848824035346327,0.027717724688209478
199,0.6474986942120349,0.3963436141898897,B_60,0.16968934941698402,0.6679460382602984,0.17647713350473024,0.022443303101284583,0.027733828166903743
200,3.972788849995525,0.6398501721353487,placebo,0.5592965549501633,0.16762580278777903,0.07437487066682881,0.004112095336052783,0.0020666511823041185
200,3.972788849995525,0.6398501721353487,A_10,0.56384066981542,0.16092916025008908,0.07101562374785808,0.003537581330873116,0.0014562972411826212
200,3.972788849995525,0.6398501721353487,A_30,0.5670350564593923,0.15618858834237828,0.068629158020267,0.003103434194760859,0.001082523460924803
200,3.972788849995525,0.6398501721353487,A_60,0.5687506971717484,0.1536763127190882,0.0673397088443434,0.002859579651531501,0.0009001864677531226
200,3.972788849995525,0.6398501721353487,B_10,0.5616326565345584,0.16419841997785575,0.07265326461948499,0.0038229051745822342,0.001741345806729899
200,3.972788849995525,0.6398501721353487,B_30,0.5643081851454402,0.16023468032656787,0.07066759912551465,0.0034756358745808495,0.0013987519898057308
200,3.972788849995525,0.6398501721353487,B_60,0.5663507760173291,0.15720100372756704,0.06914201180412478,0.0031985965365882462,0.0011587877773012025
201,10.338439506152184,0.6762514437271857,placebo,0.6421838258315097,0.13076556313233706,0.00016686190374670158,0.020613061535882084,0.013287694456020056
201,10.338439506152184,0.6762514437271857,A_10,0.6505892864934506,0.12131985659140414,0.00014125414308245715,0.016991218433996844,0.008529684656676792
201,10.338439506152184,0.6762514437271857,A_30,0.653079941377651,0.11889408481725762,0.00013430758455763357,0.015831212025772368,0.0072059827392287985
201,10.338439506152184,0.6762514437271857,A_60,0.654044750334483,0.11803679743082401,0.00013167065557142147,0.01537014358749173,0.006704879149655254
201,10.338439506152184,0.6762514437271857,B_10,0.6477862978443687,0.12430030819311726,0.0001493570459834619,0.018246065118689363,0.010069723718148356
201,10.338439506152184,0.6762514437271857,B_30,0.6510368914277227,0.12086576112389058,0.00013998986204100613,0.016785936129114526,0.008288626308319585
201,10.338439506152184,0.6762514437271857,B_60,0.6526385291580651,0.11930411063077842,0.00013552363039209296,0.01603996761907458,0.007437423319681372
202,15.751759707927272,0.6843234768997167,placebo,0.6615003882434155,0.1049181236828234,0.01624082719131622,0.003328549945193295,0.0032537115197854715
202,15.751759707927272,0.6843234768997167,A_10,0.663519762736297,0.10159237647213676,0.01534910369833007,0.002964900829292828,0.0024897096358193573
202,15.751759707927272,0.6843234768997167,A_30,0.6650820493043812,0.09891527084396581,0.014644509626686682,0.002656067604198545,0.001940850364476366
202,15.751759707927272,0.6843234768997167,A_60,0.6659687739024495,0.09738955391888522,0.014238386878162923,0.002469172885708668,0.0016471432334105257
202,15.751759707927272,0.6843234768997167,B_10,0.6625090465037711,0.1032802673088257,0.015797932010135483,0.0031516424477810723,0.0028648559380244675
202,15.751759707927272,0.6843234768997167,B_30,0.6637410303040822,0.10121733360178464,0.015250132298021649,0.0029226877792720685,0.0024096265183394454
202,15.751759707927272,0.6843234768997167,B_60,0.6647375095022254,0.09950992457274675,0.014801078721089758,0.0027263756282037512,0.0020585130482221104
203,6.532655941885285,0.6627855598185928,placebo,0.6107203206543143,0.17138344925227897,0.0051054721740314045,0.027097588320789512,0.019862178669465
203,6.532655941885285,0.6627855598185928,A_10,0.6182176880459866,0.16070556248337176,0.003033519728027951,0.02357199882551561,0.017962353219060204
203,6.532655941885285,0.6627855598185928,A_30,0.6233716013762011,0.15399545179690985,0.0022147898463899937,0.021141307103044595,0.016057861492959687
203,6.532655941885285,0.6627855598185928,A_60,0.6261884040599022,0.15065084158237677,0.0018877681318186723,0.01985118221075104,0.014858205416143312
203,6.532655941885285,0.6627855598185928,B_10,0.6146527022854941,0.16570273980546327,0.00385290388813376,0.025276062277070886,0.019003891367895893
203,6.532655941885285,0.6627855598185928,B_30,0.6189680239681481,0.15968635068238923,0.0028913599095690278,0.023213692229003748,0.017712483711883775
203,6.532655941885285,0.6627855598185928,B_60,0.6222595173091959,0.15538242858221374,0.002363764229312963,0.02165863515355302,0.016503643126526336
204,10.566113865315813,0.6767591608428912,placebo,0.6433886973154184,0.12196005364920053,0.000628212017799039,0.016706730016129333,0.016035521493519285
204,10.566113865315813,0.6767591608428912,A_10,0.6501721199162817,0.11527114335707633,0.0005786663874333919,0.014537916439688221,0.011470458099477991
204,10.566113865315813,0.6767591608428912,A_30,0.6537131554982595,0.11185370465196463,0.0005525539730419044,0.013271493774976826,0.009221957596603839
204,10.566113865315813,0.6767591608428912,A_60,0.6553501809338607,0.11033615020287256,0.0005403760761280179,0.012651437897860052,0.008217165935081313
204,10.566113865315813,0.6767591608428912,B_10,0.6472019551204493,0.11819480830927653,0.0006003922276128132,0.015526229002260455,0.013430584492571595
204,10.566113865315813,0.6767591608428912,B_30,0.6507393012166633,0.11471656514720469,0.0005745023918306455,0.014341733377667287,0.011103623856725383
204,10.566113865315813,0.6767591608428912,B_60,0.6530146150454609,0.11251695072585569,0.0005577288335949219,0.013529307816902522,0.009657509146931696
205,29.06364843201213,0.6914606364010679,placebo,0.6788664778157012,0.09916941944223322,0.00011309943734247915,0.005444127172659877,0.0070369319753628215
205,29.06364843201213,0.6914606364010679,A_10,0.6809740432148168,0.09606250299970472,0.00010779384335044905,0.004892963613432245,0.005485835729463526
205,29.06364843201213,0.6914606364010679,A_30,0.6823536321155349,0.09400042347720552,0.00010415818575299538,0.0044930844049631295,0.00450976169483157
205,29.06364843201213,0.6914606364010679,A_60,0.6830650586869372,0.09296186309247817,0.00010222666587680913,0.004273522418526091,0.004019828629756903
205,29.06364843201213,0.6914606364010679,B_10,0.6799729782075284,0.09755245616147178,0.00011034832884731278,0.00516318245176087,0.006214127412929998
205,29.06364843201213,0.6914606364010679,B_30,0.6811808071907315,0.09575286649941817,0.00010725778786363713,0.004835123955626749,0.005337447466835212
205,29.06364843201213,0.6914606364010679,B_60,0.6820644115651886,0.09443028220915853,0.00010493213898096261,0.004579691650091803,0.004711601046829527
206,0.863560722716352,0.4611374109766549,placebo,0.24681018676814775,0.5860967926150638,0.14485358302055,0.04445439799835168,0.025019243189605356
206,0.863560722716352,0.4611374109766549,A_10,0.2678601710601356,0.5312388225669894,0.14021327788700608,0.029853272013792606,0.023210690015722426
206,0.863560722716352,0.4611374109766549,A_30,0.2873532999009032,0.5039125770616001,0.13326009939547329,0.02074542488912485,0.019778586791157227
206,0.863560722716352,0.4611374109766549,A_60,0.29445057167227295,0.4938637431199813,0.13025639111191814,0.01831311867987156,0.018117329512596158
206,0.863560722716352,0.4611374109766549,B_10,0.2486425606848143,0.5791218671949087,0.1451851346732953,0.042232811032414774,0.02507690458614223
206,0.863560722716352,0.4611374109766549,B_30,0.27195324727116255,0.5256203157881946,0.13894071808040379,0.02760703640796108,0.02263640921712115
206,0.863560722716352,0.4611374109766549,B_60,0.28415452895606025,0.5084517247682802,0.13455072970055534,0.021969946377295883,0.020462205942740376
207,1.2317159103620035,0.5228228726634269,placebo,0.33770929689525625,0.4448623406401214,0.127184818402215,0.016792765669726064,0.041135991696233276
207,1.2317159103620035,0.5228228726634269,A_10,0.4153490129105721,0.33826700816695804,0.06364985247838396,0.01318912917622521,0.030634878098243837
207,1.2317159103620035,0.5228228726634269,A_30,0.4399793938325045,0.30558020857386586,0.047078169513657175,0.011602291451225523,0.02416301786603857
207,1.2317159103620035,0.5228228726634269,A_60,0.4494978119269709,0.29329283101037806,0.041181649162594376,0.010900807278830622,0.021242604295028937
207,1.2317159103620035,0.5228228726634269,B_10,0.38817205247090664,0.3752290594929681,0.08416781436120044,0.014630465263638785,0.03585254056768701
207,1.2317159103620035,0.5228228726634269,B_30,0.4197589659455097,0.33234274576606415,0.06053897652572268,0.012926951300062616,0.02959797889213178
207,1.2317159103620035,0.5228228726634269,B_60,0.43560893447457194,0.3112987083348764,0.04987739368715947,0.01190685977265901,0.02542968472904208
208,17.515403078412035,0.6858863617335645,placebo,0.6652801257545337,0.115284564623319,0.0006322441000721271,0.00786318087481487,0.012110811004140947
208,17.515403078412035,0.6858863617335645,A_10,0.6712782606916204,0.10774514109123383,0.0005474007744345834,0.006460926069237959,0.00759977419826551
208,17.515403078412035,0.6858863617335645,A_30,0.6735983320838174,0.10487409224010416,0.0005144345063710416,0.005828107736279905,0.005945487407114242
208,17.515403078412035,0.6858863617335645,A_60,0.6745540232512098,0.10375432243328178,0.0005007131745823537,0.005549719256587597,0.00528190605119251
208,17.515403078412035,0.6858863617335645,B_10,0.6689661316043609,0.11066841165392842,0.0005799924464069728,0.007037080223375941,0.009303157459419356
208,17.515403078412035,0.6858863617335645,B_30,0.6716776515225266,0.10724292589206993,0.0005417530331612853,0.006356117860595061,0.007310839317269315
208,17.515403078412035,0.6858863617335645,B_60,0.6731706214118428,0.10539171029707396,0.0005205450890829603,0.005949248602555062,0.00624594663010036
209,27.33634028112208,0.6909247393392347,placebo,0.677553159964626,0.10252219633811217,8.827945436325743e-05,0.005529578882423825,0.0077537210378207655
209,27.33634028112208,0.6909247393392347,A_10,0.6812798974084515,0.09691367563422043,8.064585999388899e-05,0.004580416363615054,0.004983779707182678
209,27.33634028112208,0.6909247393392347,A_30,0.6824090417571292,0.09537032328304747,7.819557406375788e-05,0.004251214217397438,0.00418628779063773
209,27.33634028112208,0.6909247393392347,A_60,0.6828480707973495,0.09482720851052792,7.722398201620298e-05,0.004117609494087567,0.0038818350657815557
209,27.33634028112208,0.6909247393392347,B_10,0.6800213594595945,0.09876597878449596,8.329657724952579e-05,0.004923549414277965,0.0058965338881181335
209,27.33634028112208,0.6909247393392347,B_30,0.6814821888849919,0.09662616619999315,8.021201219203485e-05,0.004522949647960699,0.004839388794115088
209,27.33634028112208,0.6909247393392347,B_60,0.6822083869776303,0.09563166516162133,7.863612645863512e-05,0.004311226379947822,0.0043264898552061205
210,14.728259555975086,0.6832480511278901,placebo,0.6589070359029509,0.11457776811499956,0.00569662619068729,0.011703259077395955,0.006941129956850392
210,14.728259555975086,0.6832480511278901,A_10,0.6634922699190542,0.10867082427402588,0.005044806858090313,0.009972898201097632,0.004738076149645319
210,14.728259555975086,0.6832480511278901,A_30,0.6657276711610696,0.1058524015207637,0.0047344883873271775,0.009035714561640346,0.0037501770178831294
210,14.728259555975086,0.6832480511278901,A_60,0.6667353038568026,0.10464615381105159,0.00459575282892843,0.008591972088737854,0.003325022353442079
210,14.728259555975086,0.6832480511278901,B_10,0.6615412500206393,0.11118784628708392,0.005319185980384439,0.010739254759349854,0.005648360367533317
210,14.728259555975086,0.6832480511278901,B_30,0.6638563295872176,0.10820435388446947,0.004994001742213515,0.009824655365068933,0.004573064433389723
210,14.728259555975086,0.6832480511278901,B_60,0.6652932800685497,0.10638875246178786,0.0047945022435387395,0.009222910746302255,0.003937358069526032
211,1.4056444014633405,0.5424385059037798,placebo,0.37024953917346404,0.4071231120088063,0.0696692390818134,0.023213875947439653,0.07930585170106912
211,1.4056444014633405,0.5424385059037798,A_10,0.4248763179427348,0.331243094253002,0.031207566701397075,0.01877738645595672,0.06757723480369086
211,1.4056444014633405,0.5424385059037798,A_30,0.4471455677639023,0.3014615768741122,0.021965401015157007,0.016507014573939344,0.056820522550779407
211,1.4056444014633405,0.5424385059037798,A_60,0.45712396773318675,0.288614790270673,0.018751369375744315,0.015459634782088887,0.05110353401275822
211,1.4056444014633405,0.5424385059037798,B_10,0.40438380460088164,0.35953126453964873,0.043020457462519424,0.02070121981219438,0.07433302402818076
211,1.4056444014633405,0.5424385059037798,B_30,0.4285415591227549,0.3262556732058348,0.02945190237410427,0.018412483490965345,0.06603256091594926
211,1.4056444014633405,0.5424385059037798,B_60,0.4428429998793148,0.30710751462094016,0.023506445778944896,0.016953858865422007,0.05913520138009636
212,0.7334666105863251,0.4292995164010123,placebo,0.20642515439275635,0.5982580306874034,0.18890845481318147,0.014100081811247946,0.01986582538382651
212,0.7334666105863251,0.4292995164010123,A_10,0.22321456494495642,0.5758594225109563,0.17954328760654434,0.012021281045180911,0.014520382804333199
212,0.7334666105863251,0.4292995164010123,A_30,0.23604652394098846,0.5584691454804476,0.17220664652059,0.010447112081403628,0.010599233858030858
212,0.7334666105863251,0.4292995164010123,A_60,0.2432028391666839,0.5486626100364096,0.16801946221108116,0.00953797601523085,0.008539239008022332
212,0.7334666105863251,0.4292995164010123,B_10,0.214820142079965,0.5870961085574835,0.18424712395901574,0.013045108006290522,0.01718714235575116
212,0.7334666105863251,0.4292995164010123,B_30,0.22504545959603797,0.5733946916454592,0.1785086642298628,0.011798833692505102,0.013946558882606042
212,0.7334666105863251,0.4292995164010123,B_60,0.23323857398022801,0.5622975536154885,0.1738302375481098,0.010796061591161456,0.01143464328151725
213,2.885041231970447,0.6185207206063776,placebo,0.5138866347691372,0.21806172148726546,0.07649588184477613,0.02177987649177139,0.006358327500694643
213,2.885041231970447,0.6185207206063776,A_10,0.5232465251049453,0.20567046272200573,0.07186811774843976,0.01889638697600497,0.0045096907769828385
213,2.885041231970447,0.6185207206063776,A_30,0.5299507557864988,0.196904223571613,0.06856608088150833,0.01666752759442427,0.0033363563439377866
213,2.885041231970447,0.6185207206063776,A_60,0.5335879764269345,0.19223493984434709,0.0667800020376392,0.015396582727460566,0.0027561594143408912
213,2.885041231970447,0.6185207206063776,B_10,0.5186705202924563,0.21171449897622868,0.07412781648298629,0.020337519057581112,0.005384864773355601
213,2.885041231970447,0.6185207206063776,B_30,0.5242217625754408,0.20438719578227527,0.07138713505511857,0.01858104791743069,0.0043307750583842005
213,2.885041231970447,0.6185207206063776,B_60,0.5285068436510113,0.1987789276364376,0.0692763103710654,0.01715983053894908,0.0035777360453532374
214,2.44928908169831,0.6049707817967275,placebo,0.4862288629795,0.25577628902500327,0.02017565898413616,0.011134704192693629,0.08743155564040081
214,2.44928908169831,0.6049707817967275,A_10,0.5134512091379397,0.22408500151104727,0.016260395282700162,0.00973319972963039,0.06552597764645915
214,2.44928908169831,0.6049707817967275,A_30,0.5310560422866493,0.20489705847698808,0.014156838299379465,0.00873700838927666,0.05102089282142604
214,2.44928908169831,0.6049707817967275,A_60,0.5398503789957402,0.19574283888204025,0.013178647767001372,0.008196483295259993,0.0437452717387443
214,2.44928908169831,0.6049707817967275,B_10,0.5004684009236688,0.23890264197557187,0.01799718080357896,0.01041577783091723,0.07608942223856155
214,2.44928908169831,0.6049707817967275,B_30,0.5161218209461926,0.22110558754253715,0.015925431087061476,0.009588120469931252,0.06333540929352686
214,2.44928908169831,0.6049707817967275,B_60,0.527416494176613,0.20877401841049556,0.014573697628475709,0.008951445272578745,0.05402914471906437
215,0.6760246163788809,0.41164616945646576,placebo,0.1858726554697861,0.6570557731824274,0.16451290901516522,0.03469055900632122,0.026570045965193877
215,0.6760246163788809,0.41164616945646576,A_10,0.18669276314387762,0.6524573298321696,0.16473871349738378,0.03360717827783886,0.026607514537362827
215,0.6760246163788809,0.41164616945646576,A_30,0.187737907025705,0.6479607733407236,0.16505699365247764,0.03219044601286549,0.026660822765435185
215,0.6760246163788809,0.41164616945646576,A_60,0.18845865268205975,0.6453844761861186,0.16529246024196198,0.031194333326653056,0.026700723205801913
215,0.6760246163788809,0.41164616945646576,B_10,0.18618878757995286,0.6551662190334875,0.16459897950317692,0.03427411706984558,0.02658428530349999
215,0.6760246163788809,0.41164616945646576,B_30,0.18682466773573586,0.6518166819411012,0.1647766895823114,0.03343096360250005,0.02661384853592459
215,0.6760246163788809,0.41164616945646576,B_60,0.18748642445037178,0.6489390767699582,0.16497702899340252,0.03253533471668814,0.026647381296009867
216,0.6083472454540986,0.38656308328445566,placebo,0.15886259710822795,0.682624740781624,0.1875806223315944,0.016494950171321295,0.023624913673311706
216,0.6083472454540986,0.38656308328445566,A_10,0.15909331731634035,0.6802470227352495,0.1876621969037571,0.016171813719834737,0.023635755344523265
216,0.6083472454540986,0.38656308328445566,A_30,0.15950080186267793,0.676784677827214,0.18781018360193752,0.015596342821776752,0.023655754998051125
216,0.6083472454540986,0.38656308328445566,A_60,0.15986935935561253,0.6742510194750637,0.18794877041376437,0.015070236882412519,0.02367471663267427
216,0.6083472454540986,0.38656308328445566,B_10,0.1589481068472371,0.6817153908094559,0.18761108382205224,0.016374949031456504,0.023628943583701045
216,0.6083472454540986,0.38656308328445566,B_30,0.15913606463662042,0.679839156424436,0.1876773208671728,0.01611191542610952,0.023637782354556252
216,0.6083472454540986,0.38656308328445566,B_60,0.15938828094374294,0.6776543284545974,0.1877684525314928,0.01575626625061501,0.023650083558593146
217,4.127166967112202,0.6419760708612794,placebo,0.5639493058392475,0.19036707552531115,0.00514323406773021,0.02644784112484274,0.046435689829459004
217,4.127166967112202,0.6419760708612794,A_10,0.5860069101984077,0.16656806791410178,0.003502895900393496,0.021117916027842847,0.031348348734642054
217,4.127166967112202,0.6419760708612794,A_30,0.5940195342357251,0.15898333894973674,0.0030914941348487222,0.01917972304473477,0.025685319445967813
217,4.127166967112202,0.6419760708612794,A_60,0.5972436586541576,0.1561235326236384,0.002940152443288131,0.018384083505577027,0.023408176258251867
217,4.127166967112202,0.6419760708612794,B_10,0.57771745216558,0.17501413395065427,0.004003454139542553,0.02309444749983256,0.037160717056324885
217,4.127166967112202,0.6419760708612794,B_30,0.5874073665568255,0.16519913563372476,0.003426724943100255,0.020782245891692048,0.03035973346966014
217,4.127166967112202,0.6419760708612794,B_60,0.592563629768393,0.16031449538481246,0.0031622180924989543,0.01953561804165698,0.02671460495871427
218,0.8325721114690454,0.4552387094309561,placebo,0.23900035241697395,0.6009123279854209,0.15413234052413685,0.04024190606013963,0.021864110429706162
218,0.8325721114690454,0.4552387094309561,A_10,0.23977643518887315,0.5970576425849621,0.15429647161566523,0.03927744451483324,0.02188835811159793
218,0.8325721114690454,0.4552387094309561,A_30,0.2410291436307272,0.5917361057337965,0.15456913502443753,0.037711335767432894,0.021929095008364867
218,0.8325721114690454,0.4552387094309561,A_60,0.24213998610718335,0.5877150228363237,0.15481999128421944,0.036311957710366986,0.021966774329194624
218,0.8325721114690454,0.4552387094309561,B_10,0.23930096643068285,0.5993712619581175,0.15419602865158968,0.039868228411116,0.02187348593757511
218,0.8325721114690454,0.4552387094309561,B_30,0.23991116520560793,0.5964335154877412,0.15432514653509197,0.039109776787343654,0.021892620902929344
218,0.8325721114690454,0.4552387094309561,B_60,0.24068684827751438,0.5930919443762759,0.15449327594008413,0.03814085986302746,0.02191772535033671
219,23.52909326785059,0.6894672606909159,placebo,0.6739890410924237,0.10466544767012505,0.0017561443082364904,0.010327037576650558,0.003395037713605564
219,23.52909326785059,0.6894672606909159,A_10,0.6766365462666939,0.10012598235989505,0.0016085692152136089,0.008858305696370016,0.00236383951264698
219,23.52909326785059,0.6894672606909159,A_30,0.6777435356831188,0.09839975929132254,0.0015480310555755624,0.008202040970941044,0.0019736529812840985
219,23.52909326785059,0.6894672606909159,A_60,0.6782176709355041,0.09772794539412111,0.0015222800816409707,0.007913710350110608,0.0018135993236596361
219,23.52909326785059,0.6894672606909159,B_10,0.6755857992237913,0.1018852982748985,0.0016666199726797864,0.0094584317241819,0.0027564097702667246
219,23.52909326785059,0.6894672606909159,B_30,0.6768230118397071,0.09982383944180102,0.001598329637862609,0.008749463875600792,0.002296455337763439
219,23.52909326785059,0.6894672606909159,B_60,0.6775349414151098,0.09871071373617006,0.0015593933721181905,0.008327540366980914,0.0020453855367295465
220,5.037565343309967,0.652118893162943,placebo,0.5864670450000693,0.153340457592801,0.051092349339367814,0.01017883300774445,0.00438066581576076
220,5.037565343309967,0.652118893162943,A_10,0.5945972121686941,0.14335459856943392,0.04632940430777078,0.008413233887182174,0.002779042799276863
220,5.037565343309967,0.652118893162943,A_30,0.5988469078759205,0.1381657720673625,0.04384041648950941,0.007384526760128422,0.002047042037404975
220,5.037565343309967,0.652118893162943,A_60,0.6008180484006834,0.13582626268752693,0.04268638401887292,0.006881182123447939,0.0017332786199839637
220,5.037565343309967,0.652118893162943,B_10,0.5910400173797621,0.14773639907145963,0.04841291875988255,0.009217049528447502,0.003448907494796484
220,5.037565343309967,0.652118893162943,B_30,0.5952769541123515,0.14251841439369584,0.04593127065224823,0.008253789335531694,0.002656879062810553
220,5.037565343309967,0.652118893162943,B_60,0.5980072532849039,0.13918035530652065,0.04433214229408712,0.0075938506297990776,0.0021856469541845975
221,2.8180317382457596,0.6166118292329599,placebo,0.5099346646617914,0.2339150152287271,0.04326316493538393,0.022204686080802557,0.041209313554982197
221,2.8180317382457596,0.6166118292329599,A_10,0.5336095305069684,0.2063061122129657,0.03505862972675883,0.01866331792086318,0.029280351078376794
221,2.8180317382457596,0.6166118292329599,A_30,0.5490958150382763,0.18906756364377098,0.030429895854412085,0.016061568449837894,0.021024549890443587
221,2.8180317382457596,0.6166118292329599,A_60,0.556922358000329,0.1806089078929869,0.028216155531130428,0.014605924427002672,0.01686739127449548
221,2.8180317382457596,0.6166118292329599,B_10,0.5223241439746406,0.219267343041263,0.03875286934639586,0.020397645084353582,0.03513717082757614
221,2.8180317382457596,0.6166118292329599,B_30,0.5359426610603161,0.20366912925213826,0.03433350608226263,0.01829031319011047,0.02804534890027868
221,2.8180317382457596,0.6166118292329599,B_60,0.5458732746653437,0.19260297396715156,0.03136155025588593,0.016630116142828583,0.022746888168896643
222,4.6953491784901935,0.6487621415630712,placebo,0.5789562842479894,0.1659194029751888,0.028230333016391565,0.016727997066906246,0.024847527231785342
222,4.6953491784901935,0.6487621415630712,A_10,0.5943546902715915,0.14999628135153964,0.025004354157480722,0.013772872759300742,0.015630224374702774
222,4.6953491784901935,0.6487621415630712,A_30,0.6020392970874835,0.14216149262131159,0.023392933098678508,0.012029525507918365,0.011300385868984531
222,4.6953491784901935,0.6487621415630712,A_60,0.605480186778618,0.13873087251694077,0.02266200866844812,0.01117414538153668,0.009445800734485605
222,4.6953491784901935,0.6487621415630712,B_10,0.5876956931660003,0.15685778666676875,0.02639154370459841,0.015125862990283049,0.019549041702175345
222,4.6953491784901935,0.6487621415630712,B_30,0.5956059925696021,0.14871206657451133,0.024743325504344202,0.013503357602987655,0.014909465886141266
222,4.6953491784901935,0.6487621415630712,B_60,0.6005485549217605,0.14366840790058635,0.023707477639325823,0.012384974657147376,0.01212113434483944
223,11.182101153470786,0.6780180170486654,placebo,0.6463819524478914,0.1233023500623952,0.010139989950406002,0.014468436922510122,0.007027637727837986
223,11.182101153470786,0.6780180170486654,A_10,0.6507258849759628,0.11795057406735034,0.009336162829117724,0.012753406757955063,0.005202562485616249
223,11.182101153470786,0.6780180170486654,A_30,0.6538880163876089,0.11399964156448406,0.00876657309605065,0.011387599047417837,0.003975828517601005
223,11.182101153470786,0.6780180170486654,A_60,0.6556143915063537,0.11186726777204378,0.008459591395157914,0.010595715907338474,0.0033483182398563157
223,11.182101153470786,0.6780180170486654,B_10,0.6485896446058915,0.12060003843944957,0.009727788362805374,0.013618483112768734,0.006082100967195411
223,11.182101153470786,0.6780180170486654,B_30,0.6511837648636906,0.11737931382909675,0.009253006537742354,0.012562139473315442,0.005019106173910794
223,11.182101153470786,0.6780180170486654,B_60,0.653204426641094,0.11485277783814378,0.008888841621360064,0.011691948512119526,0.004232800274102228
224,21.827381760742128,0.6886524406634853,placebo,0.6720013901985331,0.10992865889610981,0.004632192880112228,0.006805350031784007,0.005213507553056451
224,21.827381760742128,0.6886524406634853,A_10,0.6759232844277173,0.10318528163632583,0.004064192385804092,0.005507194960705103,0.003157768889255148
224,21.827381760742128,0.6886524406634853,A_30,0.6773886107254266,0.1007433508381202,0.0038519075789947943,0.004953341004757758,0.0024585813543247597
224,21.827381760742128,0.6886524406634853,A_60,0.6779891928042638,0.09981228743152926,0.0037645838127283657,0.004714496676249103,0.0021841673702522216
224,21.827381760742128,0.6886524406634853,B_10,0.6744416107772452,0.10574295546356512,0.004278265339559623,0.006027314260632306,0.0039052502860499475
224,21.827381760742128,0.6886524406634853,B_30,0.6761766788427177,0.10275298403687871,0.004027545287970226,0.005414299931752099,0.0030339166010439466
224,21.827381760742128,0.6886524406634853,B_60,0.6771194585257394,0.10117814368377298,0.0038909756974685947,0.005058125643766312,0.0025838807965256204
225,4.854671536569427,0.6503797263511489,placebo,0.5825683977595528,0.16845779375145406,0.0006915391109944937,0.025193989531701908,0.041925799948900194
225,4.854671536569427,0.6503797263511489,A_10,0.5936389604452401,0.1577231336663926,0.0006143598974236872,0.022728410390042142,0.0333979956184386
225,4.854671536569427,0.6503797263511489,A_30,0.6016018080208455,0.1503469790990703,0.0005648465683579997,0.020846177538030128,0.02736689422391687
225,4.854671536569427,0.6503797263511489,A_60,0.6058817599617996,0.146531478862841,0.0005396055685054757,0.019782319027665918,0.024176041793187684
225,4.854671536569427,0.6503797263511489,B_10,0.5882003883184622,0.1629303916874506,0.0006507731244909819,0.023956524469525786,0.03757204043866269
225,4.854671536569427,0.6503797263511489,B_30,0.5947999612486385,0.15662847520469228,0.0006068910646478501,0.022460837276855508,0.03251203676099494
225,4.854671536569427,0.6503797263511489,B_60,0.5998926568747412,0.15190272174338862,0.0005751648830180977,0.021260111631851476,0.02865179296153066
226,7.425881540022474,0.6671524015896952,placebo,0.6208198263756978,0.1401585122116957,0.014835509295670256,0.008823685974684425,0.022673379943657746
226,7.425881540022474,0.6671524015896952,A_10,0.6328187914482517,0.12848676799417658,0.01231644846804417,0.007334429926674281,0.014682731746726898
226,7.425881540022474,0.6671524015896952,A_30,0.6384930582731254,0.1229728805032334,0.011168565356905703,0.006495683361737877,0.010995094597923753
226,7.425881540022474,0.6671524015896952,A_60,0.6409795169098449,0.12061012306059596,0.010666905006092003,0.00609218567656427,0.009413793997202262
226,7.425881540022474,0.6671524015896952,B_10,0.6277418501768944,0.13343797862778992,0.013359782178317847,0.008004310762106434,0.018046458472376736
226,7.425881540022474,0.6671524015896952,B_30,0.633755451235694,0.12757265128139966,0.01212613249013516,0.007203106868181809,0.014067710995692687
226,7.425881540022474,0.6671524015896952,B_60,0.6374062287952303,0.12402136273662794,0.011387808202679614,0.006664762280468174,0.011693602311320609
227,9.71195508996172,0.6747483400995473,placebo,0.6386247227253347,0.13947838436920973,0.0011832255463126867,0.019910593649356847,0.015029798178564806
227,9.71195508996172,0.6747483400995473,A_10,0.6464127651140744,0.13001368714390266,0.0009070170803181124,0.016740014383036197,0.01068854352213246
227,9.71195508996172,0.6747483400995473,A_30,0.6512565359176813,0.12437143170629633,0.000774881062027581,0.014677250994709587,0.00803967212511071
227,9.71195508996172,0.6747483400995473,A_60,0.6536375060106193,0.12170194486741623,0.0007165756521928725,0.01361492723690092,0.006779331199882955
227,9.71195508996172,0.6747483400995473,B_10,0.6427476926221841,0.13440599208116671,0.001024214818231001,0.018242573861733894,0.012733858797402716
227,9.71195508996172,0.6747483400995473,B_30,0.6471560919677897,0.12913488545817262,0.0008852975776714142,0.016430370888699416,0.010276579665375882
227,9.71195508996172,0.6747483400995473,B_60,0.6502650171949694,0.1255080186651907,0.0008002947661780925,0.01510918799117015,0.008573840147219574
228,1.2323301579369068,0.5233282856529673,placebo,0.33852526431663404,0.4506268625426412,0.04105133747538396,0.03299722149663508,0.11075446236431569
228,1.2323301579369068,0.5233282856529673,A_10,0.3888224563218722,0.3778263534917878,0.009187270081064895,0.026096178286219022,0.09922238096381686
228,1.2323301579369068,0.5233282856529673,A_30,0.4056719853489484,0.35406656846073714,0.005552993377178352,0.023345816476504563,0.08875749045033046
228,1.2323301579369068,0.5233282856529673,A_60,0.4132485436207903,0.34374892130245,0.004450120175676523,0.022194560681237884,0.08343506117526465
228,1.2323301579369068,0.5233282856529673,B_10,0.37296176637790956,0.4009660913505098,0.015304073489005005,0.02879574923925514,0.10626669654679691
228,1.2323301579369068,0.5233282856529673,B_30,0.39160077538780336,0.3738384393148386,0.008433350032359439,0.025626298545626165,0.09766786168717193
228,1.2323301579369068,0.5233282856529673,B_60,0.4024159662380684,0.3585743079897861,0.006106707922027873,0.02385712166747633,0.09094848982539824
229,5.849736711343351,0.6585714382167608,placebo,0.6010680473965421,0.15239119036210974,0.0002497398116512131,0.01442562380640775,0.042828027202157275
229,5.849736711343351,0.6585714382167608,A_10,0.6134547949910953,0.1412965635507892,0.00022356642894330725,0.012773052918305534,0.03212002387841222
229,5.849736711343351,0.6585714382167608,A_30,0.6209934249544439,0.13478885135742047,0.00020831153237420627,0.01164585430731613,0.02572384742262884
229,5.849736711343351,0.6585714382167608,A_60,0.6246965787909181,0.13169746767207777,0.0002008832793597016,0.011048904867886794,0.022625071278590484
229,5.849736711343351,0.6585714382167608,B_10,0.6076929600618292,0.1464025849983929,0.0002354986550197068,0.013567833959821798,0.03707514554008739
229,5.849736711343351,0.6585714382167608,B_30,0.6146148670245067,0.14028098971293643,0.0002211991498027965,0.012606544468078358,0.031128827574367027
229,5.849736711343351,0.6585714382167608,B_60,0.6194524293583636,0.1360994060746048,0.00021141031044301332,0.011885395848741202,0.027022202699213228
230,1.3952731424545057,0.5407464226037596,placebo,0.36737164837659547,0.41936946545379933,0.05766757112507612,0.0719261701207318,0.04378103298136006
230,1.3952731424545057,0.5407464226037596,A_10,0.42348796657482024,0.34133369142070885,0.01411785733179438,0.059986208528894365,0.04315439016825067
230,1.3952731424545057,0.5407464226037596,A_30,0.44150442242651206,0.3154019021234572,0.0071662711958029104,0.052266480015367454,0.03980924896606446
230,1.3952731424545057,0.5407464226037596,A_60,0.4503921127295926,0.30293779549656236,0.005069998618661401,0.048184863844459455,0.03709944741104827
230,1.3952731424545057,0.5407464226037596,B_10,0.40631945510306866,0.365830848589065,0.02473296858498721,0.06549458236771635,0.04419941654799411
230,1.3952731424545057,0.5407464226037596,B_30,0.42640502945388215,0.33712142193382655,0.012698949186832932,0.058842348254713066,0.04280009570833092
230,1.3952731424545057,0.5407464226037596,B_60,0.4378992101467413,0.32054794715530727,0.008232641798549952,0.05390414528557987,0.04071042537288937
231,0.66942381751333,0.4099853256781677,placebo,0.18400528415658066,0.6572549366474199,0.16440361372050089,0.03318887046734907,0.028387557333737046
231,0.66942381751333,0.4099853256781677,A_10,0.18530615205957326,0.6505663285440261,0.16475937161379145,0.03146786814152508,0.028451933863284765
231,0.66942381751333,0.4099853256781677,A_30,0.18660424075689147,0.6456165219799489,0.16514403440598338,0.029715403987798733,0.02852164652749647
231,0.66942381751333,0.4099853256781677,A_60,0.1874162616578578,0.643071479170912,0.16539799625980417,0.02860428406490153,0.028566783695605825
231,0.66942381751333,0.4099853256781677,B_10,0.18456884297396134,0.6540901695857392,0.1645551519958083,0.0324464967217017,0.028414833986694022
231,0.66942381751333,0.4099853256781677,B_30,0.18548074884351015,0.6498206671879023,0.16480931346699115,0.031234238717271726,0.028461024650406504
231,0.66942381751333,0.4099853256781677,B_60,0.18630521848939244,0.6466484481966726,0.165052886846245,0.030121992582810914,0.028505227759718775
232,0.6634350134998361,0.4078205542606596,placebo,0.1815882728222386,0.6615930084257452,0.1516033719414996,0.02568409406308491,0.048944815433836546
232,0.6634350134998361,0.4078205542606596,A_10,0.1823618026271998,0.6559230452824758,0.15179941209263836,0.024649623842529656,0.04900971569828989
232,0.6634350134998361,0.4078205542606596,A_30,0.1831845137840378,0.6517511522339173,0.15204263536726945,0.02350332616601112,0.049090078943346833
232,0.6634350134998361,0.4078205542606596,A_60,0.18366390922732598,0.6498177756203456,0.15220147264258865,0.022813304418486113,0.049141867972274066
232,0.6634350134998361,0.4078205542606596,B_10,0.1818892680508306,0.6591448840859753,0.15167771118171858,0.025284224077400226,0.04896935095070305
232,0.6634350134998361,0.4078205542606596,B_30,0.18247611106946746,0.6552545898405274,0.15183079257434842,0.024493522645514857,0.04902012797133176
232,0.6634350134998361,0.4078205542606596,B_60,0.1830015056547026,0.652569827061471,0.15198515720826541,0.023762710407434703,0.0490711809902626
233,0.585557373437989,0.38068029199478354,placebo,0.15289301886597703,0.68704392977983,0.1949251947803786,0.013065240159829287,0.019796838188598564
233,0.585557373437989,0.38068029199478354,A_10,0.15315515701848814,0.684052102215247,0.19501703380898125,0.012700541061278126,0.0198075601060315
233,0.585557373437989,0.38068029199478354,A_30,0.15347691971848265,0.6811840822734924,0.19512776551243505,0.012254199358586865,0.01982140740528702
233,0.585557373437989,0.38068029199478354,A_60,0.1537269192486177,0.6793924528967208,0.19521244089851084,0.011908416322732455,0.0198325155249359
233,0.585557373437989,0.38068029199478354,B_10,0.15300489118541835,0.6856832770345971,0.19496470658378823,0.012909336921440192,0.019801357304125963
233,0.585557373437989,0.38068029199478354,B_30,0.15319356579490265,0.6836688175325971,0.19503034468603414,0.012647206028702734,0.019809175485139132
233,0.585557373437989,0.38068029199478354,B_60,0.1533948404199854,0.6818479817283023,0.19509970093751156,0.012367935468182222,0.019817815169107026
234,5.979463478014489,0.6594390276602314,placebo,0.6030476907285266,0.15141134384372845,0.002133286456080099,0.01923061306484264,0.03502743741078009
234,5.979463478014489,0.6594390276602314,A_10,0.617634185853921,0.13789143889049035,0.0018487582689208635,0.016280033815023735,0.023676049722361803
234,5.979463478014489,0.6594390276602314,A_30,0.62493524390873,0.131367334597621,0.0017135590332969651,0.014588703512317058,0.018201521205877053
234,5.979463478014489,0.6594390276602314,A_60,0.6282135389637403,0.12853969043591812,0.0016534147819716586,0.013768362870102907,0.01580371104441058
234,5.979463478014489,0.6594390276602314,B_10,0.6113206204774015,0.14367830724020966,0.001968596873743043,0.017615812538783842,0.028533997770317055
234,5.979463478014489,0.6594390276602314,B_30,0.6188216934887478,0.13681573429916957,0.0018265850948910103,0.016016564212757153,0.0227741848638429
234,5.979463478014489,0.6594390276602314,B_60,0.6235171062164184,0.1326149099787727,0.001739649722983641,0.014931240403109561,0.01925103131771913
236,12.213549148533101,0.679848442513864,placebo,0.6507491327729595,0.11475161534867429,0.009212887391373308,0.012249358776190484,0.0076370635733267285
236,12.213549148533101,0.679848442513864,A_10,0.6541299269709635,0.1107517653017377,0.008740370131582048,0.01103088032055613,0.00594726509076333
236,12.213549148533101,0.679848442513864,A_30,0.6568170219517648,0.10751559575651802,0.008360926365645905,0.009974948884800019,0.004695545311639867
236,12.213549148533101,0.679848442513864,A_60,0.6583675423336817,0.1056603098031403,0.008139895062937578,0.009327529116950561,0.0040134760003091045
236,12.213549148533101,0.679848442513864,B_10,0.6524242529307058,0.11278425455399331,0.008979286028053406,0.01166012935369979,0.006784774201392072
236,12.213549148533101,0.679848442513864,B_30,0.6545068474506807,0.11029942413072998,0.008687391842271946,0.010887643628105499,0.005766559592798256
236,12.213549148533101,0.679848442513864,B_60,0.6562193591784398,0.10823609980923317,0.008445697111601272,0.010216926905756877,0.004966459318057656
237,28.483885050421968,0.6912882957152802,placebo,0.6784439577791497,0.09857560240120795,0.005916194629645256,0.004946483604923557,0.0019816597015620903
237,28.483885050421968,0.6912882957152802,A_10,0.6808099801418754,0.09298736589484363,0.005340826702083347,0.003951208138593768,0.0011862807327643143
237,28.483885050421968,0.6912882957152802,A_30,0.6817248189325262,0.09092295331206567,0.005117294776348581,0.0035271814529259,0.0009190005534759403
237,28.483885050421968,0.6912882957152802,A_60,0.6821052456107888,0.09013353145941823,0.005024135572353308,0.003344512588809547,0.0008144019432930667
237,28.483885050421968,0.6912882957152802,B_10,0.6799034206184039,0.09512854514976164,0.005561668907652342,0.004349754916528679,0.0014734512727340927
237,28.483885050421968,0.6912882957152802,B_30,0.6809668320689403,0.09262310787472511,0.005302551805123938,0.0038800580910917566,0.0011388537501712671
237,28.483885050421968,0.6912882957152802,B_60,0.6815553541065144,0.09129151993829554,0.005158755584186009,0.0036073659955127113,0.0009668200290765865
238,0.7797060280546849,0.4408272444676637,placebo,0.22054901364968751,0.619883582263615,0.1343896764049723,0.03397562947706615,0.051912924935937264
238,0.7797060280546849,0.4408272444676637,A_10,0.22139229945464728,0.6154584782908948,0.13453185111705393,0.032923352109591915,0.05197974178638492
238,0.7797060280546849,0.4408272444676637,A_30,0.22269759131640993,0.609776115293323,0.1347262980902181,0.03131808439062004,0.05208527067041365
238,0.7797060280546849,0.4408272444676637,A_60,0.22415492197599407,0.6040243395477588,0.13484842014541484,0.029634103136950946,0.05218979920930869
238,0.7797060280546849,0.4408272444676637,B_10,0.22088293407704757,0.6180517470116789,0.13444741237314717,0.03355759446991541,0.051939303547555826
238,0.7797060280546849,0.4408272444676637,B_30,0.22153305564573988,0.6147853812441525,0.13455451916274078,0.032748639770988776,0.051991029888210215
238,0.7797060280546849,0.4408272444676637,B_60,0.22233506121924904,0.6112469170008228,0.13467666533779662,0.03175952050159106,0.05205599740903869
239,3.7604730052996023,0.6365894196719718,placebo,0.5522049210498544,0.18605272507030515,0.056260205410429774,0.007305676770354841,0.02081861644133318
239,3.7604730052996023,0.6365894196719718,A_10,0.5686744149596283,0.16815719413428656,0.048403160970814756,0.0060884257186049695,0.013423418022921164
239,3.7604730052996023,0.6365894196719718,A_30,0.5753457005345786,0.16119148660341906,0.04521396497581718,0.005508279490637102,0.010521474670943791
239,3.7604730052996023,0.6365894196719718,A_60,0.5781402162222482,0.15837710993513174,0.04387052523197379,0.005247425972981689,0.009331252244786032
239,3.7604730052996023,0.6365894196719718,B_10,0.5621954640217719,0.17511255396458242,0.05148733574965314,0.006600131952068204,0.016306487948471775
239,3.7604730052996023,0.6365894196719718,B_30,0.5698108481373911,0.16695318157064845,0.047861322478182686,0.0059936260758717925,0.0129236229805375
239,3.7604730052996023,0.6365894196719718,B_60,0.5741034099740855,0.16246674322854282,0.045809605207674076,0.005620750755526105,0.011055653734700934
240,0.8786969243609072,0.4662532760074097,placebo,0.2537058318875238,0.5869339033083019,0.1362746945564685,0.024176355175063686,0.05209639438835319
240,0.8786969243609072,0.4662532760074097,A_10,0.25410891657971313,0.5834460862687202,0.13634541686088594,0.023674678230135682,0.052124264336677585
240,0.8786969243609072,0.4662532760074097,A_30,0.25473711939821536,0.5790741269600096,0.13646319555884162,0.022881732815579585,0.05217122823478808
240,0.8786969243609072,0.4662532760074097,A_60,0.255202707226263,0.5764860951982155,0.13655977545589643,0.022281051964149885,0.05220974136112549
240,0.8786969243609072,0.4662532760074097,B_10,0.25385550644292704,0.585588604830099,0.13630101830526753,0.023990030373521078,0.05210672088568249
240,0.8786969243609072,0.4662532760074097,B_30,0.25418091180378405,0.5828798463630979,0.13635826145588412,0.023584738530737698,0.052129364216998236
240,0.8786969243609072,0.4662532760074097,B_60,0.25457599632480404,0.5800844685746307,0.13643168252275437,0.023086960293868825,0.0521586368659871
241,0.46579072567424273,0.32296465983288897,placebo,0.1014017004540344,0.7321513494234139,0.13671437695870783,0.03794549880221573,0.04690308361793124
241,0.46579072567424273,0.32296465983288897,A_10,0.10172489198584221,0.7306227554354018,0.13683388289387516,0.037457857869080007,0.0469480270840995
241,0.46579072567424273,0.32296465983288897,A_30,0.10236245433475887,0.7279600851721189,0.1370657971525448,0.036497098946284175,0.047039309399304126
241,0.46579072567424273,0.32296465983288897,A_60,0.10303244721900541,0.7256147067088964,0.13731202872961684,0.03547765770236671,0.047142526181906674
241,0.46579072567424273,0.32296465983288897,B_10,0.10152247010341084,0.7315697842351482,0.13675962323741156,0.03776262169143929,0.046919944800618264
241,0.46579072567424273,0.32296465983288897,B_30,0.10178597721152002,0.730346066981906,0.1368561007864313,0.03736604731618131,0.04695653451875901
241,0.46579072567424273,0.32296465983288897,B_60,0.1021733876477925,0.7286993960032543,0.13699680559680621,0.036782890835493395,0.04701157575280463
242,1.5394923986848255,0.5546267723266043,placebo,0.39137871731894924,0.383475915349849,0.09840973692804522,0.01905726278288197,0.04578105529672757
242,1.5394923986848255,0.5546267723266043,A_10,0.4446778331423066,0.31223779732936763,0.05079698993105689,0.01629729132202597,0.042854657931216816
242,1.5394923986848255,0.5546267723266043,A_30,0.4647640604082891,0.2861008513653212,0.03637821905003671,0.014629519250191845,0.0388549736180879
242,1.5394923986848255,0.5546267723266043,A_60,0.4733068147456418,0.27531510920084856,0.031111692751262698,0.013817741029435926,0.03639052380024522
242,1.5394923986848255,0.5546267723266043,B_10,0.4247054427778532,0.338767386234874,0.06749186449509911,0.017586628466805615,0.04484283658684471
242,1.5394923986848255,0.5546267723266043,B_30,0.44810396861921603,0.30772694773493603,0.048147423608967385,0.01603897839704777,0.042336401701369854
242,1.5394923986848255,0.5546267723266043,B_60,0.46100872106990975,0.29091904927055456,0.03886070091628703,0.014968454596161907,0.039788895744234505
243,4.746549532078971,0.6492792820457883,placebo,0.5801096090601936,0.18238400703959665,0.010647571923184792,0.010546115009459527,0.047975986052948116
243,4.746549532078971,0.6492792820457883,A_10,0.6000719984691468,0.1605821715539287,0.006277957977111138,0.008399710281166987,0.03452961531835745
243,4.746549532078971,0.6492792820457883,A_30,0.6079900798225166,0.15307468823505704,0.005224324681371419,0.007566076042883127,0.028498801499020076
243,4.746549532078971,0.6492792820457883,A_60,0.6112658766637024,0.15018823739783643,0.004844022918515691,0.007217468413006885,0.02595191405057883
243,4.746549532078971,0.6492792820457883,B_10,0.5922800355710938,0.1686072008164734,0.0075906221426744495,0.009222591205592792,0.040186033126421224
243,4.746549532078971,0.6492792820457883,B_30,0.6014298496367653,0.15924689334314834,0.006080915610112062,0.008257104886705653,0.03351141191221688
243,4.746549532078971,0.6492792820457883,B_60,0.6065259337818925,0.15441002593174966,0.005403490243309524,0.007720911960461759,0.029628946060123715
244,4.766917689155115,0.6495034236128623,placebo,0.5806099163395931,0.19493653784900802,0.0007309014354716156,0.027412016843657617,0.0407505889941405
244,4.766917689155115,0.6495034236128623,A_10,0.5914773365081202,0.1770938567060428,0.00031469385060859523,0.021934366577861793,0.035777026676265124
244,4.766917689155115,0.6495034236128623,A_30,0.5968296777913978,0.17059552451065524,0.0002382750277159782,0.019845956644951365,0.032589514148808535
244,4.766917689155115,0.6495034236128623,A_60,0.5992583545346473,0.16800430481230721,0.00021249247984757332,0.01897984699115463,0.03105272960722991
244,4.766917689155115,0.6495034236128623,B_10,0.5868475426382792,0.18376534191680452,0.00042157110326101983,0.02402060511937722,0.038213704751952286
244,4.766917689155115,0.6495034236128623,B_30,0.5923458710716818,0.17595998693909773,0.0002998067219420441,0.021575269938476558,0.03528247588077753
244,4.766917689155115,0.6495034236128623,B_60,0.5957860857028997,0.17177522157969777,0.0002507343005131152,0.020231915096802514,0.033234688512631276
245,0.7975904989480329,0.4453495033937843,placebo,0.22624337118521348,0.6167538893545849,0.13314729153971971,0.028294258231983803,0.0576645824368683
245,0.7975904989480329,0.4453495033937843,A_10,0.22660175781787725,0.6141537150788229,0.1331987962226587,0.027854347532629577,0.0576946018206154
245,0.7975904989480329,0.4453495033937843,A_30,0.2273853754244415,0.6094723221360014,0.13328405280074979,0.026917206516100807,0.057762868652512296
245,0.7975904989480329,0.4453495033937843,A_60,0.22831555729233793,0.6045226198497688,0.13328316170694277,0.025908676448860014,0.05784210794565924
245,0.7975904989480329,0.4453495033937843,B_10,0.22636704528528392,0.6158403961928357,0.13316603280290343,0.028141354638755927,0.05767507066682394
245,0.7975904989480329,0.4453495033937843,B_30,0.22667678910277864,0.613640542319171,0.13320859219013156,0.027763253201178076,0.057700868899696306
245,0.7975904989480329,0.4453495033937843,B_60,0.2271571723344617,0.6106964583441921,0.13326363632040647,0.027186373208130915,0.057742321530783965
246,2.1657657943300754,0.5935356901605876,placebo,0.46359814130313504,0.27757573462616325,0.09194841835790224,0.010088391016022285,0.027900739483531837
246,2.1657657943300754,0.5935356901605876,A_10,0.49396221856733274,0.23777130273447983,0.0764246657750123,0.007782679154265529,0.0153661266639783
246,2.1657657943300754,0.5935356901605876,A_30,0.5036860630171349,0.22564745296812339,0.07149804596384793,0.006893970831477526,0.011457610348134787
246,2.1657657943300754,0.5935356901605876,A_60,0.5074750878751111,0.2210769519366017,0.0695681660930616,0.006521624310787314,0.009970811881631961
246,2.1657657943300754,0.5935356901605876,B_10,0.48329722413596427,0.2514844133693234,0.08181521192408402,0.008661923177861448,0.019761330922682348
246,2.1657657943300754,0.5935356901605876,B_30,0.49569811566769106,0.23557521952962437,0.07554721619569914,0.007630608215542903,0.014659750081648926
246,2.1657657943300754,0.5935356901605876,B_60,0.5019541679196949,0.22777090995320107,0.07237802307206646,0.007059077314591992,0.012144421854238146
247,0.515999575966078,0.3479487848525347,placebo,0.1221429820434871,0.7160500656997503,0.15033681142460176,0.06679127680369663,0.00867771458074679
247,0.515999575966078,0.3479487848525347,A_10,0.12328612443091842,0.7121795348849009,0.1507355075202414,0.06522594824448653,0.008701204656890876
247,0.515999575966078,0.3479487848525347,A_30,0.12504364460406228,0.7075824721219941,0.15143067004541838,0.06273172894716508,0.00874274125588748
247,0.515999575966078,0.3479487848525347,A_60,0.12620689008706595,0.7050810598666336,0.15195523317945597,0.061012093419205556,0.00877456816680068
247,0.515999575966078,0.3479487848525347,B_10,0.12253201783896153,0.7146689739767619,0.15047302944057594,0.06625802830558096,0.008685709267417586
247,0.515999575966078,0.3479487848525347,B_30,0.12350244473942991,0.7115332612779666,0.15081401407056966,0.06492646475603732,0.008705861286503294
247,0.515999575966078,0.3479487848525347,B_60,0.12462071381051121,0.7085755869568098,0.15125158604742708,0.06334450844598524,0.008731976548614302
248,7.317039056512956,0.666679594702635,placebo,0.6197215352746025,0.14379756538392943,0.011716352838812597,0.01071237761715905,0.024529328972070188
248,7.317039056512956,0.666679594702635,A_10,0.6280690327148777,0.13566313511025813,0.010239566461538606,0.009525590708143725,0.018845404818074212
248,7.317039056512956,0.666679594702635,A_30,0.6342925372996852,0.12962221451884587,0.009218159967743183,0.008539412289329803,0.014629485145871424
248,7.317039056512956,0.666679594702635,A_60,0.6376932990563853,0.12635377587989105,0.00867708554336422,0.007951349457084728,0.012357860645803225
248,7.317039056512956,0.666679594702635,B_10,0.6239208216530243,0.13970099721864568,0.010954207452440948,0.010131385325264041,0.02167318027189777
248,7.317039056512956,0.666679594702635,B_30,0.6289660537966283,0.13479076568289797,0.010089081764397987,0.009389670615762253,0.01823478852584216
248,7.317039056512956,0.666679594702635,B_60,0.6329437506176032,0.1309279679091072,0.009435533343655308,0.008762286934288054,0.015538023807101608
249,0.6454462629473743,0.4019808875136664,placebo,0.17516346949841607,0.6656458382061116,0.16841314675050473,0.031184275303536964,0.027219995961209123
249,0.6454462629473743,0.4019808875136664,A_10,0.17633377732755878,0.659401086762354,0.16877484268352466,0.029594140724341137,0.027278126778254686
249,0.6454462629473743,0.4019808875136664,A_30,0.17772605015621068,0.6535166197825952,0.16923668886132998,0.02767030053289475,0.027347847963235764
249,0.6454462629473743,0.4019808875136664,A_60,0.18705410144849802,0.6249872287073415,0.16875560880564744,0.020507766283416193,0.025663410976107155
249,0.6454462629473743,0.4019808875136664,B_10,0.17565838390576746,0.6627906411885478,0.16856275710678068,0.03051553016810347,0.02724421633302062
249,0.6454462629473743,0.4019808875136664,B_30,0.17650090955745856,0.6586388998540459,0.16882921280638244,0.029364074151386983,0.02728669099845264
249,0.6454462629473743,0.4019808875136664,B_60,0.1773578178415396,0.6550204718403442,0.1691151397337985,0.028177582836039557,0.02733034710229204
250,1.257198156153172,0.5246407619944724,placebo,0.340649717463046,0.44856017649755103,0.1219300363054925,0.023621690019446005,0.03843931820648912
250,1.257198156153172,0.5246407619944724,A_10,0.4369454489338346,0.3177871411143822,0.03587800000488608,0.018034824462655745,0.03378248859309486
250,1.257198156153172,0.5246407619944724,A_30,0.45723622220662236,0.2906786809873374,0.023201725647763533,0.015710658954408974,0.028492155185685396
250,1.257198156153172,0.5246407619944724,A_60,0.4651379276133849,0.28039509136279755,0.01909103195190444,0.014680382347954787,0.025731420081233216
250,1.257198156153172,0.5246407619944724,B_10,0.41278478723555967,0.3505558886052588,0.054643966243330136,0.02014370508980825,0.03706830342577204
250,1.257198156153172,0.5246407619944724,B_30,0.4406171233482002,0.3128357255538166,0.033354600634425,0.01765135231829212,0.03301768569355311
250,1.257198156153172,0.5246407619944724,B_60,0.45364340052798097,0.2954205172493612,0.0252190179382127,0.016157442558259426,0.029620900970016736
251,3.82065843670931,0.6375232499351561,placebo,0.5542303142417369,0.19191986949119214,0.04865749741909068,0.014120933940799656,0.02051450433352819
251,3.82065843670931,0.6375232499351561,A_10,0.5760950694655065,0.16844709450367462,0.03717990442193363,0.011370732169428332,0.012877543878282136
251,3.82065843670931,0.6375232499351561,A_30,0.5848655675022426,0.15940462338116976,0.03297915300311858,0.010035332054081931,0.009643197375714112
251,3.82065843670931,0.6375232499351561,A_60,0.5884996970147343,0.1557890419237212,0.03128185091114733,0.009432142704083548,0.008309559305209024
251,3.82065843670931,0.6375232499351561,B_10,0.5675048631629885,0.1775469966814689,0.04148594717215051,0.012537184326764865,0.015995255273253493
251,3.82065843670931,0.6375232499351561,B_30,0.5775962721736877,0.16687747591908914,0.036448636852142814,0.011153315271025891,0.01232502563829608
251,3.82065843670931,0.6375232499351561,B_60,0.5832412720338259,0.16105184691939126,0.0337451100510342,0.01029501786257566,0.010241849987713268
252,2.1581925445175414,0.593171382783083,placebo,0.4628877676973763,0.27674581843585355,0.10498251048566024,0.011416906988456215,0.013884197611595706
252,2.1581925445175414,0.593171382783083,A_10,0.48753701189280335,0.2436551178896281,0.0887482563549723,0.008983041279444126,0.007903073255865537
252,2.1581925445175414,0.593171382783083,A_30,0.4946073825569852,0.23468032235108968,0.08413535570722103,0.008168995532580934,0.0062596489863162574
252,2.1581925445175414,0.593171382783083,A_60,0.4973168820934717,0.2313567157568952,0.08237003963639918,0.00784089356380068,0.005643567489427783
252,2.1581925445175414,0.593171382783083,B_10,0.4794529412870858,0.2542719202844784,0.09403593034440433,0.009845205366727347,0.009837305784863352
252,2.1581925445175414,0.593171382783083,B_30,0.4888155675501216,0.2420065334654672,0.08791347085218214,0.008840158950372042,0.0076021854304095735
252,2.1581925445175414,0.593171382783083,B_60,0.49336221773759553,0.23623284386623972,0.08494713894480324,0.008316683381474337,0.006545342719200979
253,4.309440781408754,0.6443438035133369,placebo,0.5691585656499201,0.18800695506385248,0.006519432430522636,0.02330033113524801,0.04536547429764458
253,4.309440781408754,0.6443438035133369,A_10,0.5880564636367176,0.1673722774687362,0.004211252053948076,0.019078817185784896,0.03299727063688535
253,4.309440781408754,0.6443438035133369,A_30,0.5986168971862053,0.15690170501903591,0.003392874971815789,0.016749637383656212,0.025584393971659108
253,4.309440781408754,0.6443438035133369,A_60,0.6035327168968169,0.15229662049055462,0.003069511875936757,0.01563455457755345,0.02210702016302335
253,4.309440781408754,0.6443438035133369,B_10,0.5794992676173228,0.17639408880329932,0.005068562217606624,0.020957648680523223,0.03881832499787822
253,4.309440781408754,0.6443438035133369,B_30,0.5897296340412421,0.16566494719534391,0.004067269522085556,0.018712839888215628,0.03183406006178886
253,4.309440781408754,0.6443438035133369,B_60,0.5965187795747685,0.15892295419488317,0.0035403564802921218,0.017217817182571222,0.0270668502756912
254,3.3428739828724514,0.6290895812712078,placebo,0.5360993660815003,0.1936727302715434,0.07059977715950583,0.013451549315949305,0.008938888714251381
254,3.3428739828724514,0.6290895812712078,A_10,0.5445003091651887,0.18329257755709097,0.06625016116393442,0.01181577778292095,0.0065233331591586195
254,3.3428739828724514,0.6290895812712078,A_30,0.5512730993163184,0.17489284337457986,0.06270120594903915,0.01035056205287883,0.004764713952978973
254,3.3428739828724514,0.6290895812712078,A_60,0.5552049355448508,0.1700371932584286,0.06062161243267494,0.0094327573626406,0.003830275931048089
254,3.3428739828724514,0.6290895812712078,B_10,0.5402416086060438,0.18856245665409735,0.06846153075207538,0.012668313835821399,0.007718128077272082
254,3.3428739828724514,0.6290895812712078,B_30,0.5454461685196826,0.18212019117872397,0.06575699583808418,0.01161948729300994,0.006266929620431942
254,3.3428739828724514,0.6290895812712078,B_60,0.5497613777607953,0.17676720104137758,0.06349698382294273,0.010689941057286703,0.00514127863016132
255,4.552701354956593,0.6472121894524758,placebo,0.5755078267289992,0.17543795804923346,0.0016970584822497512,0.018966147165455572,0.0510411570757698
255,4.552701354956593,0.6472121894524758,A_10,0.5912176565661534,0.16006366253385598,0.0013973861576553463,0.016521476527522515,0.03807567020113798
255,4.552701354956593,0.6472121894524758,A_30,0.6009798264232212,0.15105931031975464,0.0012419057492245415,0.014895754032794972,0.030094703247234
255,4.552701354956593,0.6472121894524758,A_60,0.6057828209193344,0.14681431784295165,0.0011705344033328027,0.014046735613993905,0.026212098515803493
255,4.552701354956593,0.6472121894524758,B_10,0.5838324679024679,0.16715638922896334,0.0015284186587912038,0.017687420373926576,0.04416388251728278
255,4.552701354956593,0.6472121894524758,B_30,0.5927151297782864,0.15865407931847814,0.001372413630746339,0.016279348254832217,0.036845297788618475
255,4.552701354956593,0.6472121894524758,B_60,0.5989804814008283,0.15286608200347468,0.0012724808185623022,0.015238684494972735,0.03172054273810216
257,0.904215365934418,0.47094713050610937,placebo,0.26013313553880896,0.5759636993893869,0.1609969667802525,0.02742878230247641,0.02238824588457138
257,0.904215365934418,0.47094713050610937,A_10,0.26081908384967967,0.571541171733923,0.16114482255408752,0.026574677669091554,0.022408546433254146
257,0.904215365934418,0.47094713050610937,A_30,0.2619829304940935,0.5650255047408514,0.16140088763846083,0.025121717262322575,0.022441595111236654
257,0.904215365934418,0.47094713050610937,A_60,0.2772774144481215,0.5125887811644917,0.16197306385776358,0.015297253732916667,0.016399398467310457
257,0.904215365934418,0.47094713050610937,B_10,0.26040407826238376,0.5741539917179458,0.1610551769046633,0.02709158227511836,0.022396293063967586
257,0.904215365934418,0.47094713050610937,B_30,0.2609361879337975,0.5708386923376125,0.16117035631557083,0.026428592870661596,0.022411993386081172
257,0.904215365934418,0.47094713050610937,B_60,0.26163696928420715,0.5668848368003297,0.16132490986173167,0.025553022179213524,0.022432229180961657
258,4.473813012359597,0.6463234530380442,placebo,0.573536064778827,0.19033665007755554,0.006236369114279419,0.00910539905715186,0.057445620087785774
258,4.473813012359597,0.6463234530380442,A_10,0.5875938504504982,0.17340121150240037,0.003869609706133664,0.007636447997979123,0.0472235448834323
258,4.473813012359597,0.6463234530380442,A_30,0.5972349242236158,0.16334268500606738,0.0030106643471454766,0.006764156516145126,0.03931370795113387
258,4.473813012359597,0.6463234530380442,A_60,0.6022175064127467,0.15855975181698348,0.0026724915634983026,0.006333869303786042,0.03509958575800036
258,4.473813012359597,0.6463234530380442,B_10,0.5807871538226933,0.18121875496666526,0.004763988593669629,0.008310086678546153,0.05246222394312969
258,4.473813012359597,0.6463234530380442,B_30,0.5890259385775057,0.1718368366119702,0.0037185300516296696,0.007501955610597501,0.046077028798335085
258,4.473813012359597,0.6463234530380442,B_60,0.5952039924025176,0.1653723269984973,0.003165305196198669,0.0069424899559417455,0.04101166548337754
259,5.281134622083515,0.6542518100346334,placebo,0.5912696551257993,0.17532616884280036,0.00035425133903482705,0.026055055471066138,0.0365728480987344
259,5.281134622083515,0.6542518100346334,A_10,0.602439078145952,0.1618747481304273,0.0002333810837155384,0.022107696599614545,0.02947165420533385
259,5.281134622083515,0.6542518100346334,A_30,0.6092733183614026,0.15472961591467035,0.0001902039480181022,0.01993897170159712,0.02484931602361727
259,5.281134622083515,0.6542518100346334,A_60,0.6126102515032213,0.15151008809104832,0.00017312483619028127,0.018907711625439215,0.02256072206977031
259,5.281134622083515,0.6542518100346334,B_10,0.5972106143124073,0.16785771204504477,0.0002785100553368912,0.02386695772081481,0.03289572794606377
259,5.281134622083515,0.6542518100346334,B_30,0.6034930714234883,0.1607251212905269,0.00022578930460508202,0.021765763861320196,0.028767185445229604
259,5.281134622083515,0.6542518100346334,B_60,0.6078802438521749,0.15612721104847258,0.00019798941619776728,0.02037336202288661,0.025800214743361603
260,3.480572980878151,0.6317308486760205,placebo,0.5417387673634383,0.20873157912187854,0.023043955491540178,0.006469121379654319,0.060479004441387776
260,3.480572980878151,0.6317308486760205,A_10,0.5704532306257726,0.1778867612445537,0.015174521148578628,0.0051607031454229515,0.0409423937562436
260,3.480572980878151,0.6317308486760205,A_30,0.5825622735562609,0.1661091093597812,0.01282833096591286,0.004568320383164722,0.0317719237706744
260,3.480572980878151,0.6317308486760205,A_60,0.5876073585753175,0.1614656749800358,0.011938868549937488,0.004307388184109415,0.027877233366647436
260,3.480572980878151,0.6317308486760205,B_10,0.5588475834155917,0.18987506066026627,0.017841504112748197,0.005698937222618225,0.04934282392506982
260,3.480572980878151,0.6317308486760205,B_30,0.5725130719255019,0.17582815956394907,0.014749569877904356,0.00506268060285126,0.03940552626974557
260,3.480572980878151,0.6317308486760205,B_60,0.580309627645307,0.16823782119103653,0.013239889942085572,0.004681814835629933,0.033499516252991586
261,8.932685225139421,0.6725850808706642,placebo,0.63352328233413,0.13758035004973165,0.0005189408231246393,0.027691294080270268,0.010851563633147734
261,8.932685225139421,0.6725850808706642,A_10,0.6423751443703981,0.1272770578344081,0.0004105940433258962,0.022758405661596405,0.007040936795336581
261,8.932685225139421,0.6725850808706642,A_30,0.6464295906529425,0.12286211622639186,0.00036936134049305597,0.020352408440756045,0.005433720436497646
261,8.932685225139421,0.6725850808706642,A_60,0.6482046462821452,0.12104711144939705,0.0003524247628007794,0.019263042937929655,0.004764966887823098
261,8.932685225139421,0.6725850808706642,B_10,0.6386941836366374,0.13147828625775315,0.0004519382199879368,0.024854289809622183,0.008584669204417117
261,8.932685225139421,0.6725850808706642,B_30,0.6430471279449388,0.12652672023122985,0.00040348248166756053,0.02236717073057576,0.006767299713496893
261,8.932685225139421,0.6725850808706642,B_60,0.645654788608582,0.12368171066241879,0.0003769499646384306,0.020820861699732896,0.005732480597732836
262,18.63166590513636,0.6867237356088242,placebo,0.6673105760465649,0.11019019230634523,0.00014912785212465717,0.004232659458222202,0.015031372251910381
262,18.63166590513636,0.6867237356088242,A_10,0.6732884117167609,0.10345349058133073,0.00013315924191789911,0.0035332385661258755,0.00976892608401267
262,18.63166590513636,0.6867237356088242,A_30,0.6753205655505611,0.10125008171429688,0.0001274196610507431,0.0032525699444885467,0.00802318045275742
262,18.63166590513636,0.6867237356088242,A_60,0.6761287820772627,0.10043011298114717,0.00012508026512248344,0.0031337938582826205,0.007336079408170983
262,18.63166590513636,0.6867237356088242,B_10,0.6711318079244096,0.10588073215420517,0.0001390530128019299,0.0038053438173814105,0.011647530854220113
262,18.63166590513636,0.6867237356088242,B_30,0.67364649261536,0.1030562390302011,0.00013216196332819073,0.0034855755587358444,0.009459505471385531
262,18.63166590513636,0.6867237356088242,B_60,0.6749539940969861,0.10163588163417381,0.00012846978105127854,0.003305066412210807,0.008336205318607645
263,2.2847676294540364,0.598648819178123,placebo,0.47363740183076347,0.28084924493182944,0.042159180440710424,0.03878992719254852,0.044062309714104575
263,2.2847676294540364,0.598648819178123,A_10,0.502729423914054,0.24409247804503492,0.02658997486744481,0.032688272670267325,0.03664114772635893
263,2.2847676294540364,0.598648819178123,A_30,0.5160985336751204,0.22829149547313848,0.021483900174829724,0.029542739101163715,0.03152364622700934
263,2.2847676294540364,0.598648819178123,A_60,0.5220741183971194,0.22155755272197225,0.019518692129722105,0.028090074460473118,0.028965934190806085
263,2.2847676294540364,0.598648819178123,B_10,0.49078433627940143,0.25887772402388537,0.03217832958272431,0.035345670076585275,0.040340483239403487
263,2.2847676294540364,0.598648819178123,B_30,0.5049224154027416,0.2414404003942648,0.025676004957742124,0.03218321475239763,0.035867184065232184
263,2.2847676294540364,0.598648819178123,B_60,0.5135152194926126,0.23127155293158602,0.022388890627844302,0.030162279484075145,0.032582429573595244
264,3.9110997960036666,0.6389285076155394,placebo,0.5572865746561153,0.1948070917540923,8.002994428670166e-05,0.03233314316633739,0.04922875984880017
264,3.9110997960036666,0.6389285076155394,A_10,0.5747711610324163,0.17570121267287395,5.8979528802749966e-05,0.02734248667542448,0.03675588037888291
264,3.9110997960036666,0.6389285076155394,A_30,0.5836089319781939,0.16699091085069903,5.1536769564091525e-05,0.024884683614902776,0.030383355252887916
264,3.9110997960036666,0.6389285076155394,A_60,0.587586182378463,0.16329816291000498,4.856300131628707e-05,0.02376648332650007,0.027527278909261956
264,3.9110997960036666,0.6389285076155394,B_10,0.5671527037942953,0.1837107892282928,6.674800262544513e-05,0.029470242259020528,0.042238813559601726
264,3.9110997960036666,0.6389285076155394,B_30,0.5762073179199295,0.17424255198672267,5.767470086846865e-05,0.026943970039232372,0.03571954495551023
264,3.9110997960036666,0.6389285076155394,B_60,0.5818907553501982,0.16863292461545693,5.288466454588453e-05,0.02536454291105403,0.03162032468973419
265,3.262143606005301,0.6274206706813981,placebo,0.5325542838191003,0.20030729103829062,0.07769823385373993,0.01375357179952185,0.003414581209036912
265,3.262143606005301,0.6274206706813981,A_10,0.541835045286262,0.18872699282267613,0.07112534721128663,0.012004621326105505,0.0024556568577416187
265,3.262143606005301,0.6274206706813981,A_30,0.548634099315818,0.1803069409906234,0.06637090151281795,0.010595844393968986,0.0018198254587597803
265,3.262143606005301,0.6274206706813981,A_60,0.5523636491144751,0.17575752190886393,0.06378532918039002,0.009773141547171096,0.0014985508393911963
265,3.262143606005301,0.6274206706813981,B_10,0.5372634710543651,0.19442567663737076,0.07435107097485631,0.012889782617118909,0.002916346035058525
265,3.262143606005301,0.6274206706813981,B_30,0.5428170743164292,0.18750538448101656,0.07043544274846923,0.011808142418490859,0.0023600111980027184
265,3.262143606005301,0.6274206706813981,B_60,0.5471608002136014,0.18212180096752004,0.06739673560778968,0.01091090385913572,0.0019522310008756349
266,23.962468968778097,0.689655817761917,placebo,0.674449503933807,0.10665602302362313,0.003083535591305829,0.007310136397080388,0.004812641839723674
266,23.962468968778097,0.689655817761917,A_10,0.6783578574194818,0.09965681681313239,0.002731610809983779,0.005788331853814211,0.0027780176786617035
266,23.962468968778097,0.689655817761917,A_30,0.6797788528066963,0.09716691710780812,0.0026027010178159846,0.005154442756725332,0.0021198211806874086
266,23.962468968778097,0.689655817761917,A_60,0.6803566521693175,0.09622404323655462,0.0025500335308725783,0.004883408896138635,0.001865723165573633
266,23.962468968778097,0.689655817761917,B_10,0.6769013142090204,0.1022895078798219,0.0028629892264559337,0.006391493108607792,0.0035000212178141364
266,23.962468968778097,0.689655817761917,B_30,0.6786048610603462,0.09921433958877496,0.0027092629598779966,0.005681441536351556,0.002660252205360712
266,23.962468968778097,0.689655817761917,B_60,0.6795191122306719,0.09760852345179089,0.0026263288979487217,0.005273764904534122,0.002236611728795673
267,3.139077188144191,0.6247090619488321,placebo,0.5268243579826221,0.22219624566141394,0.04833177969074101,0.016911508923253313,0.03264141535221556
267,3.139077188144191,0.6247090619488321,A_10,0.5504876303394146,0.1954777265285338,0.0355910464921518,0.014171766557493623,0.024458618559772095
267,3.139077188144191,0.6247090619488321,A_30,0.5631955553061928,0.18183996004500158,0.03005588705829988,0.012465574999075878,0.01899204458526455
267,3.139077188144191,0.6247090619488321,A_60,0.5690929260935406,0.17575112081106403,0.027709132749450555,0.011605446042095043,0.01630155706374514
267,3.139077188144191,0.6247090619488321,B_10,0.5400110799088629,0.20712362243517973,0.040787245773626,0.015450455454213117,0.028460280812124587
267,3.139077188144191,0.6247090619488321,B_30,0.5525105391167252,0.1932677984750463,0.034658947212485997,0.013912246347407583,0.02362732927221599
267,3.139077188144191,0.6247090619488321,B_60,0.5606780726814058,0.18449170542360913,0.031096192335602124,0.012818656247033725,0.020116140684802965
268,18.2201117989745,0.6864276006187698,placebo,0.6665920887843162,0.11072546067318263,5.538684257654403e-05,0.0075928812892534815,0.012187243702620703
268,18.2201117989745,0.6864276006187698,A_10,0.6709218144926696,0.10567214405924577,5.106451018306578e-05,0.0066338052947684835,0.008820916321139499
268,18.2201117989745,0.6864276006187698,A_30,0.6730852071818314,0.10317703436046306,4.883722133580434e-05,0.006091560633505808,0.0072019955821191655
268,18.2201117989745,0.6864276006187698,A_60,0.674066500230168,0.10209378683048781,4.780713408760369e-05,0.005829854729445498,0.006483438525088686
268,18.2201117989745,0.6864276006187698,B_10,0.6690584273531305,0.10785526862281995,5.294226002968925e-05,0.007065537827572456,0.010250693178032141
268,18.2201117989745,0.6864276006187698,B_30,0.6712723801804029,0.10526280329600303,5.070735581169767e-05,0.006549049879678382,0.008555463202873995
268,18.2201117989745,0.6864276006187698,B_60,0.6726630328754537,0.10365582936817695,4.9276423315876236e-05,0.006201057622459085,0.007514233697545186
269,5.200955808453559,0.6535719779333443,placebo,0.5897363521287213,0.16812912218558712,0.0002313522431996713,0.02569764458196252,0.037906628979462655
269,5.200955808453559,0.6535719779333443,A_10,0.5995015922999173,0.1580867639949901,0.00018925748058347215,0.02305659427395595,0.030824533878884723
269,5.200955808453559,0.6535719779333443,A_30,0.6070628898306051,0.15075224945266077,0.0001637783431100133,0.020994226223342696,0.025351083536269903
269,5.200955808453559,0.6535719779333443,A_60,0.6112885351903329,0.1468353980976172,0.000151239968071805,0.019811216254315915,0.022320986520634904
269,5.200955808453559,0.6535719779333443,B_10,0.5945903393344648,0.16305439912245676,0.00020875811843463783,0.02438068849188621,0.03439219198853971
269,5.200955808453559,0.6535719779333443,B_30,0.6005775652352028,0.15701976512377655,0.00018533768783879036,0.02276584270432956,0.030043232305976057
269,5.200955808453559,0.6535719779333443,B_60,0.6054053127600655,0.15232663846502686,0.00016899020299747733,0.02145117166528693,0.026546503304989748
270,0.607652752730822,0.38844720360665674,placebo,0.1608035589505911,0.6505250526397486,0.19221286729983136,0.004837265160553607,0.030593512195680576
270,0.607652752730822,0.38844720360665674,A_10,0.17219273826237627,0.6336747347240199,0.19258655243032974,0.0036253373083619676,0.020042575605579087
270,0.607652752730822,0.38844720360665674,A_30,0.17825977673234344,0.6251545423769924,0.19285934343049213,0.0030529906923460583,0.014275092751460708
270,0.607652752730822,0.38844720360665674,A_60,0.18098065070637928,0.6213736837516426,0.19299570669782515,0.0027843799481596875,0.011686466254287256
270,0.607652752730822,0.38844720360665674,B_10,0.16708574816474256,0.640981705784224,0.19238435038581356,0.0041185823991997305,0.02485852265690113
270,0.607652752730822,0.38844720360665674,B_30,0.17317371770046894,0.6322891764789841,0.19262878069992528,0.0035334234036093672,0.019111281802640694
270,0.607652752730822,0.38844720360665674,B_60,0.17707868390519974,0.6268047962381641,0.1928039263339109,0.0031662030135658522,0.015398390353973683
